scenario,model,ap_mean_baseline,ap_mean_with_side,f1_mean_baseline,f1_mean_with_side,recall_at_10pct_mean_baseline,recall_at_10pct_mean_with_side
cn7,catboost,0.48829224323450837,0.5429680590250916,0.46772486772486777,0.42182320221535907,0.728042328042328,0.8074074074074074
cn7,catboost_balanced,0.47726165121851033,0.5541004694173584,0.266693264500282,0.3115734427909223,0.9666666666666666,0.8999999999999999
cn7,dummy_prior,0.014037321846328511,0.014037321846328554,0.0,0.0,0.04550264550264549,0.0455026455026455
cn7,extratrees,0.5065551792024494,0.5283376546989047,0.4821598154931488,0.3647582724928263,0.8375661375661375,0.8666666666666667
cn7,extratrees_balanced,0.36694100389237033,0.328142686039982,0.23849648311380856,0.27367485064767394,0.8597883597883598,0.8664021164021164
cn7,lightgbm,0.4154263267811003,0.3714758087187988,0.21834818864122194,0.2689120342109727,0.9074074074074073,0.8629629629629629
cn7,lightgbm_balanced,0.4744095121741904,0.49661776716564027,0.19516335516335515,0.2664453998045329,0.9185185185185184,0.8814814814814815
cn7,logistic,0.5427628850350708,0.5517398833893242,0.5006783340116674,0.4970628137294804,0.7875661375661376,0.9089947089947089
cn7,logistic_balanced,0.5483881577974112,0.549394517252517,0.2990589657256324,0.41957671957671955,0.8208994708994708,0.9005291005291005
cn7,xgboost,0.1917745599045056,0.1974148891996582,0.1692427902740499,0.1763928491225798,0.6283068783068784,0.6394179894179894
cn7,xgboost_balanced,0.432922629145739,0.42339402744304366,0.20327874305922045,0.25124628457961795,0.91005291005291,0.8481481481481482
pooled,catboost,0.1825287057950699,0.2103486059031592,0.18959945081070947,0.20065965262043692,0.3576322551812747,0.3797730773220969
pooled,catboost_balanced,0.1458785088628176,0.16580435728317966,0.11183821099855638,0.1334067692385702,0.2450913556305713,0.36390006144908105
pooled,dummy_prior,0.017551022404750177,0.017551022404750198,0.0,0.0,0.051278659611992926,0.05127865961199295
pooled,extratrees,0.18072564724139367,0.20380038583927138,0.1927077962196487,0.17250275945229335,0.3411010558069381,0.4041674647066804
pooled,extratrees_balanced,0.1375202706285938,0.14380854857360031,0.11099590976989177,0.11083390557088246,0.2679137039431157,0.46088337044219396
pooled,lightgbm,0.15209995991172962,0.1431142372427224,0.06616368952326955,0.11972930199615996,0.34956177627746254,0.39440663729879416
pooled,lightgbm_balanced,0.11390638822430087,0.14208583532103072,0.12213672784857778,0.11482951819687291,0.2975640826131022,0.3803835779325975
pooled,logistic,0.18538230272650033,0.21852876466885557,0.20182837267460588,0.1908675155185047,0.3179308618034108,0.41083568755137384
pooled,logistic_balanced,0.16089728925938485,0.1739851510316732,0.12471496381698143,0.12908696242029574,0.2708814152441603,0.44296328217896846
pooled,xgboost,0.1451427312557968,0.14213863765628407,0.15494149583147604,0.14012056520421334,0.3531889678948502,0.42143615280870184
pooled,xgboost_balanced,0.10621753754611668,0.12135693968658412,0.12424622594213235,0.12267949810178365,0.28814561437110453,0.4105558747715611
rg3,catboost,0.024050742320909733,0.05419553345290118,0.03153966710193404,0.06254943771700996,0.04868125701459034,0.13391454224787558
rg3,catboost_balanced,0.02894749081432231,0.0572196303335889,0.0263275303912067,0.06782276629338588,0.06455427288760622,0.2032788199454866
rg3,dummy_prior,0.021150592216582022,0.021150592216582068,0.0,0.0,0.04409171075837741,0.04409171075837742
rg3,extratrees,0.02809762894804134,0.05146777919069653,0.028790985412331622,0.06449755504377354,0.05754769921436588,0.1886403719737053
rg3,extratrees_balanced,0.0296950329356173,0.06158853251164262,0.021183484075694623,0.05658827166032809,0.08096841430174763,0.2173480840147507
rg3,lightgbm,0.03396747004383153,0.056594925659730295,0.0241589627943462,0.04988356446156958,0.10944765111431777,0.1959636042969376
rg3,lightgbm_balanced,0.03829941346814566,0.06957503096140766,0.03543159972881617,0.06772496143113849,0.16918791085457752,0.23726952060285392
rg3,logistic,0.026476871258249154,0.05211115190501496,0.027014472004524046,0.0524764968004683,0.08619929453262784,0.11217332050665384
rg3,logistic_balanced,0.024670093423732577,0.0562960713049738,0.03907488213419144,0.059771173877595306,0.05445326278659611,0.1144179894179894
rg3,xgboost,0.026365228476109722,0.04876412246564585,0.02587912316812041,0.04865708170330571,0.04643658810325477,0.11169232002565337
rg3,xgboost_balanced,0.03826255339023442,0.07528734589885451,0.026009825770630865,0.06092493088542231,0.14882555715889045,0.26025733525733524
