scenario,model,variant,policy,ap_mean,ap_std,roc_auc_mean,roc_auc_std,f1_mean,f1_std,precision_mean,precision_std,recall_mean,recall_std,recall_at_10pct_mean,recall_at_10pct_std,precision_at_10pct_mean,precision_at_10pct_std
cn7,catboost,baseline,fixed_0.5,0.48829224323450837,0.12846469010206543,0.9473924831573799,0.03332512084802959,0.555379188712522,0.14235016841843087,1.0,0.0,0.3968253968253968,0.142121119818318,0.728042328042328,0.17527423353503804,0.09485094850948506,0.02263318846678873
cn7,catboost,baseline,inner_f1,0.48829224323450837,0.12846469010206543,0.9473924831573799,0.03332512084802959,0.46772486772486777,0.20175595994203996,0.7222222222222222,0.3632415786283894,0.3746031746031746,0.18569902257181373,0.728042328042328,0.17527423353503804,0.09485094850948506,0.02263318846678873
cn7,catboost,with_side,fixed_0.5,0.5429680590250916,0.1354710096075383,0.9389469026569588,0.04841391331198834,0.5315696649029982,0.16832217179426692,1.0,0.0,0.3783068783068783,0.16102898837476984,0.8074074074074074,0.1975740211342587,0.1084010840108401,0.04065040650406505
cn7,catboost,with_side,inner_f1,0.5429680590250916,0.1354710096075383,0.9389469026569588,0.04841391331198834,0.42182320221535907,0.24085213947537312,0.6262626262626263,0.44913126531144226,0.4246031746031746,0.2314978830168212,0.8074074074074074,0.1975740211342587,0.1084010840108401,0.04065040650406505
cn7,catboost_balanced,baseline,fixed_0.5,0.47726165121851033,0.1882646053265116,0.969189663788564,0.017200996615816463,0.280646059593428,0.14492990315020463,0.35145502645502646,0.3781808490631639,0.47433862433862434,0.32020883601901284,0.9666666666666666,0.10000000000000002,0.1300813008130081,0.03658536585365852
cn7,catboost_balanced,baseline,inner_f1,0.47726165121851033,0.1882646053265116,0.969189663788564,0.017200996615816463,0.266693264500282,0.18194911299367925,0.20873015873015874,0.16533160007046266,0.4616402116402117,0.32636952950739645,0.9666666666666666,0.10000000000000002,0.1300813008130081,0.03658536585365852
cn7,catboost_balanced,with_side,fixed_0.5,0.5541004694173584,0.15436273724972926,0.9714003085750996,0.018583217663397038,0.399724458547988,0.11135312260957114,0.4311965811965812,0.27829890301873855,0.5904761904761905,0.2962994555292648,0.8999999999999999,0.11989578808281796,0.12466124661246614,0.04792612244939674
cn7,catboost_balanced,with_side,inner_f1,0.5541004694173584,0.15436273724972926,0.9714003085750996,0.018583217663397038,0.3115734427909223,0.1391349463856113,0.2929329929329929,0.28214216294437977,0.6322751322751323,0.36277720480694264,0.8999999999999999,0.11989578808281796,0.12466124661246614,0.04792612244939674
cn7,dummy_prior,baseline,fixed_0.5,0.014037321846328511,0.005250579283344358,0.5,0.0,0.0,0.0,0.0,0.0,0.0,0.0,0.04550264550264549,0.07031316049772356,0.008130081300813,0.0121951219512195
cn7,dummy_prior,baseline,inner_f1,0.014037321846328511,0.005250579283344358,0.5,0.0,0.0,0.0,0.0,0.0,0.0,0.0,0.04550264550264549,0.07031316049772356,0.008130081300813,0.0121951219512195
cn7,dummy_prior,with_side,fixed_0.5,0.014037321846328554,0.0052505792833443575,0.5,0.0,0.0,0.0,0.0,0.0,0.0,0.0,0.0455026455026455,0.07031316049772357,0.008130081300813009,0.012195121951219514
cn7,dummy_prior,with_side,inner_f1,0.014037321846328554,0.0052505792833443575,0.5,0.0,0.0,0.0,0.0,0.0,0.0,0.0,0.0455026455026455,0.07031316049772357,0.008130081300813009,0.012195121951219514
cn7,extratrees,baseline,fixed_0.5,0.5065551792024494,0.12360473965500067,0.9597157565855952,0.02673784603670226,0.555379188712522,0.14235016841843087,1.0,0.0,0.3968253968253968,0.142121119818318,0.8375661375661375,0.2083631875812699,0.10840108401084009,0.027570447085875062
cn7,extratrees,baseline,inner_f1,0.5065551792024494,0.12360473965500067,0.9597157565855952,0.02673784603670226,0.4821598154931488,0.11513593898406844,0.7592592592592592,0.2900085141364042,0.3968253968253968,0.142121119818318,0.8375661375661375,0.2083631875812699,0.10840108401084009,0.027570447085875062
cn7,extratrees,with_side,fixed_0.5,0.5283376546989047,0.1268616869107345,0.9190784180792496,0.07300590056299162,0.4973544973544974,0.09679611839405133,0.8333333333333334,0.25,0.3968253968253968,0.142121119818318,0.8666666666666667,0.17853571071357124,0.11653116531165313,0.040036007324374415
cn7,extratrees,with_side,inner_f1,0.5283376546989047,0.1268616869107345,0.9190784180792496,0.07300590056299162,0.3647582724928263,0.11931172961446133,0.5237077737077738,0.38176008335058487,0.4468253968253968,0.19184774055368897,0.8666666666666667,0.17853571071357124,0.11653116531165313,0.040036007324374415
cn7,extratrees_balanced,baseline,fixed_0.5,0.36694100389237033,0.23853880458926882,0.9540882956099546,0.033441700505623256,0.2531950960021135,0.0924646852169813,0.180026455026455,0.0690521801084324,0.5246031746031746,0.2805586425819701,0.8597883597883598,0.14414324081451746,0.1138211382113821,0.02987182613150216
cn7,extratrees_balanced,baseline,inner_f1,0.36694100389237033,0.23853880458926882,0.9540882956099546,0.033441700505623256,0.23849648311380856,0.059366507716347196,0.15559226348700028,0.05118866193631919,0.6653439153439153,0.22574866346824105,0.8597883597883598,0.14414324081451746,0.1138211382113821,0.02987182613150216
cn7,extratrees_balanced,with_side,fixed_0.5,0.328142686039982,0.18696517763718862,0.9509886055425429,0.03703594870278454,0.3366092322232673,0.12454235915260399,0.2561253561253561,0.09900225084011494,0.5968253968253969,0.2943799933739829,0.8664021164021164,0.11205944504585902,0.11653116531165313,0.03401057018431202
cn7,extratrees_balanced,with_side,inner_f1,0.328142686039982,0.18696517763718862,0.9509886055425429,0.03703594870278454,0.27367485064767394,0.15043660356046115,0.1905901116427432,0.1177512958127231,0.6486772486772486,0.307673294068715,0.8664021164021164,0.11205944504585902,0.11653116531165313,0.03401057018431202
cn7,lightgbm,baseline,fixed_0.5,0.4154263267811003,0.2547307046869528,0.9572061720634335,0.02977625854736949,0.0,0.0,0.0,0.0,0.0,0.0,0.9074074074074073,0.14315665251916806,0.12195121951219508,0.03856436170937046
cn7,lightgbm,baseline,inner_f1,0.4154263267811003,0.2547307046869528,0.9572061720634335,0.02977625854736949,0.21834818864122194,0.09907305960511632,0.1366649081702845,0.07057218594469061,0.6595238095238095,0.31939835021873386,0.9074074074074073,0.14315665251916806,0.12195121951219508,0.03856436170937046
cn7,lightgbm,with_side,fixed_0.5,0.3714758087187988,0.21657630698597194,0.9579934598990261,0.02672557036168499,0.0,0.0,0.0,0.0,0.0,0.0,0.8629629629629629,0.135599947193988,0.11924119241192413,0.04792612244939674
cn7,lightgbm,with_side,inner_f1,0.3714758087187988,0.21657630698597194,0.9579934598990261,0.02672557036168499,0.2689120342109727,0.12179029480672648,0.17903278638572756,0.10224318880966154,0.6883597883597884,0.30995264351098983,0.8629629629629629,0.135599947193988,0.11924119241192413,0.04792612244939674
cn7,lightgbm_balanced,baseline,fixed_0.5,0.4744095121741904,0.21097516566837762,0.9637174608101877,0.030624713029121915,0.30475603372662197,0.1594318479811838,0.2202279202279202,0.1320929386899602,0.5722222222222223,0.27967830564512164,0.9185185185185184,0.12813958438523104,0.12466124661246611,0.04302034652137545
cn7,lightgbm_balanced,baseline,inner_f1,0.4744095121741904,0.21097516566837762,0.9637174608101877,0.030624713029121915,0.19516335516335515,0.16768482271416998,0.12410571884256091,0.11739847830017537,0.5478835978835979,0.4265502014136516,0.9185185185185184,0.12813958438523104,0.12466124661246611,0.04302034652137545
cn7,lightgbm_balanced,with_side,fixed_0.5,0.49661776716564027,0.24999817347886896,0.9666512563811432,0.02463075092629161,0.38679453262786595,0.18417709124433315,0.280711572378239,0.14676965461789818,0.6698412698412698,0.2911268084428233,0.8814814814814815,0.11530287544731806,0.12195121951219513,0.04723150422204168
cn7,lightgbm_balanced,with_side,inner_f1,0.49661776716564027,0.24999817347886896,0.9666512563811432,0.02463075092629161,0.2664453998045329,0.17725111444270603,0.19767025089605736,0.13230579693724628,0.5201058201058202,0.3744650589479477,0.8814814814814815,0.11530287544731806,0.12195121951219513,0.04723150422204168
cn7,logistic,baseline,fixed_0.5,0.5427628850350708,0.13870291792834,0.9554954354591789,0.02668194207415608,0.5299823633156966,0.10995556846889103,0.9444444444444444,0.16666666666666666,0.3968253968253968,0.142121119818318,0.7875661375661376,0.1869152930676484,0.10298102981029807,0.026656254163829295
cn7,logistic,baseline,inner_f1,0.5427628850350708,0.13870291792834,0.9554954354591789,0.02668194207415608,0.5006783340116674,0.13071359998082965,0.911111111111111,0.2666666666666667,0.3968253968253968,0.142121119818318,0.7875661375661376,0.1869152930676484,0.10298102981029807,0.026656254163829295
cn7,logistic,with_side,fixed_0.5,0.5517398833893242,0.11438828105741172,0.9656574441641784,0.020348404265723992,0.5498236331569664,0.1322255197964445,0.9259259259259258,0.14698618394803284,0.41904761904761906,0.157485197087178,0.9089947089947089,0.12113513668786614,0.12195121951219513,0.03658536585365854
cn7,logistic,with_side,inner_f1,0.5517398833893242,0.11438828105741172,0.9656574441641784,0.020348404265723992,0.4970628137294804,0.147117563990924,0.8185185185185184,0.2967935642042907,0.41904761904761906,0.157485197087178,0.9089947089947089,0.12113513668786614,0.12195121951219513,0.03658536585365854
cn7,logistic_balanced,baseline,fixed_0.5,0.5483881577974112,0.1352630745895886,0.9514438612175304,0.03167970796204421,0.2540628759945098,0.05045491069778023,0.17434879934879932,0.06425463458181298,0.685978835978836,0.2806254262920277,0.8208994708994708,0.15287205913804056,0.10840108401084009,0.027570447085875083
cn7,logistic_balanced,baseline,inner_f1,0.5483881577974112,0.1352630745895886,0.9514438612175304,0.03167970796204421,0.2990589657256324,0.2515212827268014,0.3796296296296296,0.3933278405140638,0.2873015873015873,0.24604582653000734,0.8208994708994708,0.15287205913804056,0.10840108401084009,0.027570447085875083
cn7,logistic_balanced,with_side,fixed_0.5,0.549394517252517,0.10072104544178678,0.964695063712104,0.024837607527250182,0.29635731390117354,0.09606981421401094,0.20719272557507853,0.07680030402227825,0.6240740740740741,0.27238876852662397,0.9005291005291005,0.12785169901606722,0.11924119241192413,0.02845528455284553
cn7,logistic_balanced,with_side,inner_f1,0.549394517252517,0.10072104544178678,0.964695063712104,0.024837607527250182,0.41957671957671955,0.0937952880450869,0.6567760942760943,0.3545181595438843,0.47275132275132276,0.311334245378948,0.9005291005291005,0.12785169901606722,0.11924119241192413,0.02845528455284553
cn7,xgboost,baseline,fixed_0.5,0.1917745599045056,0.14751996015889826,0.9206970338678678,0.039804135187149266,0.0,0.0,0.0,0.0,0.0,0.0,0.6283068783068784,0.2800035543092265,0.08401084010840104,0.044157644273171606
cn7,xgboost,baseline,inner_f1,0.1917745599045056,0.14751996015889826,0.9206970338678678,0.039804135187149266,0.1692427902740499,0.10642961482896132,0.10006688963210698,0.06651860355617761,0.6486772486772486,0.29977814716177537,0.6283068783068784,0.2800035543092265,0.08401084010840104,0.044157644273171606
cn7,xgboost,with_side,fixed_0.5,0.1974148891996582,0.1406683578686371,0.9210219791573502,0.04209045791638715,0.0,0.0,0.0,0.0,0.0,0.0,0.6394179894179894,0.2762343743621331,0.08672086720867209,0.04740611296622196
cn7,xgboost,with_side,inner_f1,0.1974148891996582,0.1406683578686371,0.9210219791573502,0.04209045791638715,0.1763928491225798,0.09392784786009459,0.1045604926069407,0.05887815696903178,0.6812169312169313,0.24511220891858357,0.6394179894179894,0.2762343743621331,0.08672086720867209,0.04740611296622196
cn7,xgboost_balanced,baseline,fixed_0.5,0.432922629145739,0.23871909586205098,0.9547010201701416,0.04245768359080939,0.28907768157768154,0.14431854360511676,0.2259157509157509,0.12190894297343519,0.4534391534391534,0.2028814228955176,0.91005291005291,0.11476695415794506,0.12195121951219508,0.03449301371641693
cn7,xgboost_balanced,baseline,inner_f1,0.432922629145739,0.23871909586205098,0.9547010201701416,0.04245768359080939,0.20327874305922045,0.16440393514080837,0.13500481000481,0.11733242853464758,0.5722222222222223,0.43525216190668653,0.91005291005291,0.11476695415794506,0.12195121951219508,0.03449301371641693
cn7,xgboost_balanced,with_side,fixed_0.5,0.42339402744304366,0.2476712586421777,0.953293752675013,0.04291470344653022,0.38018705414341086,0.15469311003964853,0.3126358826358826,0.1431609953093754,0.5563492063492064,0.24599974190204557,0.8481481481481482,0.12002443166926834,0.11653116531165313,0.04359270445025858
cn7,xgboost_balanced,with_side,inner_f1,0.42339402744304366,0.2476712586421777,0.953293752675013,0.04291470344653022,0.25124628457961795,0.22717035044140255,0.1812876870847885,0.202147811184201,0.5396825396825397,0.38216139993582166,0.8481481481481482,0.12002443166926834,0.11653116531165313,0.04359270445025858
pooled,catboost,baseline,fixed_0.5,0.1825287057950699,0.06773708344018463,0.7031505572024754,0.08787109977100517,0.2337668046130378,0.10221389354434075,0.8888888888888888,0.3333333333333333,0.13554510123137573,0.06222525249560359,0.3576322551812747,0.10245344951844008,0.0625,0.02253469547164993
pooled,catboost,baseline,inner_f1,0.1825287057950699,0.06773708344018463,0.7031505572024754,0.08787109977100517,0.18959945081070947,0.1070663665694527,0.6817294281729428,0.478078149949805,0.21579201481162263,0.27834892138285816,0.3576322551812747,0.10245344951844008,0.0625,0.02253469547164993
pooled,catboost,with_side,fixed_0.5,0.2103486059031592,0.0717591731665357,0.8346293901393004,0.040016021760584684,0.19020891007475116,0.09441438388058329,0.8888888888888888,0.3333333333333333,0.10770796922757707,0.056360225949258734,0.3797730773220969,0.0777890372552392,0.06666666666666667,0.020728904939721245
pooled,catboost,with_side,inner_f1,0.2103486059031592,0.0717591731665357,0.8346293901393004,0.040016021760584684,0.20065965262043692,0.08757618150695494,0.5893710278325662,0.41831941673604356,0.19146376499317677,0.1866700074009721,0.3797730773220969,0.0777890372552392,0.06666666666666667,0.020728904939721245
pooled,catboost_balanced,baseline,fixed_0.5,0.1458785088628176,0.07204116407917457,0.6946400956135093,0.07400844053898821,0.08893723656521875,0.05580684185412938,0.0565244194276452,0.03548459470651713,0.21611951048225558,0.13906988910423468,0.2450913556305713,0.14766524449623383,0.044444444444444446,0.027322660517925
pooled,catboost_balanced,baseline,inner_f1,0.1458785088628176,0.07204116407917457,0.6946400956135093,0.07400844053898821,0.11183821099855638,0.10376172902456492,0.3154855643044619,0.4214216610978046,0.13111518111518108,0.15345352049828379,0.2450913556305713,0.14766524449623383,0.044444444444444446,0.027322660517925
pooled,catboost_balanced,with_side,fixed_0.5,0.16580435728317966,0.08622739060254749,0.8182255466338814,0.057296014252850365,0.11738745305948425,0.04532454682537515,0.07392121072755965,0.029093898024641202,0.2993021140079964,0.11192817184765749,0.36390006144908105,0.0955349682707891,0.06388888888888888,0.02291666666666667
pooled,catboost_balanced,with_side,inner_f1,0.16580435728317966,0.08622739060254749,0.8182255466338814,0.057296014252850365,0.1334067692385702,0.046957620401480396,0.12756583226474852,0.08726346623486811,0.2373344066971518,0.1443985990111038,0.36390006144908105,0.0955349682707891,0.06388888888888888,0.02291666666666667
pooled,dummy_prior,baseline,fixed_0.5,0.017551022404750177,0.004431118945991953,0.5,0.0,0.0,0.0,0.0,0.0,0.0,0.0,0.051278659611992926,0.055902325415339134,0.008333333333333335,0.008838834764831846
pooled,dummy_prior,baseline,inner_f1,0.017551022404750177,0.004431118945991953,0.5,0.0,0.0,0.0,0.0,0.0,0.0,0.0,0.051278659611992926,0.055902325415339134,0.008333333333333335,0.008838834764831846
pooled,dummy_prior,with_side,fixed_0.5,0.017551022404750198,0.004431118945991958,0.5,0.0,0.0,0.0,0.0,0.0,0.0,0.0,0.05127865961199295,0.055902325415339155,0.008333333333333335,0.008838834764831846
pooled,dummy_prior,with_side,inner_f1,0.017551022404750198,0.004431118945991958,0.5,0.0,0.0,0.0,0.0,0.0,0.0,0.0,0.05127865961199295,0.055902325415339155,0.008333333333333335,0.008838834764831846
pooled,extratrees,baseline,fixed_0.5,0.18072564724139367,0.06906364667240701,0.74127856608591,0.06008934967710797,0.1827575474634298,0.10719930204092018,0.6111111111111112,0.4166666666666667,0.11085374320668437,0.06740589653339277,0.3411010558069381,0.08778194057274032,0.05972222222222222,0.02144922946038958
pooled,extratrees,baseline,inner_f1,0.18072564724139367,0.06906364667240701,0.74127856608591,0.06008934967710797,0.1927077962196487,0.09105586487067452,0.6168582375478927,0.40743843390266904,0.14789078024372138,0.0874724068831181,0.3411010558069381,0.08778194057274032,0.05972222222222222,0.02144922946038958
pooled,extratrees,with_side,fixed_0.5,0.20380038583927138,0.07142411631208627,0.8494402794145084,0.03072077995327611,0.18275754746342981,0.1071993020409202,0.6111111111111112,0.4166666666666667,0.11085374320668438,0.06740589653339277,0.4041674647066804,0.10111315312681901,0.06944444444444445,0.02263079269000045
pooled,extratrees,with_side,inner_f1,0.20380038583927138,0.07142411631208627,0.8494402794145084,0.03072077995327611,0.17250275945229335,0.0787828377649291,0.4524716399969949,0.4340557251312358,0.19584899486860272,0.17542685751831436,0.4041674647066804,0.10111315312681901,0.06944444444444445,0.02263079269000045
pooled,extratrees_balanced,baseline,fixed_0.5,0.1375202706285938,0.08526147064597688,0.7261397606585914,0.056378850078570894,0.11662066369049169,0.0627297641188525,0.08645776881070995,0.0450854909680957,0.18619969355263472,0.1146269891046155,0.2679137039431157,0.15702604150161603,0.04583333333333333,0.028641098093473996
pooled,extratrees_balanced,baseline,inner_f1,0.1375202706285938,0.08526147064597688,0.7261397606585914,0.056378850078570894,0.11099590976989177,0.07334266449150752,0.17091570178060328,0.19791633570816444,0.1877496867692946,0.12942143252687557,0.2679137039431157,0.15702604150161603,0.04583333333333333,0.028641098093473996
pooled,extratrees_balanced,with_side,fixed_0.5,0.14380854857360031,0.06383305350137511,0.8521228045823455,0.04859037600698694,0.12812138687012956,0.052817401648266996,0.0834916733632742,0.03592975844049723,0.3001515278476063,0.12343258005576921,0.46088337044219396,0.10400049459403418,0.07916666666666666,0.021650635094610966
pooled,extratrees_balanced,with_side,inner_f1,0.14380854857360031,0.06383305350137511,0.8521228045823455,0.04859037600698694,0.11083390557088246,0.06397184738620597,0.10953639891466588,0.08700262425078188,0.2584880533409945,0.2011653252694532,0.46088337044219396,0.10400049459403418,0.07916666666666666,0.021650635094610966
pooled,lightgbm,baseline,fixed_0.5,0.15209995991172962,0.08283936741101083,0.7253620138087765,0.07148859230287231,0.0,0.0,0.0,0.0,0.0,0.0,0.34956177627746254,0.09368991953379896,0.05972222222222222,0.019543398999264286
pooled,lightgbm,baseline,inner_f1,0.15209995991172962,0.08283936741101083,0.7253620138087765,0.07148859230287231,0.06616368952326955,0.06836265380751431,0.06700658299495507,0.10591487851999368,0.1338494657122108,0.15756134299186908,0.34956177627746254,0.09368991953379896,0.05972222222222222,0.019543398999264286
pooled,lightgbm,with_side,fixed_0.5,0.1431142372427224,0.06491214931270685,0.8209453271897093,0.059847756093338846,0.0,0.0,0.0,0.0,0.0,0.0,0.39440663729879416,0.08083806486293978,0.06805555555555556,0.020833333333333332
pooled,lightgbm,with_side,inner_f1,0.1431142372427224,0.06491214931270685,0.8209453271897093,0.059847756093338846,0.11972930199615996,0.06680771006767386,0.08889240585722218,0.061447765412914294,0.21941112627387138,0.1239084518609938,0.39440663729879416,0.08083806486293978,0.06805555555555556,0.020833333333333332
pooled,lightgbm_balanced,baseline,fixed_0.5,0.11390638822430087,0.06446918977337011,0.7114369530927525,0.0690749485328034,0.10182288880270104,0.04483490519707527,0.0679066352750563,0.03036230300312863,0.2160686354313805,0.09815821228811164,0.2975640826131022,0.12617187178640635,0.05277777777777778,0.025600428598842727
pooled,lightgbm_balanced,baseline,inner_f1,0.11390638822430087,0.06446918977337011,0.7114369530927525,0.0690749485328034,0.12213672784857778,0.09730024429628314,0.1904930419656447,0.21231816715722682,0.1594194657920148,0.1081055752981354,0.2975640826131022,0.12617187178640635,0.05277777777777778,0.025600428598842727
pooled,lightgbm_balanced,with_side,fixed_0.5,0.14208583532103072,0.06980253903564719,0.8215108792458317,0.06374940553238384,0.131267348640044,0.052897738403652965,0.086789934057671,0.03598781613375775,0.28618483005737905,0.11353962023892822,0.3803835779325975,0.11537281915269962,0.06666666666666667,0.025769410160110376
pooled,lightgbm_balanced,with_side,inner_f1,0.14208583532103072,0.06980253903564719,0.8215108792458317,0.06374940553238384,0.11482951819687291,0.03305491597356733,0.08663177687366433,0.038457306084012245,0.2913179231806683,0.17410033907725483,0.3803835779325975,0.11537281915269962,0.06666666666666667,0.025769410160110376
pooled,logistic,baseline,fixed_0.5,0.18538230272650033,0.06459352472866499,0.6980401546614077,0.07488092835591656,0.2315390129115619,0.10299922919417366,0.8333333333333334,0.3535533905932738,0.13554510123137573,0.06222525249560359,0.3179308618034108,0.04912808299011874,0.05555555555555555,0.015450413514782631
pooled,logistic,baseline,inner_f1,0.18538230272650033,0.06459352472866499,0.6980401546614077,0.07488092835591656,0.20182837267460588,0.101467400105896,0.7822001105583195,0.4322977854714191,0.20961917530544982,0.26019393714945027,0.3179308618034108,0.04912808299011874,0.05555555555555555,0.015450413514782631
pooled,logistic,with_side,fixed_0.5,0.21852876466885557,0.0687171207791346,0.8245939081210981,0.04853851915002619,0.22944581695871685,0.10222612024312308,0.7777777777777778,0.3333333333333333,0.13554510123137575,0.06222525249560359,0.41083568755137384,0.10134911820427571,0.07222222222222223,0.02708333333333333
pooled,logistic,with_side,inner_f1,0.21852876466885557,0.0687171207791346,0.8245939081210981,0.04853851915002619,0.1908675155185047,0.08326653242197025,0.48570575183478404,0.42762226425844113,0.24295250863878312,0.26200403326683736,0.41083568755137384,0.10134911820427571,0.07222222222222223,0.02708333333333333
pooled,logistic_balanced,baseline,fixed_0.5,0.16089728925938485,0.0601294004415179,0.7050254983241148,0.05686520299597825,0.06459698798844676,0.02163554558691222,0.03466704755235797,0.011789901038574736,0.49483398772614456,0.1319978913583929,0.2708814152441603,0.10533705324701845,0.04861111111111111,0.023753654689565373
pooled,logistic_balanced,baseline,inner_f1,0.16089728925938485,0.0601294004415179,0.7050254983241148,0.05686520299597825,0.12471496381698143,0.09833833294216643,0.2874779541446208,0.33542375927999135,0.09696485431779549,0.07640415874669682,0.2708814152441603,0.10533705324701845,0.04861111111111111,0.023753654689565373
pooled,logistic_balanced,with_side,fixed_0.5,0.1739851510316732,0.06144053447455209,0.8365061539903951,0.03418247261407991,0.10326446068824098,0.031093494995795338,0.05653557927372911,0.017265176129828152,0.630777211169368,0.1725463116955319,0.44296328217896846,0.11545532810733358,0.0763888888888889,0.025344843876242584
pooled,logistic_balanced,with_side,inner_f1,0.1739851510316732,0.06144053447455209,0.8365061539903951,0.03418247261407991,0.12908696242029574,0.06457891690770151,0.35727995201679413,0.3100943256225218,0.11161367680975524,0.07831293223840494,0.44296328217896846,0.11545532810733358,0.0763888888888889,0.025344843876242584
pooled,xgboost,baseline,fixed_0.5,0.1451427312557968,0.07174538890535839,0.712366378757555,0.055395621427146796,0.0,0.0,0.0,0.0,0.0,0.0,0.3531889678948502,0.06956941974879025,0.061111111111111116,0.01816207893141947
pooled,xgboost,baseline,inner_f1,0.1451427312557968,0.07174538890535839,0.712366378757555,0.055395621427146796,0.15494149583147604,0.0729329739794835,0.13638629888629883,0.08455733611122554,0.27021156040763883,0.19775942913432726,0.3531889678948502,0.06956941974879025,0.061111111111111116,0.01816207893141947
pooled,xgboost,with_side,fixed_0.5,0.14213863765628407,0.06324618432211286,0.8157861421855781,0.05755022717609471,0.0,0.0,0.0,0.0,0.0,0.0,0.42143615280870184,0.11813596091598885,0.07083333333333333,0.020728904939721248
pooled,xgboost,with_side,inner_f1,0.14213863765628407,0.06324618432211286,0.8157861421855781,0.05755022717609471,0.14012056520421334,0.05176430603525829,0.09792221614060695,0.04548050801404423,0.33612866799141305,0.19831672260529987,0.42143615280870184,0.11813596091598885,0.07083333333333333,0.020728904939721248
pooled,xgboost_balanced,baseline,fixed_0.5,0.10621753754611668,0.05972483824095451,0.7101450781881217,0.07926607351921368,0.11066032898377544,0.05539571493981734,0.0752110620269188,0.03830776034940245,0.22248397934672445,0.11318210949895431,0.28814561437110453,0.10735389607750737,0.051388888888888894,0.023753654689565373
pooled,xgboost_balanced,baseline,inner_f1,0.10621753754611668,0.05972483824095451,0.7101450781881217,0.07926607351921368,0.12424622594213235,0.08197247346441774,0.15888365060656925,0.1537503576558378,0.13985800873055773,0.07699141959917938,0.28814561437110453,0.10735389607750737,0.051388888888888894,0.023753654689565373
pooled,xgboost_balanced,with_side,fixed_0.5,0.12135693968658412,0.047212164550319714,0.8155288714868679,0.0675553299508169,0.13355498848391062,0.060633705634691615,0.09173351283729918,0.04369102000462253,0.2619564349956507,0.11204195739030338,0.4105558747715611,0.06918352683642814,0.07083333333333333,0.018750000000000003
pooled,xgboost_balanced,with_side,inner_f1,0.12135693968658412,0.047212164550319714,0.8155288714868679,0.0675553299508169,0.12267949810178365,0.05959491412279909,0.11408765526412584,0.09378644549392619,0.2308736742560272,0.14202976744519694,0.4105558747715611,0.06918352683642814,0.07083333333333333,0.018750000000000003
rg3,catboost,baseline,fixed_0.5,0.024050742320909733,0.0080625786762477,0.4456177436018002,0.07667645460803321,0.0,0.0,0.0,0.0,0.0,0.0,0.04868125701459034,0.058365269824960216,0.011111111111111112,0.013176156917368249
rg3,catboost,baseline,inner_f1,0.024050742320909733,0.0080625786762477,0.4456177436018002,0.07667645460803321,0.03153966710193404,0.01568623093338366,0.01662533711226942,0.00837358895302734,0.5355820105820106,0.395218173782382,0.04868125701459034,0.058365269824960216,0.011111111111111112,0.013176156917368249
rg3,catboost,with_side,fixed_0.5,0.05419553345290118,0.024144372487266346,0.7333602445926004,0.04339503808258038,0.0,0.0,0.0,0.0,0.0,0.0,0.13391454224787558,0.11628999314018107,0.030555555555555558,0.027322660517925004
rg3,catboost,with_side,inner_f1,0.05419553345290118,0.024144372487266346,0.7333602445926004,0.04339503808258038,0.06254943771700996,0.030089606731494387,0.03311682359920891,0.01586635561541064,0.6644620811287478,0.39050074484389397,0.13391454224787558,0.11628999314018107,0.030555555555555558,0.027322660517925004
rg3,catboost_balanced,baseline,fixed_0.5,0.02894749081432231,0.010087747990485833,0.4834078459699777,0.06778456977629244,0.018864365214110532,0.0387941439538514,0.015740740740740736,0.034471315683307927,0.028218694885361544,0.05655438710696281,0.06455427288760622,0.06273326148014209,0.013888888888888888,0.013176156917368249
rg3,catboost_balanced,baseline,inner_f1,0.02894749081432231,0.010087747990485833,0.4834078459699777,0.06778456977629244,0.0263275303912067,0.02002560949829354,0.013829254210539967,0.0102942814704682,0.37495590828924164,0.42319807400004855,0.06455427288760622,0.06273326148014209,0.013888888888888888,0.013176156917368249
rg3,catboost_balanced,with_side,fixed_0.5,0.0572196303335889,0.021363703548418943,0.746623725366667,0.04332262133116186,0.08334034748492089,0.04624516507710529,0.06340012263214877,0.04497433851460675,0.14449655282988616,0.07738693755951062,0.2032788199454866,0.10249713953533884,0.044444444444444446,0.027322660517925007
rg3,catboost_balanced,with_side,inner_f1,0.0572196303335889,0.021363703548418943,0.746623725366667,0.04332262133116186,0.06782276629338588,0.02111899177650991,0.03895076997985975,0.010597984060964218,0.49589947089947084,0.40772066737558227,0.2032788199454866,0.10249713953533884,0.044444444444444446,0.027322660517925007
rg3,dummy_prior,baseline,fixed_0.5,0.021150592216582022,0.0038071065989847695,0.5,0.0,0.0,0.0,0.0,0.0,0.0,0.0,0.04409171075837741,0.06676946806414794,0.008333333333333335,0.0125
rg3,dummy_prior,baseline,inner_f1,0.021150592216582022,0.0038071065989847695,0.5,0.0,0.0,0.0,0.0,0.0,0.0,0.0,0.04409171075837741,0.06676946806414794,0.008333333333333335,0.0125
rg3,dummy_prior,with_side,fixed_0.5,0.021150592216582068,0.0038071065989847704,0.5,0.0,0.0,0.0,0.0,0.0,0.0,0.0,0.04409171075837742,0.06676946806414795,0.008333333333333335,0.0125
rg3,dummy_prior,with_side,inner_f1,0.021150592216582068,0.0038071065989847704,0.5,0.0,0.0,0.0,0.0,0.0,0.0,0.0,0.04409171075837742,0.06676946806414795,0.008333333333333335,0.0125
rg3,extratrees,baseline,fixed_0.5,0.02809762894804134,0.014273551647976588,0.49224769887781483,0.0632026220072122,0.0,0.0,0.0,0.0,0.0,0.0,0.05754769921436588,0.07178343392473202,0.013888888888888888,0.018162078931419474
rg3,extratrees,baseline,inner_f1,0.02809762894804134,0.014273551647976588,0.49224769887781483,0.0632026220072122,0.028790985412331622,0.02405391199072311,0.015766571395845478,0.013379602574854984,0.3102733686067019,0.3330963611345363,0.05754769921436588,0.07178343392473202,0.013888888888888888,0.018162078931419474
rg3,extratrees,with_side,fixed_0.5,0.05146777919069653,0.02252315858746854,0.7365704891957294,0.048373419740475446,0.0,0.0,0.0,0.0,0.0,0.0,0.1886403719737053,0.11520797089920078,0.041666666666666664,0.03061862178478973
rg3,extratrees,with_side,inner_f1,0.05146777919069653,0.02252315858746854,0.7365704891957294,0.048373419740475446,0.06449755504377354,0.040070095277485195,0.034446254710381735,0.021801261694346197,0.625,0.41550764726809974,0.1886403719737053,0.11520797089920078,0.041666666666666664,0.03061862178478973
rg3,extratrees_balanced,baseline,fixed_0.5,0.0296950329356173,0.016212531858445983,0.47619953827841566,0.07144288080524351,0.0130718954248366,0.039215686274509796,0.013888888888888888,0.041666666666666664,0.012345679012345678,0.037037037037037035,0.08096841430174763,0.12161823938960599,0.019444444444444445,0.0325427069829444
rg3,extratrees_balanced,baseline,inner_f1,0.0296950329356173,0.016212531858445983,0.47619953827841566,0.07144288080524351,0.021183484075694623,0.021686210647333903,0.010982836481882367,0.011181590452325143,0.36155202821869487,0.4273776567482679,0.08096841430174763,0.12161823938960599,0.019444444444444445,0.0325427069829444
rg3,extratrees_balanced,with_side,fixed_0.5,0.06158853251164262,0.031077421423493876,0.7414743243631252,0.03520650269124046,0.07790588031575041,0.04942796164303687,0.04797431566044809,0.03115847762234714,0.2284591951258618,0.1460019379119518,0.2173480840147507,0.12464796848315081,0.04722222222222223,0.03410563654946854
rg3,extratrees_balanced,with_side,inner_f1,0.06158853251164262,0.031077421423493876,0.7414743243631252,0.03520650269124046,0.05658827166032809,0.057027700565456856,0.04430424119525271,0.06371573702097927,0.36507936507936506,0.4588784293801195,0.2173480840147507,0.12464796848315081,0.04722222222222223,0.03410563654946854
rg3,lightgbm,baseline,fixed_0.5,0.03396747004383153,0.028779283296074494,0.45677628823796174,0.12590229920224486,0.0,0.0,0.0,0.0,0.0,0.0,0.10944765111431777,0.11256646128141083,0.025,0.02795084971874737
rg3,lightgbm,baseline,inner_f1,0.03396747004383153,0.028779283296074494,0.45677628823796174,0.12590229920224486,0.0241589627943462,0.02448135141014413,0.013017602972556611,0.013241895159870974,0.2535273368606702,0.35324395411283394,0.10944765111431777,0.11256646128141083,0.025,0.02795084971874737
rg3,lightgbm,with_side,fixed_0.5,0.056594925659730295,0.03423567013367585,0.721995655951398,0.06897797641505034,0.0,0.0,0.0,0.0,0.0,0.0,0.1959636042969376,0.14964775551839124,0.044444444444444446,0.03908679799852858
rg3,lightgbm,with_side,inner_f1,0.056594925659730295,0.03423567013367585,0.721995655951398,0.06897797641505034,0.04988356446156958,0.05033421805775879,0.029344730349038048,0.03070244111145007,0.2872574955908289,0.3696841479189852,0.1959636042969376,0.14964775551839124,0.044444444444444446,0.03908679799852858
rg3,lightgbm_balanced,baseline,fixed_0.5,0.03829941346814566,0.02289831916180934,0.492650120069492,0.10442414705343989,0.05107916224792805,0.061626981220011694,0.04691358024691357,0.06230594015281748,0.08042728876062208,0.10993628434465129,0.16918791085457752,0.08083650190062915,0.036111111111111115,0.018162078931419474
rg3,lightgbm_balanced,baseline,inner_f1,0.03829941346814566,0.02289831916180934,0.492650120069492,0.10442414705343989,0.03543159972881617,0.051809481611559516,0.022835207220483197,0.03717473849661322,0.1922398589065256,0.3255365983626845,0.16918791085457752,0.08083650190062915,0.036111111111111115,0.018162078931419474
rg3,lightgbm_balanced,with_side,fixed_0.5,0.06957503096140766,0.035114837000557286,0.7245817845195796,0.06517085360950048,0.10093692277600323,0.07260820952302008,0.07499238280709834,0.06176937391709544,0.1792889209555876,0.11332213426428443,0.23726952060285392,0.0972114467086119,0.05,0.021650635094610966
rg3,lightgbm_balanced,with_side,inner_f1,0.06957503096140766,0.035114837000557286,0.7245817845195796,0.06517085360950048,0.06772496143113849,0.06034652108057482,0.044133427326578274,0.051412013247402764,0.4095679012345679,0.405106084431408,0.23726952060285392,0.0972114467086119,0.05,0.021650635094610966
rg3,logistic,baseline,fixed_0.5,0.026476871258249154,0.009562680780023458,0.42591406080870875,0.06620810951409162,0.0,0.0,0.0,0.0,0.0,0.0,0.08619929453262784,0.06582930808092352,0.01666666666666667,0.0125
rg3,logistic,baseline,inner_f1,0.026476871258249154,0.009562680780023458,0.42591406080870875,0.06620810951409162,0.027014472004524046,0.018971135167721722,0.014361596820660167,0.010125995478480051,0.4354938271604938,0.4426042149411552,0.08619929453262784,0.06582930808092352,0.01666666666666667,0.0125
rg3,logistic,with_side,fixed_0.5,0.05211115190501496,0.01904121628688609,0.7067666988376851,0.04122824975872439,0.0,0.0,0.0,0.0,0.0,0.0,0.11217332050665384,0.08498831973060259,0.022222222222222223,0.015023130314433291
rg3,logistic,with_side,inner_f1,0.05211115190501496,0.01904121628688609,0.7067666988376851,0.04122824975872439,0.0524764968004683,0.029073116303030323,0.028687361861782043,0.01541600968837196,0.4354938271604938,0.3806285366606279,0.11217332050665384,0.08498831973060259,0.022222222222222223,0.015023130314433291
rg3,logistic_balanced,baseline,fixed_0.5,0.024670093423732577,0.009830722424367272,0.41943256896539644,0.06771736903402033,0.018519993718935923,0.015427959663168815,0.009871265658426222,0.008193686913932647,0.16005291005291003,0.1497457322548667,0.05445326278659611,0.06522854133452877,0.011111111111111112,0.013176156917368249
rg3,logistic_balanced,baseline,inner_f1,0.024670093423732577,0.009830722424367272,0.41943256896539644,0.06771736903402033,0.03907488213419144,0.01875325664678513,0.021815160980745412,0.01150818991533016,0.5092592592592592,0.43949196488764875,0.05445326278659611,0.06522854133452877,0.011111111111111112,0.013176156917368249
rg3,logistic_balanced,with_side,fixed_0.5,0.0562960713049738,0.039250340747134994,0.7147049388398015,0.03319114762582139,0.04591925257686429,0.022724368261611227,0.025102772495658822,0.012793626155809631,0.2886403719737053,0.13039272315732386,0.1144179894179894,0.10122937316527063,0.022222222222222223,0.019543398999264293
rg3,logistic_balanced,with_side,inner_f1,0.0562960713049738,0.039250340747134994,0.7147049388398015,0.03319114762582139,0.059771173877595306,0.040904382259148955,0.0355177008886903,0.02604675247116965,0.39814814814814814,0.4014610191057484,0.1144179894179894,0.10122937316527063,0.022222222222222223,0.019543398999264293
rg3,xgboost,baseline,fixed_0.5,0.026365228476109722,0.02030082380565453,0.3712126022785215,0.08964874486497654,0.0,0.0,0.0,0.0,0.0,0.0,0.04643658810325477,0.07212950143662873,0.011111111111111112,0.018162078931419474
rg3,xgboost,baseline,inner_f1,0.026365228476109722,0.02030082380565453,0.3712126022785215,0.08964874486497654,0.02587912316812041,0.02196359277644603,0.013449229509627677,0.011462722528211636,0.4221781305114638,0.40123269036520226,0.04643658810325477,0.07212950143662873,0.011111111111111112,0.018162078931419474
rg3,xgboost,with_side,fixed_0.5,0.04876412246564585,0.04092473811465497,0.6402310191537451,0.06998882225306118,0.0,0.0,0.0,0.0,0.0,0.0,0.11169232002565337,0.12109308015481966,0.025,0.02795084971874737
rg3,xgboost,with_side,inner_f1,0.04876412246564585,0.04092473811465497,0.6402310191537451,0.06998882225306118,0.04865708170330571,0.029097935724170083,0.02582687512438651,0.015619679063868816,0.5059523809523809,0.36673623335117533,0.11169232002565337,0.12109308015481966,0.025,0.02795084971874737
rg3,xgboost_balanced,baseline,fixed_0.5,0.03826255339023442,0.029278843310041592,0.48693303359445433,0.1067957834377433,0.035273368606701924,0.05425796293457889,0.042884990253411304,0.08341344769102048,0.05419272085938752,0.09734676158981616,0.14882555715889045,0.12002456057876863,0.03333333333333334,0.030618621784789725
rg3,xgboost_balanced,baseline,inner_f1,0.03826255339023442,0.029278843310041592,0.48693303359445433,0.1067957834377433,0.026009825770630865,0.03420193369787182,0.015137972773791867,0.020961541853665888,0.18977072310405643,0.325364991775329,0.14882555715889045,0.12002456057876863,0.03333333333333334,0.030618621784789725
rg3,xgboost_balanced,with_side,fixed_0.5,0.07528734589885451,0.06259885369730268,0.7322366948514281,0.06716740564188638,0.10367635585026888,0.08431122299260131,0.08692632903159218,0.08364494903676699,0.15107022607022605,0.10510379264882183,0.26025733525733524,0.18760523790774675,0.058333333333333334,0.05153882032022075
rg3,xgboost_balanced,with_side,inner_f1,0.07528734589885451,0.06259885369730268,0.7322366948514281,0.06716740564188638,0.06092493088542231,0.054576535904637874,0.03904929243535156,0.04206578927366236,0.30551146384479716,0.3383876332495276,0.26025733525733524,0.18760523790774675,0.058333333333333334,0.05153882032022075
