scenario,model,variant,policy,seed,tp,fp,fn,tn,rows,positives,precision,recall,inspection_fraction
cn7,catboost_balanced,reference,fixed_0.5,42,9,17,8,1177,1211,17,0.34615384615384615,0.5294117647058824,0.021469859620148638
cn7,catboost_balanced,reference,fixed_0.5,1729,8,19,9,1175,1211,17,0.2962962962962963,0.47058823529411764,0.022295623451692816
cn7,catboost_balanced,reference,fixed_0.5,2026,9,19,8,1175,1211,17,0.32142857142857145,0.5294117647058824,0.023121387283236993
cn7,catboost_balanced,reference,inner_f1,42,9,36,8,1158,1211,17,0.2,0.5294117647058824,0.037159372419488024
cn7,catboost_balanced,reference,inner_f1,1729,8,22,9,1172,1211,17,0.26666666666666666,0.47058823529411764,0.02477291494632535
cn7,catboost_balanced,reference,inner_f1,2026,11,28,6,1166,1211,17,0.28205128205128205,0.6470588235294118,0.03220478943022296
cn7,catboost_balanced,reference,inner_recall95,42,16,275,1,919,1211,17,0.054982817869415807,0.9411764705882353,0.2402972749793559
cn7,catboost_balanced,reference,inner_recall95,1729,16,389,1,805,1211,17,0.03950617283950617,0.9411764705882353,0.3344343517753922
cn7,catboost_balanced,reference,inner_recall95,2026,16,524,1,670,1211,17,0.02962962962962963,0.9411764705882353,0.44591246903385634
rg3,svm_rbf,inner_selected,fixed_0.5,42,0,0,25,1157,1182,25,,0.0,0.0
rg3,svm_rbf,inner_selected,fixed_0.5,1729,0,0,25,1157,1182,25,,0.0,0.0
rg3,svm_rbf,inner_selected,fixed_0.5,2026,0,0,25,1157,1182,25,,0.0,0.0
rg3,svm_rbf,inner_selected,inner_f1,42,6,138,19,1019,1182,25,0.041666666666666664,0.24,0.1218274111675127
rg3,svm_rbf,inner_selected,inner_f1,1729,13,201,12,956,1182,25,0.06074766355140187,0.52,0.18104906937394247
rg3,svm_rbf,inner_selected,inner_f1,2026,4,64,21,1093,1182,25,0.058823529411764705,0.16,0.05752961082910321
rg3,svm_rbf,inner_selected,inner_recall95,42,22,518,3,639,1182,25,0.040740740740740744,0.88,0.45685279187817257
rg3,svm_rbf,inner_selected,inner_recall95,1729,23,644,2,513,1182,25,0.034482758620689655,0.92,0.5642978003384095
rg3,svm_rbf,inner_selected,inner_recall95,2026,23,566,2,591,1182,25,0.03904923599320883,0.92,0.4983079526226734
rg3,svm_rbf,raw,fixed_0.5,42,0,0,25,1157,1182,25,,0.0,0.0
rg3,svm_rbf,raw,fixed_0.5,1729,0,0,25,1157,1182,25,,0.0,0.0
rg3,svm_rbf,raw,fixed_0.5,2026,0,0,25,1157,1182,25,,0.0,0.0
rg3,svm_rbf,raw,inner_f1,42,6,131,19,1026,1182,25,0.043795620437956206,0.24,0.11590524534686972
rg3,svm_rbf,raw,inner_f1,1729,13,203,12,954,1182,25,0.06018518518518518,0.52,0.18274111675126903
rg3,svm_rbf,raw,inner_f1,2026,4,52,21,1105,1182,25,0.07142857142857142,0.16,0.047377326565143825
rg3,svm_rbf,raw,inner_recall95,42,23,552,2,605,1182,25,0.04,0.92,0.48646362098138746
rg3,svm_rbf,raw,inner_recall95,1729,23,659,2,498,1182,25,0.03372434017595308,0.92,0.5769881556683587
rg3,svm_rbf,raw,inner_recall95,2026,22,603,3,554,1182,25,0.0352,0.88,0.5287648054145516
rg3,svm_rbf,raw_engineered,fixed_0.5,42,0,0,25,1157,1182,25,,0.0,0.0
rg3,svm_rbf,raw_engineered,fixed_0.5,1729,0,0,25,1157,1182,25,,0.0,0.0
rg3,svm_rbf,raw_engineered,fixed_0.5,2026,0,0,25,1157,1182,25,,0.0,0.0
rg3,svm_rbf,raw_engineered,inner_f1,42,9,214,16,943,1182,25,0.04035874439461883,0.36,0.188663282571912
rg3,svm_rbf,raw_engineered,inner_f1,1729,13,227,12,930,1182,25,0.05416666666666667,0.52,0.20304568527918782
rg3,svm_rbf,raw_engineered,inner_f1,2026,5,76,20,1081,1182,25,0.06172839506172839,0.2,0.06852791878172589
rg3,svm_rbf,raw_engineered,inner_recall95,42,24,596,1,561,1182,25,0.03870967741935484,0.96,0.5245346869712352
rg3,svm_rbf,raw_engineered,inner_recall95,1729,24,658,1,499,1182,25,0.03519061583577713,0.96,0.5769881556683587
rg3,svm_rbf,raw_engineered,inner_recall95,2026,23,591,2,566,1182,25,0.03745928338762215,0.92,0.5194585448392555
rg3,svm_rbf,raw_engineered_tuned,fixed_0.5,42,0,0,25,1157,1182,25,,0.0,0.0
rg3,svm_rbf,raw_engineered_tuned,fixed_0.5,1729,0,0,25,1157,1182,25,,0.0,0.0
rg3,svm_rbf,raw_engineered_tuned,fixed_0.5,2026,0,0,25,1157,1182,25,,0.0,0.0
rg3,svm_rbf,raw_engineered_tuned,inner_f1,42,9,214,16,943,1182,25,0.04035874439461883,0.36,0.188663282571912
rg3,svm_rbf,raw_engineered_tuned,inner_f1,1729,13,226,12,931,1182,25,0.05439330543933055,0.52,0.20219966159052452
rg3,svm_rbf,raw_engineered_tuned,inner_f1,2026,5,76,20,1081,1182,25,0.06172839506172839,0.2,0.06852791878172589
rg3,svm_rbf,raw_engineered_tuned,inner_recall95,42,24,596,1,561,1182,25,0.03870967741935484,0.96,0.5245346869712352
rg3,svm_rbf,raw_engineered_tuned,inner_recall95,1729,24,658,1,499,1182,25,0.03519061583577713,0.96,0.5769881556683587
rg3,svm_rbf,raw_engineered_tuned,inner_recall95,2026,23,592,2,565,1182,25,0.03739837398373984,0.92,0.5203045685279187
rg3,svm_rbf,raw_engineered_weight,fixed_0.5,42,0,25,25,1132,1182,25,0.0,0.0,0.021150592216582064
rg3,svm_rbf,raw_engineered_weight,fixed_0.5,1729,1,31,24,1126,1182,25,0.03125,0.04,0.02707275803722504
rg3,svm_rbf,raw_engineered_weight,fixed_0.5,2026,1,32,24,1125,1182,25,0.030303030303030304,0.04,0.027918781725888325
rg3,svm_rbf,raw_engineered_weight,inner_f1,42,1,56,24,1101,1182,25,0.017543859649122806,0.04,0.048223350253807105
rg3,svm_rbf,raw_engineered_weight,inner_f1,1729,14,369,11,788,1182,25,0.03655352480417755,0.56,0.3240270727580372
rg3,svm_rbf,raw_engineered_weight,inner_f1,2026,3,65,22,1092,1182,25,0.04411764705882353,0.12,0.05752961082910321
rg3,svm_rbf,raw_engineered_weight,inner_recall95,42,23,939,2,218,1182,25,0.02390852390852391,0.92,0.8138747884940778
rg3,svm_rbf,raw_engineered_weight,inner_recall95,1729,24,937,1,220,1182,25,0.02497398543184183,0.96,0.8130287648054145
rg3,svm_rbf,raw_engineered_weight,inner_recall95,2026,23,982,2,175,1182,25,0.022885572139303482,0.92,0.850253807106599
rg3,svm_rbf,reference,fixed_0.5,42,0,0,25,1157,1182,25,,0.0,0.0
rg3,svm_rbf,reference,fixed_0.5,1729,0,0,25,1157,1182,25,,0.0,0.0
rg3,svm_rbf,reference,fixed_0.5,2026,0,0,25,1157,1182,25,,0.0,0.0
rg3,svm_rbf,reference,inner_f1,42,6,131,19,1026,1182,25,0.043795620437956206,0.24,0.11590524534686972
rg3,svm_rbf,reference,inner_f1,1729,13,203,12,954,1182,25,0.06018518518518518,0.52,0.18274111675126903
rg3,svm_rbf,reference,inner_f1,2026,4,52,21,1105,1182,25,0.07142857142857142,0.16,0.047377326565143825
rg3,svm_rbf,reference,inner_recall95,42,23,552,2,605,1182,25,0.04,0.92,0.48646362098138746
rg3,svm_rbf,reference,inner_recall95,1729,23,659,2,498,1182,25,0.03372434017595308,0.92,0.5769881556683587
rg3,svm_rbf,reference,inner_recall95,2026,22,603,3,554,1182,25,0.0352,0.88,0.5287648054145516
rg3,xgboost_balanced,inner_selected,fixed_0.5,42,4,77,21,1080,1182,25,0.04938271604938271,0.16,0.06852791878172589
rg3,xgboost_balanced,inner_selected,fixed_0.5,1729,3,104,22,1053,1182,25,0.028037383177570093,0.12,0.09052453468697123
rg3,xgboost_balanced,inner_selected,fixed_0.5,2026,4,76,21,1081,1182,25,0.05,0.16,0.0676818950930626
rg3,xgboost_balanced,inner_selected,inner_f1,42,7,202,18,955,1182,25,0.03349282296650718,0.28,0.17681895093062605
rg3,xgboost_balanced,inner_selected,inner_f1,1729,14,361,11,796,1182,25,0.037333333333333336,0.56,0.31725888324873097
rg3,xgboost_balanced,inner_selected,inner_f1,2026,12,234,13,923,1182,25,0.04878048780487805,0.48,0.20812182741116753
rg3,xgboost_balanced,inner_selected,inner_recall95,42,25,798,0,359,1182,25,0.030376670716889428,1.0,0.6962774957698815
rg3,xgboost_balanced,inner_selected,inner_recall95,1729,23,773,2,384,1182,25,0.028894472361809045,0.92,0.6734348561759729
rg3,xgboost_balanced,inner_selected,inner_recall95,2026,23,776,2,381,1182,25,0.028785982478097622,0.92,0.6759729272419628
rg3,xgboost_balanced,raw,fixed_0.5,42,4,44,21,1113,1182,25,0.08333333333333333,0.16,0.04060913705583756
rg3,xgboost_balanced,raw,fixed_0.5,1729,3,47,22,1110,1182,25,0.06,0.12,0.04230118443316413
rg3,xgboost_balanced,raw,fixed_0.5,2026,5,64,20,1093,1182,25,0.07246376811594203,0.2,0.0583756345177665
rg3,xgboost_balanced,raw,inner_f1,42,5,105,20,1052,1182,25,0.045454545454545456,0.2,0.09306260575296109
rg3,xgboost_balanced,raw,inner_f1,1729,11,348,14,809,1182,25,0.03064066852367688,0.44,0.30372250423011843
rg3,xgboost_balanced,raw,inner_f1,2026,10,185,15,972,1182,25,0.05128205128205128,0.4,0.1649746192893401
rg3,xgboost_balanced,raw,inner_recall95,42,25,856,0,301,1182,25,0.028376844494892167,1.0,0.745346869712352
rg3,xgboost_balanced,raw,inner_recall95,1729,25,916,0,241,1182,25,0.026567481402763018,1.0,0.7961082910321489
rg3,xgboost_balanced,raw,inner_recall95,2026,25,965,0,192,1182,25,0.025252525252525252,1.0,0.8375634517766497
rg3,xgboost_balanced,raw_engineered,fixed_0.5,42,2,31,23,1126,1182,25,0.06060606060606061,0.08,0.027918781725888325
rg3,xgboost_balanced,raw_engineered,fixed_0.5,1729,1,39,24,1118,1182,25,0.025,0.04,0.0338409475465313
rg3,xgboost_balanced,raw_engineered,fixed_0.5,2026,1,42,24,1115,1182,25,0.023255813953488372,0.04,0.03637901861252115
rg3,xgboost_balanced,raw_engineered,inner_f1,42,5,168,20,989,1182,25,0.028901734104046242,0.2,0.1463620981387479
rg3,xgboost_balanced,raw_engineered,inner_f1,1729,13,323,12,834,1182,25,0.03869047619047619,0.52,0.28426395939086296
rg3,xgboost_balanced,raw_engineered,inner_f1,2026,14,314,11,843,1182,25,0.042682926829268296,0.56,0.27749576988155666
rg3,xgboost_balanced,raw_engineered,inner_recall95,42,25,859,0,298,1182,25,0.02828054298642534,1.0,0.7478849407783418
rg3,xgboost_balanced,raw_engineered,inner_recall95,1729,25,889,0,268,1182,25,0.02735229759299781,1.0,0.7732656514382402
rg3,xgboost_balanced,raw_engineered,inner_recall95,2026,23,847,2,310,1182,25,0.026436781609195402,0.92,0.7360406091370558
rg3,xgboost_balanced,raw_engineered_tuned,fixed_0.5,42,3,103,22,1054,1182,25,0.02830188679245283,0.12,0.08967851099830795
rg3,xgboost_balanced,raw_engineered_tuned,fixed_0.5,1729,3,104,22,1053,1182,25,0.028037383177570093,0.12,0.09052453468697123
rg3,xgboost_balanced,raw_engineered_tuned,fixed_0.5,2026,5,112,20,1045,1182,25,0.042735042735042736,0.2,0.09898477157360407
rg3,xgboost_balanced,raw_engineered_tuned,inner_f1,42,8,269,17,888,1182,25,0.02888086642599278,0.32,0.23434856175972926
rg3,xgboost_balanced,raw_engineered_tuned,inner_f1,1729,14,361,11,796,1182,25,0.037333333333333336,0.56,0.31725888324873097
rg3,xgboost_balanced,raw_engineered_tuned,inner_f1,2026,14,267,11,890,1182,25,0.0498220640569395,0.56,0.2377326565143824
rg3,xgboost_balanced,raw_engineered_tuned,inner_recall95,42,25,830,0,327,1182,25,0.029239766081871343,1.0,0.7233502538071066
rg3,xgboost_balanced,raw_engineered_tuned,inner_recall95,1729,23,773,2,384,1182,25,0.028894472361809045,0.92,0.6734348561759729
rg3,xgboost_balanced,raw_engineered_tuned,inner_recall95,2026,25,836,0,321,1182,25,0.029036004645760744,1.0,0.7284263959390863
rg3,xgboost_balanced,raw_engineered_weight,fixed_0.5,42,0,4,25,1153,1182,25,0.0,0.0,0.00338409475465313
rg3,xgboost_balanced,raw_engineered_weight,fixed_0.5,1729,0,3,25,1154,1182,25,0.0,0.0,0.0025380710659898475
rg3,xgboost_balanced,raw_engineered_weight,fixed_0.5,2026,0,4,25,1153,1182,25,0.0,0.0,0.00338409475465313
rg3,xgboost_balanced,raw_engineered_weight,inner_f1,42,6,242,19,915,1182,25,0.024193548387096774,0.24,0.2098138747884941
rg3,xgboost_balanced,raw_engineered_weight,inner_f1,1729,13,353,12,804,1182,25,0.03551912568306011,0.52,0.3096446700507614
rg3,xgboost_balanced,raw_engineered_weight,inner_f1,2026,7,172,18,985,1182,25,0.03910614525139665,0.28,0.15143824027072758
rg3,xgboost_balanced,raw_engineered_weight,inner_recall95,42,25,919,0,238,1182,25,0.026483050847457626,1.0,0.7986463620981388
rg3,xgboost_balanced,raw_engineered_weight,inner_recall95,1729,25,876,0,281,1182,25,0.02774694783573807,1.0,0.7622673434856176
rg3,xgboost_balanced,raw_engineered_weight,inner_recall95,2026,25,842,0,315,1182,25,0.02883506343713956,1.0,0.733502538071066
rg3,xgboost_balanced,reference,fixed_0.5,42,4,44,21,1113,1182,25,0.08333333333333333,0.16,0.04060913705583756
rg3,xgboost_balanced,reference,fixed_0.5,1729,3,47,22,1110,1182,25,0.06,0.12,0.04230118443316413
rg3,xgboost_balanced,reference,fixed_0.5,2026,5,64,20,1093,1182,25,0.07246376811594203,0.2,0.0583756345177665
rg3,xgboost_balanced,reference,inner_f1,42,5,105,20,1052,1182,25,0.045454545454545456,0.2,0.09306260575296109
rg3,xgboost_balanced,reference,inner_f1,1729,11,348,14,809,1182,25,0.03064066852367688,0.44,0.30372250423011843
rg3,xgboost_balanced,reference,inner_f1,2026,10,185,15,972,1182,25,0.05128205128205128,0.4,0.1649746192893401
rg3,xgboost_balanced,reference,inner_recall95,42,25,856,0,301,1182,25,0.028376844494892167,1.0,0.745346869712352
rg3,xgboost_balanced,reference,inner_recall95,1729,25,916,0,241,1182,25,0.026567481402763018,1.0,0.7961082910321489
rg3,xgboost_balanced,reference,inner_recall95,2026,25,965,0,192,1182,25,0.025252525252525252,1.0,0.8375634517766497
