scenario,seed,fold,model,selected_variant,inner_precision95,inner_ap
rg3,42,0,xgboost_balanced,reference,0.043689320388349516,0.06344647618712024
rg3,42,0,svm_rbf,reference,0.04986149584487535,0.06985807069606019
rg3,42,1,xgboost_balanced,raw_engineered_tuned,0.02245508982035928,0.08163986610048601
rg3,42,1,svm_rbf,reference,0.03787878787878788,0.04517282367532706
rg3,42,2,xgboost_balanced,raw_engineered_tuned,0.027960526315789474,0.03259092371913919
rg3,42,2,svm_rbf,raw_engineered,0.03917050691244239,0.07841331934970124
rg3,1729,0,xgboost_balanced,raw_engineered_tuned,0.0219435736677116,0.01597849445313326
rg3,1729,0,svm_rbf,reference,0.03626943005181347,0.026948760386535327
rg3,1729,1,xgboost_balanced,raw_engineered_tuned,0.03197158081705151,0.03595693649901694
rg3,1729,1,svm_rbf,reference,0.03557312252964427,0.05604714221569307
rg3,1729,2,xgboost_balanced,raw_engineered_tuned,0.04699738903394256,0.04284146982829573
rg3,1729,2,svm_rbf,raw_engineered,0.03956043956043956,0.08167321820124732
rg3,2026,0,xgboost_balanced,raw_engineered_tuned,0.037894736842105266,0.041786464284013586
rg3,2026,0,svm_rbf,raw_engineered,0.0425531914893617,0.06505905792289553
rg3,2026,1,xgboost_balanced,reference,0.027874564459930314,0.0380034275592432
rg3,2026,1,svm_rbf,reference,0.050793650793650794,0.060923610910960165
rg3,2026,2,xgboost_balanced,raw_engineered,0.024844720496894408,0.05913438851557534
rg3,2026,2,svm_rbf,raw_engineered_tuned,0.0365296803652968,0.10183776164703276
