scenario,model,variant,policy,ap_mean,ap_std,f1_mean,f1_std,precision_mean,precision_std,recall_mean,recall_std,inspection_fraction_mean,inspection_fraction_std,recall_at_5pct_mean,recall_at_5pct_std,recall_at_10pct_mean,recall_at_10pct_std,recall_at_20pct_mean,recall_at_20pct_std,recall95_met_mean,recall95_met_std
cn7,catboost_balanced,reference,fixed_0.5,0.5541004694173584,0.15436273724972926,0.399724458547988,0.11135312260957114,0.4311965811965812,0.27829890301873855,0.5904761904761905,0.2962994555292648,0.022295653883006167,0.011417362375831517,0.8185185185185185,0.2060616891930337,0.8999999999999999,0.11989578808281796,1.0,0.0,0.2222222222222222,0.44095855184409843
cn7,catboost_balanced,reference,inner_f1,0.5541004694173584,0.15436273724972926,0.3115734427909223,0.1391349463856113,0.2929329929329929,0.28214216294437977,0.6322751322751323,0.36277720480694264,0.031387257832483,0.019434206482606336,0.8185185185185185,0.2060616891930337,0.8999999999999999,0.11989578808281796,1.0,0.0,0.2222222222222222,0.44095855184409843
cn7,catboost_balanced,reference,inner_recall95,0.5541004694173584,0.15436273724972926,0.09743906659306129,0.03852327289481324,0.05193636320410857,0.02144381608009027,0.9222222222222223,0.11755613316388236,0.3402622520316548,0.28924729604707533,0.8185185185185185,0.2060616891930337,0.8999999999999999,0.11989578808281796,1.0,0.0,0.6666666666666666,0.5
rg3,svm_rbf,inner_selected,fixed_0.5,0.06689655207725943,0.04582248387117238,0.0,0.0,0.0,0.0,0.0,0.0,0.0,0.0,0.09251242584575918,0.10171226890602207,0.22911656244989576,0.15314314308636576,0.416297899631233,0.15580573973215908,0.0,0.0
rg3,svm_rbf,inner_selected,inner_f1,0.06689655207725943,0.04582248387117238,0.061022037048033835,0.05182593650641457,0.038300197504231276,0.03400211122757485,0.263668430335097,0.32592334912744864,0.12013536379018613,0.1256985941300077,0.09251242584575918,0.10171226890602207,0.22911656244989576,0.15314314308636576,0.416297899631233,0.15580573973215908,0.1111111111111111,0.33333333333333337
rg3,svm_rbf,inner_selected,inner_recall95,0.06689655207725943,0.04582248387117238,0.07408075170762549,0.021843755058588977,0.03873385122774395,0.011788362709727078,0.8979276895943562,0.10821730838762844,0.5064861816130851,0.0819792152308616,0.09251242584575918,0.10171226890602207,0.22911656244989576,0.15314314308636576,0.416297899631233,0.15580573973215908,0.4444444444444444,0.5270462766947299
rg3,svm_rbf,raw,fixed_0.5,0.07093541697959133,0.04421674076141761,0.0,0.0,0.0,0.0,0.0,0.0,0.0,0.0,0.09251242584575918,0.07241094412921582,0.24300545133878465,0.13427226373649534,0.46193282026615357,0.1570592289421295,0.0,0.0
rg3,svm_rbf,raw,inner_f1,0.07093541697959133,0.04421674076141761,0.0657839418099386,0.05751200186959401,0.050421409625443406,0.06255593992156035,0.263668430335097,0.32592334912744864,0.11534122955442754,0.12939254015561724,0.09251242584575918,0.07241094412921582,0.24300545133878465,0.13427226373649534,0.46193282026615357,0.1570592289421295,0.1111111111111111,0.33333333333333337
rg3,svm_rbf,raw,inner_recall95,0.07093541697959133,0.04421674076141761,0.07141262717074856,0.022437257009180978,0.0373003241036822,0.012129617758691924,0.8994708994708994,0.10794817864075747,0.5307388606880993,0.09529134027546626,0.09251242584575918,0.07241094412921582,0.24300545133878465,0.13427226373649534,0.46193282026615357,0.1570592289421295,0.4444444444444444,0.5270462766947299
rg3,svm_rbf,raw_engineered,fixed_0.5,0.06704850044368715,0.0432306918156413,0.0,0.0,0.0,0.0,0.0,0.0,0.0,0.0,0.09352252685586018,0.09102092472035861,0.2142536475869809,0.1312701469729532,0.3545214045214045,0.10975976603896886,0.0,0.0
rg3,svm_rbf,raw_engineered,inner_f1,0.06704850044368715,0.0432306918156413,0.06012863582444419,0.05287783137111175,0.036987342931568086,0.03444575953634812,0.3141093474426808,0.3491345925954854,0.15341229554427524,0.14268672961139503,0.09352252685586018,0.09102092472035861,0.2142536475869809,0.1312701469729532,0.3545214045214045,0.10975976603896886,0.1111111111111111,0.33333333333333337
rg3,svm_rbf,raw_engineered,inner_recall95,0.06704850044368715,0.0432306918156413,0.07144053037267599,0.013923966623969854,0.03717240099353534,0.0074845846759494785,0.9455467372134039,0.08568070003050131,0.5403271291596164,0.05147725666513208,0.09352252685586018,0.09102092472035861,0.2142536475869809,0.1312701469729532,0.3545214045214045,0.10975976603896886,0.6666666666666666,0.5
rg3,svm_rbf,raw_engineered_tuned,fixed_0.5,0.06704779887365186,0.043258519169433,0.0,0.0,0.0,0.0,0.0,0.0,0.0,0.0,0.09352252685586018,0.09102092472035861,0.2142536475869809,0.1312701469729532,0.3545214045214045,0.10975976603896886,0.0,0.0
rg3,svm_rbf,raw_engineered_tuned,inner_f1,0.06704779887365186,0.043258519169433,0.06021078545626449,0.05299544369217997,0.03703420368696347,0.03449332648667905,0.3141093474426808,0.3491345925954854,0.15313028764805414,0.14211498266752362,0.09352252685586018,0.09102092472035861,0.2142536475869809,0.1312701469729532,0.3545214045214045,0.10975976603896886,0.1111111111111111,0.33333333333333337
rg3,svm_rbf,raw_engineered_tuned,inner_recall95,0.06704779887365186,0.043258519169433,0.07139855186567157,0.013919528828445547,0.03714930234249656,0.007481158584266976,0.9455467372134039,0.08568070003050131,0.5406091370558376,0.051014597061527375,0.09352252685586018,0.09102092472035861,0.2142536475869809,0.1312701469729532,0.3545214045214045,0.10975976603896886,0.6666666666666666,0.5
rg3,svm_rbf,raw_engineered_weight,fixed_0.5,0.04135669750028863,0.02366723495939392,0.02365390600684718,0.047269916186170456,0.027777777777777776,0.05892556509887896,0.02244668911335578,0.04482669008651295,0.02538071065989848,0.008973436309473955,0.06076639409972743,0.07493695738979232,0.14194324194324193,0.0761661489869266,0.294023569023569,0.10707251202276345,0.0,0.0
rg3,svm_rbf,raw_engineered_weight,inner_f1,0.04135669750028863,0.02366723495939392,0.03250179003330961,0.03978449816704818,0.018883643482993255,0.023508825957496725,0.21164021164021163,0.33765154581242296,0.14326001128031585,0.21687557773763463,0.06076639409972743,0.07493695738979232,0.14194324194324193,0.0761661489869266,0.294023569023569,0.10707251202276345,0.1111111111111111,0.33333333333333337
rg3,svm_rbf,raw_engineered_weight,inner_recall95,0.04135669750028863,0.02366723495939392,0.04656098685864185,0.010790096514279477,0.02389961739761831,0.00565302148514107,0.9276895943562611,0.11421710658689366,0.8257191201353637,0.07876203375219744,0.06076639409972743,0.07493695738979232,0.14194324194324193,0.0761661489869266,0.294023569023569,0.10707251202276345,0.6666666666666666,0.5
rg3,svm_rbf,reference,fixed_0.5,0.07093541697959133,0.04421674076141761,0.0,0.0,0.0,0.0,0.0,0.0,0.0,0.0,0.09251242584575918,0.07241094412921582,0.24300545133878465,0.13427226373649534,0.46193282026615357,0.1570592289421295,0.0,0.0
rg3,svm_rbf,reference,inner_f1,0.07093541697959133,0.04421674076141761,0.0657839418099386,0.05751200186959401,0.050421409625443406,0.06255593992156035,0.263668430335097,0.32592334912744864,0.11534122955442754,0.12939254015561724,0.09251242584575918,0.07241094412921582,0.24300545133878465,0.13427226373649534,0.46193282026615357,0.1570592289421295,0.1111111111111111,0.33333333333333337
rg3,svm_rbf,reference,inner_recall95,0.07093541697959133,0.04421674076141761,0.07141262717074856,0.022437257009180978,0.0373003241036822,0.012129617758691924,0.8994708994708994,0.10794817864075747,0.5307388606880993,0.09529134027546626,0.09251242584575918,0.07241094412921582,0.24300545133878465,0.13427226373649534,0.46193282026615357,0.1570592289421295,0.4444444444444444,0.5270462766947299
rg3,xgboost_balanced,inner_selected,fixed_0.5,0.05409393456948977,0.023514631929861193,0.0658074752389824,0.04867303987357754,0.04467110036332004,0.03606005551077501,0.14449655282988616,0.09526362295192228,0.07557811618725324,0.039130310475980624,0.08576639409972743,0.08822617337171719,0.1722342472342472,0.1372740638210892,0.3582691999358666,0.1930261829716855,0.0,0.0
rg3,xgboost_balanced,inner_selected,inner_f1,0.05409393456948977,0.023514631929861193,0.05967570361838274,0.037511087267280675,0.033652146977927205,0.021292907694446066,0.4161816578483245,0.3574961754188392,0.23406655386350816,0.2003741515025219,0.08576639409972743,0.08822617337171719,0.1722342472342472,0.1372740638210892,0.3582691999358666,0.1930261829716855,0.1111111111111111,0.33333333333333337
rg3,xgboost_balanced,inner_selected,inner_recall95,0.05409393456948977,0.023514631929861193,0.056964684034910174,0.007760428778083702,0.029381642804947632,0.004059053405673755,0.9435626102292769,0.11310877421392564,0.6818950930626058,0.12442374062785477,0.08576639409972743,0.08822617337171719,0.1722342472342472,0.1372740638210892,0.3582691999358666,0.1930261829716855,0.7777777777777778,0.44095855184409843
rg3,xgboost_balanced,raw,fixed_0.5,0.07528734589885451,0.06259885369730268,0.10367635585026888,0.08431122299260131,0.08692632903159218,0.08364494903676699,0.15107022607022605,0.10510379264882183,0.04709531866892273,0.02139035005037315,0.16341590508257176,0.1063417788365345,0.26025733525733524,0.18760523790774675,0.3996753246753247,0.16690704821644406,0.0,0.0
rg3,xgboost_balanced,raw,inner_f1,0.07528734589885451,0.06259885369730268,0.06092493088542231,0.054576535904637874,0.03904929243535156,0.04206578927366236,0.30551146384479716,0.3383876332495276,0.18725324309080654,0.2690977138711623,0.16341590508257176,0.1063417788365345,0.26025733525733524,0.18760523790774675,0.3996753246753247,0.16690704821644406,0.1111111111111111,0.33333333333333337
rg3,xgboost_balanced,raw,inner_recall95,0.07528734589885451,0.06259885369730268,0.05345550309416884,0.010904298624889433,0.02749035653312963,0.005746543463032206,1.0,0.0,0.7930062041737168,0.16755648131229398,0.16341590508257176,0.1063417788365345,0.26025733525733524,0.18760523790774675,0.3996753246753247,0.16690704821644406,1.0,0.0
rg3,xgboost_balanced,raw_engineered,fixed_0.5,0.05987449286109598,0.03740636200313727,0.043855926208867385,0.05259511679032523,0.04109470776137443,0.049488369014293515,0.04744668911335578,0.05698075009585269,0.032712915961646924,0.013927307642262543,0.07875982042648709,0.10399691129974091,0.21408128908128907,0.13450919103590553,0.36104697771364436,0.18606616902990153,0.0,0.0
rg3,xgboost_balanced,raw_engineered,inner_f1,0.05987449286109598,0.03740636200313727,0.05774598393231281,0.038492266363131224,0.03329963151581196,0.02396711671288034,0.4065215648548982,0.3632121512145344,0.23604060913705582,0.19730135838290036,0.07875982042648709,0.10399691129974091,0.21408128908128907,0.13450919103590553,0.36104697771364436,0.18606616902990153,0.0,0.0
rg3,xgboost_balanced,raw_engineered,inner_recall95,0.05987449286109598,0.03740636200313727,0.053591587744122746,0.007786540997220146,0.02756643633872926,0.004091835354430794,0.9753086419753088,0.07407407407407407,0.7523970671178792,0.12125839455053955,0.07875982042648709,0.10399691129974091,0.21408128908128907,0.13450919103590553,0.36104697771364436,0.18606616902990153,0.8888888888888888,0.3333333333333333
rg3,xgboost_balanced,raw_engineered_tuned,fixed_0.5,0.05113326201940685,0.02230098753374603,0.05807551243641625,0.04113415611336915,0.03790310278316275,0.028890469927075623,0.14096921596921597,0.09591740194638128,0.09306260575296108,0.025945492766828525,0.06989337822671156,0.0895124351763295,0.14401555234888566,0.12462084589358659,0.33357784191117523,0.16940868608038046,0.0,0.0
rg3,xgboost_balanced,raw_engineered_tuned,inner_f1,0.05113326201940685,0.02230098753374603,0.06273398634185165,0.03404419249256708,0.03510071171672183,0.01916661135923968,0.45674603174603173,0.36568897516305776,0.26311336717428085,0.18598190914718477,0.06989337822671156,0.0895124351763295,0.14401555234888566,0.12462084589358659,0.33357784191117523,0.16940868608038046,0.1111111111111111,0.33333333333333337
rg3,xgboost_balanced,raw_engineered_tuned,inner_recall95,0.05113326201940685,0.02230098753374603,0.056162349694475026,0.0055771850436224105,0.028931481238506647,0.0029257284996024573,0.9682539682539681,0.09523809523809523,0.7084038353073887,0.12347816452735644,0.06989337822671156,0.0895124351763295,0.14401555234888566,0.12462084589358659,0.33357784191117523,0.16940868608038046,0.8888888888888888,0.3333333333333333
rg3,xgboost_balanced,raw_engineered_weight,fixed_0.5,0.06036300286412652,0.035906306320814305,0.0,0.0,0.0,0.0,0.0,0.0,0.003102086858432036,0.001692047377326565,0.12055876222542888,0.11888039279779887,0.19949094115760782,0.1369181413873332,0.31113115279781944,0.15757331199381838,0.0,0.0
rg3,xgboost_balanced,raw_engineered_weight,inner_f1,0.06036300286412652,0.035906306320814305,0.0452170511422007,0.03514775309820087,0.026658654846496932,0.021810649064887073,0.3070546737213404,0.34997850338109077,0.22363226170332767,0.23965441020604253,0.12055876222542888,0.11888039279779887,0.19949094115760782,0.1369181413873332,0.31113115279781944,0.15757331199381838,0.1111111111111111,0.33333333333333337
rg3,xgboost_balanced,raw_engineered_weight,inner_recall95,0.06036300286412652,0.035906306320814305,0.05392456022943412,0.005852112939861769,0.02771762927304515,0.0030830034934369163,1.0,0.0,0.7648054145516074,0.11476179583285698,0.12055876222542888,0.11888039279779887,0.19949094115760782,0.1369181413873332,0.31113115279781944,0.15757331199381838,1.0,0.0
rg3,xgboost_balanced,reference,fixed_0.5,0.07528734589885451,0.06259885369730268,0.10367635585026888,0.08431122299260131,0.08692632903159218,0.08364494903676699,0.15107022607022605,0.10510379264882183,0.04709531866892273,0.02139035005037315,0.16341590508257176,0.1063417788365345,0.26025733525733524,0.18760523790774675,0.3996753246753247,0.16690704821644406,0.0,0.0
rg3,xgboost_balanced,reference,inner_f1,0.07528734589885451,0.06259885369730268,0.06092493088542231,0.054576535904637874,0.03904929243535156,0.04206578927366236,0.30551146384479716,0.3383876332495276,0.18725324309080654,0.2690977138711623,0.16341590508257176,0.1063417788365345,0.26025733525733524,0.18760523790774675,0.3996753246753247,0.16690704821644406,0.1111111111111111,0.33333333333333337
rg3,xgboost_balanced,reference,inner_recall95,0.07528734589885451,0.06259885369730268,0.05345550309416884,0.010904298624889433,0.02749035653312963,0.005746543463032206,1.0,0.0,0.7930062041737168,0.16755648131229398,0.16341590508257176,0.1063417788365345,0.26025733525733524,0.18760523790774675,0.3996753246753247,0.16690704821644406,1.0,0.0
