scenario,seed,fold,model,stage,iterations,loss,warnings
cn7,42,0,svm_rbf,inner_0,,,
cn7,42,0,svm_rbf,inner_1,,,
cn7,42,0,svm_rbf,inner_2,,,
cn7,42,0,svm_rbf,outer,,,
cn7,42,0,svm_rbf_balanced,inner_0,,,
cn7,42,0,svm_rbf_balanced,inner_1,,,
cn7,42,0,svm_rbf_balanced,inner_2,,,
cn7,42,0,svm_rbf_balanced,outer,,,
cn7,42,0,random_forest,inner_0,,,
cn7,42,0,random_forest,inner_1,,,
cn7,42,0,random_forest,inner_2,,,
cn7,42,0,random_forest,outer,,,
cn7,42,0,random_forest_balanced,inner_0,,,
cn7,42,0,random_forest_balanced,inner_1,,,
cn7,42,0,random_forest_balanced,inner_2,,,
cn7,42,0,random_forest_balanced,outer,,,
cn7,42,0,gaussian_nb,inner_0,,,
cn7,42,0,gaussian_nb,inner_1,,,
cn7,42,0,gaussian_nb,inner_2,,,
cn7,42,0,gaussian_nb,outer,,,
cn7,42,0,dnn_mlp,inner_0,200.0,0.0006144001674291942,Stochastic Optimizer: Maximum iterations (200) reached and the optimization hasn't converged yet.
cn7,42,0,dnn_mlp,inner_1,200.0,0.0003271189866074021,Stochastic Optimizer: Maximum iterations (200) reached and the optimization hasn't converged yet.
cn7,42,0,dnn_mlp,inner_2,200.0,0.0005861911511476841,Stochastic Optimizer: Maximum iterations (200) reached and the optimization hasn't converged yet.
cn7,42,0,dnn_mlp,outer,200.0,0.00036436820104592265,Stochastic Optimizer: Maximum iterations (200) reached and the optimization hasn't converged yet.
cn7,42,1,svm_rbf,inner_0,,,
cn7,42,1,svm_rbf,inner_1,,,
cn7,42,1,svm_rbf,inner_2,,,
cn7,42,1,svm_rbf,outer,,,
cn7,42,1,svm_rbf_balanced,inner_0,,,
cn7,42,1,svm_rbf_balanced,inner_1,,,
cn7,42,1,svm_rbf_balanced,inner_2,,,
cn7,42,1,svm_rbf_balanced,outer,,,
cn7,42,1,random_forest,inner_0,,,
cn7,42,1,random_forest,inner_1,,,
cn7,42,1,random_forest,inner_2,,,
cn7,42,1,random_forest,outer,,,
cn7,42,1,random_forest_balanced,inner_0,,,
cn7,42,1,random_forest_balanced,inner_1,,,
cn7,42,1,random_forest_balanced,inner_2,,,
cn7,42,1,random_forest_balanced,outer,,,
cn7,42,1,gaussian_nb,inner_0,,,
cn7,42,1,gaussian_nb,inner_1,,,
cn7,42,1,gaussian_nb,inner_2,,,
cn7,42,1,gaussian_nb,outer,,,
cn7,42,1,dnn_mlp,inner_0,200.0,0.0005301637629821052,Stochastic Optimizer: Maximum iterations (200) reached and the optimization hasn't converged yet.
cn7,42,1,dnn_mlp,inner_1,200.0,0.00037761367411489103,Stochastic Optimizer: Maximum iterations (200) reached and the optimization hasn't converged yet.
cn7,42,1,dnn_mlp,inner_2,200.0,0.00036860149881024097,Stochastic Optimizer: Maximum iterations (200) reached and the optimization hasn't converged yet.
cn7,42,1,dnn_mlp,outer,200.0,0.00028071098063808776,Stochastic Optimizer: Maximum iterations (200) reached and the optimization hasn't converged yet.
cn7,42,2,svm_rbf,inner_0,,,
cn7,42,2,svm_rbf,inner_1,,,
cn7,42,2,svm_rbf,inner_2,,,
cn7,42,2,svm_rbf,outer,,,
cn7,42,2,svm_rbf_balanced,inner_0,,,
cn7,42,2,svm_rbf_balanced,inner_1,,,
cn7,42,2,svm_rbf_balanced,inner_2,,,
cn7,42,2,svm_rbf_balanced,outer,,,
cn7,42,2,random_forest,inner_0,,,
cn7,42,2,random_forest,inner_1,,,
cn7,42,2,random_forest,inner_2,,,
cn7,42,2,random_forest,outer,,,
cn7,42,2,random_forest_balanced,inner_0,,,
cn7,42,2,random_forest_balanced,inner_1,,,
cn7,42,2,random_forest_balanced,inner_2,,,
cn7,42,2,random_forest_balanced,outer,,,
cn7,42,2,gaussian_nb,inner_0,,,
cn7,42,2,gaussian_nb,inner_1,,,
cn7,42,2,gaussian_nb,inner_2,,,
cn7,42,2,gaussian_nb,outer,,,
cn7,42,2,dnn_mlp,inner_0,200.0,0.0005206550152140406,Stochastic Optimizer: Maximum iterations (200) reached and the optimization hasn't converged yet.
cn7,42,2,dnn_mlp,inner_1,200.0,0.0003667168290754901,Stochastic Optimizer: Maximum iterations (200) reached and the optimization hasn't converged yet.
cn7,42,2,dnn_mlp,inner_2,200.0,0.00019510855239179438,Stochastic Optimizer: Maximum iterations (200) reached and the optimization hasn't converged yet.
cn7,42,2,dnn_mlp,outer,200.0,0.0002779072785571787,Stochastic Optimizer: Maximum iterations (200) reached and the optimization hasn't converged yet.
cn7,1729,0,svm_rbf,inner_0,,,
cn7,1729,0,svm_rbf,inner_1,,,
cn7,1729,0,svm_rbf,inner_2,,,
cn7,1729,0,svm_rbf,outer,,,
cn7,1729,0,svm_rbf_balanced,inner_0,,,
cn7,1729,0,svm_rbf_balanced,inner_1,,,
cn7,1729,0,svm_rbf_balanced,inner_2,,,
cn7,1729,0,svm_rbf_balanced,outer,,,
cn7,1729,0,random_forest,inner_0,,,
cn7,1729,0,random_forest,inner_1,,,
cn7,1729,0,random_forest,inner_2,,,
cn7,1729,0,random_forest,outer,,,
cn7,1729,0,random_forest_balanced,inner_0,,,
cn7,1729,0,random_forest_balanced,inner_1,,,
cn7,1729,0,random_forest_balanced,inner_2,,,
cn7,1729,0,random_forest_balanced,outer,,,
cn7,1729,0,gaussian_nb,inner_0,,,
cn7,1729,0,gaussian_nb,inner_1,,,
cn7,1729,0,gaussian_nb,inner_2,,,
cn7,1729,0,gaussian_nb,outer,,,
cn7,1729,0,dnn_mlp,inner_0,200.0,0.0005329350711313336,Stochastic Optimizer: Maximum iterations (200) reached and the optimization hasn't converged yet.
cn7,1729,0,dnn_mlp,inner_1,200.0,0.0007989027804163282,Stochastic Optimizer: Maximum iterations (200) reached and the optimization hasn't converged yet.
cn7,1729,0,dnn_mlp,inner_2,200.0,0.0003283379298268186,Stochastic Optimizer: Maximum iterations (200) reached and the optimization hasn't converged yet.
cn7,1729,0,dnn_mlp,outer,200.0,0.0003412092569903533,Stochastic Optimizer: Maximum iterations (200) reached and the optimization hasn't converged yet.
cn7,1729,1,svm_rbf,inner_0,,,
cn7,1729,1,svm_rbf,inner_1,,,
cn7,1729,1,svm_rbf,inner_2,,,
cn7,1729,1,svm_rbf,outer,,,
cn7,1729,1,svm_rbf_balanced,inner_0,,,
cn7,1729,1,svm_rbf_balanced,inner_1,,,
cn7,1729,1,svm_rbf_balanced,inner_2,,,
cn7,1729,1,svm_rbf_balanced,outer,,,
cn7,1729,1,random_forest,inner_0,,,
cn7,1729,1,random_forest,inner_1,,,
cn7,1729,1,random_forest,inner_2,,,
cn7,1729,1,random_forest,outer,,,
cn7,1729,1,random_forest_balanced,inner_0,,,
cn7,1729,1,random_forest_balanced,inner_1,,,
cn7,1729,1,random_forest_balanced,inner_2,,,
cn7,1729,1,random_forest_balanced,outer,,,
cn7,1729,1,gaussian_nb,inner_0,,,
cn7,1729,1,gaussian_nb,inner_1,,,
cn7,1729,1,gaussian_nb,inner_2,,,
cn7,1729,1,gaussian_nb,outer,,,
cn7,1729,1,dnn_mlp,inner_0,200.0,0.0001144165930099728,Stochastic Optimizer: Maximum iterations (200) reached and the optimization hasn't converged yet.
cn7,1729,1,dnn_mlp,inner_1,200.0,0.0004447971681742964,Stochastic Optimizer: Maximum iterations (200) reached and the optimization hasn't converged yet.
cn7,1729,1,dnn_mlp,inner_2,200.0,0.000500596612328151,Stochastic Optimizer: Maximum iterations (200) reached and the optimization hasn't converged yet.
cn7,1729,1,dnn_mlp,outer,200.0,0.00023548108780089763,Stochastic Optimizer: Maximum iterations (200) reached and the optimization hasn't converged yet.
cn7,1729,2,svm_rbf,inner_0,,,
cn7,1729,2,svm_rbf,inner_1,,,
cn7,1729,2,svm_rbf,inner_2,,,
cn7,1729,2,svm_rbf,outer,,,
cn7,1729,2,svm_rbf_balanced,inner_0,,,
cn7,1729,2,svm_rbf_balanced,inner_1,,,
cn7,1729,2,svm_rbf_balanced,inner_2,,,
cn7,1729,2,svm_rbf_balanced,outer,,,
cn7,1729,2,random_forest,inner_0,,,
cn7,1729,2,random_forest,inner_1,,,
cn7,1729,2,random_forest,inner_2,,,
cn7,1729,2,random_forest,outer,,,
cn7,1729,2,random_forest_balanced,inner_0,,,
cn7,1729,2,random_forest_balanced,inner_1,,,
cn7,1729,2,random_forest_balanced,inner_2,,,
cn7,1729,2,random_forest_balanced,outer,,,
cn7,1729,2,gaussian_nb,inner_0,,,
cn7,1729,2,gaussian_nb,inner_1,,,
cn7,1729,2,gaussian_nb,inner_2,,,
cn7,1729,2,gaussian_nb,outer,,,
cn7,1729,2,dnn_mlp,inner_0,200.0,0.0005732464152270511,Stochastic Optimizer: Maximum iterations (200) reached and the optimization hasn't converged yet.
cn7,1729,2,dnn_mlp,inner_1,200.0,0.000324930684714804,Stochastic Optimizer: Maximum iterations (200) reached and the optimization hasn't converged yet.
cn7,1729,2,dnn_mlp,inner_2,200.0,0.00035591049935669426,Stochastic Optimizer: Maximum iterations (200) reached and the optimization hasn't converged yet.
cn7,1729,2,dnn_mlp,outer,200.0,0.0002950052606471529,Stochastic Optimizer: Maximum iterations (200) reached and the optimization hasn't converged yet.
cn7,2026,0,svm_rbf,inner_0,,,
cn7,2026,0,svm_rbf,inner_1,,,
cn7,2026,0,svm_rbf,inner_2,,,
cn7,2026,0,svm_rbf,outer,,,
cn7,2026,0,svm_rbf_balanced,inner_0,,,
cn7,2026,0,svm_rbf_balanced,inner_1,,,
cn7,2026,0,svm_rbf_balanced,inner_2,,,
cn7,2026,0,svm_rbf_balanced,outer,,,
cn7,2026,0,random_forest,inner_0,,,
cn7,2026,0,random_forest,inner_1,,,
cn7,2026,0,random_forest,inner_2,,,
cn7,2026,0,random_forest,outer,,,
cn7,2026,0,random_forest_balanced,inner_0,,,
cn7,2026,0,random_forest_balanced,inner_1,,,
cn7,2026,0,random_forest_balanced,inner_2,,,
cn7,2026,0,random_forest_balanced,outer,,,
cn7,2026,0,gaussian_nb,inner_0,,,
cn7,2026,0,gaussian_nb,inner_1,,,
cn7,2026,0,gaussian_nb,inner_2,,,
cn7,2026,0,gaussian_nb,outer,,,
cn7,2026,0,dnn_mlp,inner_0,200.0,0.0005285282356059545,Stochastic Optimizer: Maximum iterations (200) reached and the optimization hasn't converged yet.
cn7,2026,0,dnn_mlp,inner_1,200.0,0.0003484129723598048,Stochastic Optimizer: Maximum iterations (200) reached and the optimization hasn't converged yet.
cn7,2026,0,dnn_mlp,inner_2,200.0,0.0003897500374722235,Stochastic Optimizer: Maximum iterations (200) reached and the optimization hasn't converged yet.
cn7,2026,0,dnn_mlp,outer,200.0,0.00032154533284297027,Stochastic Optimizer: Maximum iterations (200) reached and the optimization hasn't converged yet.
cn7,2026,1,svm_rbf,inner_0,,,
cn7,2026,1,svm_rbf,inner_1,,,
cn7,2026,1,svm_rbf,inner_2,,,
cn7,2026,1,svm_rbf,outer,,,
cn7,2026,1,svm_rbf_balanced,inner_0,,,
cn7,2026,1,svm_rbf_balanced,inner_1,,,
cn7,2026,1,svm_rbf_balanced,inner_2,,,
cn7,2026,1,svm_rbf_balanced,outer,,,
cn7,2026,1,random_forest,inner_0,,,
cn7,2026,1,random_forest,inner_1,,,
cn7,2026,1,random_forest,inner_2,,,
cn7,2026,1,random_forest,outer,,,
cn7,2026,1,random_forest_balanced,inner_0,,,
cn7,2026,1,random_forest_balanced,inner_1,,,
cn7,2026,1,random_forest_balanced,inner_2,,,
cn7,2026,1,random_forest_balanced,outer,,,
cn7,2026,1,gaussian_nb,inner_0,,,
cn7,2026,1,gaussian_nb,inner_1,,,
cn7,2026,1,gaussian_nb,inner_2,,,
cn7,2026,1,gaussian_nb,outer,,,
cn7,2026,1,dnn_mlp,inner_0,200.0,0.0006586521943891804,Stochastic Optimizer: Maximum iterations (200) reached and the optimization hasn't converged yet.
cn7,2026,1,dnn_mlp,inner_1,200.0,0.00031027952170306476,Stochastic Optimizer: Maximum iterations (200) reached and the optimization hasn't converged yet.
cn7,2026,1,dnn_mlp,inner_2,200.0,0.000492542646872647,Stochastic Optimizer: Maximum iterations (200) reached and the optimization hasn't converged yet.
cn7,2026,1,dnn_mlp,outer,200.0,0.0003498090075927837,Stochastic Optimizer: Maximum iterations (200) reached and the optimization hasn't converged yet.
cn7,2026,2,svm_rbf,inner_0,,,
cn7,2026,2,svm_rbf,inner_1,,,
cn7,2026,2,svm_rbf,inner_2,,,
cn7,2026,2,svm_rbf,outer,,,
cn7,2026,2,svm_rbf_balanced,inner_0,,,
cn7,2026,2,svm_rbf_balanced,inner_1,,,
cn7,2026,2,svm_rbf_balanced,inner_2,,,
cn7,2026,2,svm_rbf_balanced,outer,,,
cn7,2026,2,random_forest,inner_0,,,
cn7,2026,2,random_forest,inner_1,,,
cn7,2026,2,random_forest,inner_2,,,
cn7,2026,2,random_forest,outer,,,
cn7,2026,2,random_forest_balanced,inner_0,,,
cn7,2026,2,random_forest_balanced,inner_1,,,
cn7,2026,2,random_forest_balanced,inner_2,,,
cn7,2026,2,random_forest_balanced,outer,,,
cn7,2026,2,gaussian_nb,inner_0,,,
cn7,2026,2,gaussian_nb,inner_1,,,
cn7,2026,2,gaussian_nb,inner_2,,,
cn7,2026,2,gaussian_nb,outer,,,
cn7,2026,2,dnn_mlp,inner_0,200.0,0.00022402378326221977,Stochastic Optimizer: Maximum iterations (200) reached and the optimization hasn't converged yet.
cn7,2026,2,dnn_mlp,inner_1,200.0,0.0005617651089554785,Stochastic Optimizer: Maximum iterations (200) reached and the optimization hasn't converged yet.
cn7,2026,2,dnn_mlp,inner_2,200.0,0.0004615739361363405,Stochastic Optimizer: Maximum iterations (200) reached and the optimization hasn't converged yet.
cn7,2026,2,dnn_mlp,outer,200.0,0.0003083266631769261,Stochastic Optimizer: Maximum iterations (200) reached and the optimization hasn't converged yet.
rg3,42,0,svm_rbf,inner_0,,,
rg3,42,0,svm_rbf,inner_1,,,
rg3,42,0,svm_rbf,inner_2,,,
rg3,42,0,svm_rbf,outer,,,
rg3,42,0,svm_rbf_balanced,inner_0,,,
rg3,42,0,svm_rbf_balanced,inner_1,,,
rg3,42,0,svm_rbf_balanced,inner_2,,,
rg3,42,0,svm_rbf_balanced,outer,,,
rg3,42,0,random_forest,inner_0,,,
rg3,42,0,random_forest,inner_1,,,
rg3,42,0,random_forest,inner_2,,,
rg3,42,0,random_forest,outer,,,
rg3,42,0,random_forest_balanced,inner_0,,,
rg3,42,0,random_forest_balanced,inner_1,,,
rg3,42,0,random_forest_balanced,inner_2,,,
rg3,42,0,random_forest_balanced,outer,,,
rg3,42,0,gaussian_nb,inner_0,,,
rg3,42,0,gaussian_nb,inner_1,,,
rg3,42,0,gaussian_nb,inner_2,,,
rg3,42,0,gaussian_nb,outer,,,
rg3,42,0,dnn_mlp,inner_0,200.0,0.00047875441835930533,Stochastic Optimizer: Maximum iterations (200) reached and the optimization hasn't converged yet.
rg3,42,0,dnn_mlp,inner_1,200.0,0.0004138909567181998,Stochastic Optimizer: Maximum iterations (200) reached and the optimization hasn't converged yet.
rg3,42,0,dnn_mlp,inner_2,200.0,0.0009217853906361027,Stochastic Optimizer: Maximum iterations (200) reached and the optimization hasn't converged yet.
rg3,42,0,dnn_mlp,outer,200.0,0.0004109382608338759,Stochastic Optimizer: Maximum iterations (200) reached and the optimization hasn't converged yet.
rg3,42,1,svm_rbf,inner_0,,,
rg3,42,1,svm_rbf,inner_1,,,
rg3,42,1,svm_rbf,inner_2,,,
rg3,42,1,svm_rbf,outer,,,
rg3,42,1,svm_rbf_balanced,inner_0,,,
rg3,42,1,svm_rbf_balanced,inner_1,,,
rg3,42,1,svm_rbf_balanced,inner_2,,,
rg3,42,1,svm_rbf_balanced,outer,,,
rg3,42,1,random_forest,inner_0,,,
rg3,42,1,random_forest,inner_1,,,
rg3,42,1,random_forest,inner_2,,,
rg3,42,1,random_forest,outer,,,
rg3,42,1,random_forest_balanced,inner_0,,,
rg3,42,1,random_forest_balanced,inner_1,,,
rg3,42,1,random_forest_balanced,inner_2,,,
rg3,42,1,random_forest_balanced,outer,,,
rg3,42,1,gaussian_nb,inner_0,,,
rg3,42,1,gaussian_nb,inner_1,,,
rg3,42,1,gaussian_nb,inner_2,,,
rg3,42,1,gaussian_nb,outer,,,
rg3,42,1,dnn_mlp,inner_0,200.0,0.0006396273761333937,Stochastic Optimizer: Maximum iterations (200) reached and the optimization hasn't converged yet.
rg3,42,1,dnn_mlp,inner_1,200.0,0.0004392774883014846,Stochastic Optimizer: Maximum iterations (200) reached and the optimization hasn't converged yet.
rg3,42,1,dnn_mlp,inner_2,200.0,0.0005851911509809712,Stochastic Optimizer: Maximum iterations (200) reached and the optimization hasn't converged yet.
rg3,42,1,dnn_mlp,outer,200.0,0.0004322278532789916,Stochastic Optimizer: Maximum iterations (200) reached and the optimization hasn't converged yet.
rg3,42,2,svm_rbf,inner_0,,,
rg3,42,2,svm_rbf,inner_1,,,
rg3,42,2,svm_rbf,inner_2,,,
rg3,42,2,svm_rbf,outer,,,
rg3,42,2,svm_rbf_balanced,inner_0,,,
rg3,42,2,svm_rbf_balanced,inner_1,,,
rg3,42,2,svm_rbf_balanced,inner_2,,,
rg3,42,2,svm_rbf_balanced,outer,,,
rg3,42,2,random_forest,inner_0,,,
rg3,42,2,random_forest,inner_1,,,
rg3,42,2,random_forest,inner_2,,,
rg3,42,2,random_forest,outer,,,
rg3,42,2,random_forest_balanced,inner_0,,,
rg3,42,2,random_forest_balanced,inner_1,,,
rg3,42,2,random_forest_balanced,inner_2,,,
rg3,42,2,random_forest_balanced,outer,,,
rg3,42,2,gaussian_nb,inner_0,,,
rg3,42,2,gaussian_nb,inner_1,,,
rg3,42,2,gaussian_nb,inner_2,,,
rg3,42,2,gaussian_nb,outer,,,
rg3,42,2,dnn_mlp,inner_0,200.0,0.0004909494691178321,Stochastic Optimizer: Maximum iterations (200) reached and the optimization hasn't converged yet.
rg3,42,2,dnn_mlp,inner_1,200.0,0.0004964413567784191,Stochastic Optimizer: Maximum iterations (200) reached and the optimization hasn't converged yet.
rg3,42,2,dnn_mlp,inner_2,200.0,0.0005587906123657704,Stochastic Optimizer: Maximum iterations (200) reached and the optimization hasn't converged yet.
rg3,42,2,dnn_mlp,outer,200.0,0.0003466095007190915,Stochastic Optimizer: Maximum iterations (200) reached and the optimization hasn't converged yet.
rg3,1729,0,svm_rbf,inner_0,,,
rg3,1729,0,svm_rbf,inner_1,,,
rg3,1729,0,svm_rbf,inner_2,,,
rg3,1729,0,svm_rbf,outer,,,
rg3,1729,0,svm_rbf_balanced,inner_0,,,
rg3,1729,0,svm_rbf_balanced,inner_1,,,
rg3,1729,0,svm_rbf_balanced,inner_2,,,
rg3,1729,0,svm_rbf_balanced,outer,,,
rg3,1729,0,random_forest,inner_0,,,
rg3,1729,0,random_forest,inner_1,,,
rg3,1729,0,random_forest,inner_2,,,
rg3,1729,0,random_forest,outer,,,
rg3,1729,0,random_forest_balanced,inner_0,,,
rg3,1729,0,random_forest_balanced,inner_1,,,
rg3,1729,0,random_forest_balanced,inner_2,,,
rg3,1729,0,random_forest_balanced,outer,,,
rg3,1729,0,gaussian_nb,inner_0,,,
rg3,1729,0,gaussian_nb,inner_1,,,
rg3,1729,0,gaussian_nb,inner_2,,,
rg3,1729,0,gaussian_nb,outer,,,
rg3,1729,0,dnn_mlp,inner_0,200.0,0.0004652504048264408,Stochastic Optimizer: Maximum iterations (200) reached and the optimization hasn't converged yet.
rg3,1729,0,dnn_mlp,inner_1,200.0,0.0007267022709215157,Stochastic Optimizer: Maximum iterations (200) reached and the optimization hasn't converged yet.
rg3,1729,0,dnn_mlp,inner_2,200.0,0.0005846526529251573,Stochastic Optimizer: Maximum iterations (200) reached and the optimization hasn't converged yet.
rg3,1729,0,dnn_mlp,outer,200.0,0.00041000079517217674,Stochastic Optimizer: Maximum iterations (200) reached and the optimization hasn't converged yet.
rg3,1729,1,svm_rbf,inner_0,,,
rg3,1729,1,svm_rbf,inner_1,,,
rg3,1729,1,svm_rbf,inner_2,,,
rg3,1729,1,svm_rbf,outer,,,
rg3,1729,1,svm_rbf_balanced,inner_0,,,
rg3,1729,1,svm_rbf_balanced,inner_1,,,
rg3,1729,1,svm_rbf_balanced,inner_2,,,
rg3,1729,1,svm_rbf_balanced,outer,,,
rg3,1729,1,random_forest,inner_0,,,
rg3,1729,1,random_forest,inner_1,,,
rg3,1729,1,random_forest,inner_2,,,
rg3,1729,1,random_forest,outer,,,
rg3,1729,1,random_forest_balanced,inner_0,,,
rg3,1729,1,random_forest_balanced,inner_1,,,
rg3,1729,1,random_forest_balanced,inner_2,,,
rg3,1729,1,random_forest_balanced,outer,,,
rg3,1729,1,gaussian_nb,inner_0,,,
rg3,1729,1,gaussian_nb,inner_1,,,
rg3,1729,1,gaussian_nb,inner_2,,,
rg3,1729,1,gaussian_nb,outer,,,
rg3,1729,1,dnn_mlp,inner_0,200.0,0.00031801417163205414,Stochastic Optimizer: Maximum iterations (200) reached and the optimization hasn't converged yet.
rg3,1729,1,dnn_mlp,inner_1,200.0,0.0004537508262531082,Stochastic Optimizer: Maximum iterations (200) reached and the optimization hasn't converged yet.
rg3,1729,1,dnn_mlp,inner_2,200.0,0.00041876485866940697,Stochastic Optimizer: Maximum iterations (200) reached and the optimization hasn't converged yet.
rg3,1729,1,dnn_mlp,outer,200.0,0.0002962945621956166,Stochastic Optimizer: Maximum iterations (200) reached and the optimization hasn't converged yet.
rg3,1729,2,svm_rbf,inner_0,,,
rg3,1729,2,svm_rbf,inner_1,,,
rg3,1729,2,svm_rbf,inner_2,,,
rg3,1729,2,svm_rbf,outer,,,
rg3,1729,2,svm_rbf_balanced,inner_0,,,
rg3,1729,2,svm_rbf_balanced,inner_1,,,
rg3,1729,2,svm_rbf_balanced,inner_2,,,
rg3,1729,2,svm_rbf_balanced,outer,,,
rg3,1729,2,random_forest,inner_0,,,
rg3,1729,2,random_forest,inner_1,,,
rg3,1729,2,random_forest,inner_2,,,
rg3,1729,2,random_forest,outer,,,
rg3,1729,2,random_forest_balanced,inner_0,,,
rg3,1729,2,random_forest_balanced,inner_1,,,
rg3,1729,2,random_forest_balanced,inner_2,,,
rg3,1729,2,random_forest_balanced,outer,,,
rg3,1729,2,gaussian_nb,inner_0,,,
rg3,1729,2,gaussian_nb,inner_1,,,
rg3,1729,2,gaussian_nb,inner_2,,,
rg3,1729,2,gaussian_nb,outer,,,
rg3,1729,2,dnn_mlp,inner_0,200.0,0.0007474858582786226,Stochastic Optimizer: Maximum iterations (200) reached and the optimization hasn't converged yet.
rg3,1729,2,dnn_mlp,inner_1,200.0,0.0005854173628065649,Stochastic Optimizer: Maximum iterations (200) reached and the optimization hasn't converged yet.
rg3,1729,2,dnn_mlp,inner_2,200.0,0.0006834349647170822,Stochastic Optimizer: Maximum iterations (200) reached and the optimization hasn't converged yet.
rg3,1729,2,dnn_mlp,outer,200.0,0.0006057210981935636,Stochastic Optimizer: Maximum iterations (200) reached and the optimization hasn't converged yet.
rg3,2026,0,svm_rbf,inner_0,,,
rg3,2026,0,svm_rbf,inner_1,,,
rg3,2026,0,svm_rbf,inner_2,,,
rg3,2026,0,svm_rbf,outer,,,
rg3,2026,0,svm_rbf_balanced,inner_0,,,
rg3,2026,0,svm_rbf_balanced,inner_1,,,
rg3,2026,0,svm_rbf_balanced,inner_2,,,
rg3,2026,0,svm_rbf_balanced,outer,,,
rg3,2026,0,random_forest,inner_0,,,
rg3,2026,0,random_forest,inner_1,,,
rg3,2026,0,random_forest,inner_2,,,
rg3,2026,0,random_forest,outer,,,
rg3,2026,0,random_forest_balanced,inner_0,,,
rg3,2026,0,random_forest_balanced,inner_1,,,
rg3,2026,0,random_forest_balanced,inner_2,,,
rg3,2026,0,random_forest_balanced,outer,,,
rg3,2026,0,gaussian_nb,inner_0,,,
rg3,2026,0,gaussian_nb,inner_1,,,
rg3,2026,0,gaussian_nb,inner_2,,,
rg3,2026,0,gaussian_nb,outer,,,
rg3,2026,0,dnn_mlp,inner_0,200.0,0.0005351316767839852,Stochastic Optimizer: Maximum iterations (200) reached and the optimization hasn't converged yet.
rg3,2026,0,dnn_mlp,inner_1,200.0,0.0004386118303010864,Stochastic Optimizer: Maximum iterations (200) reached and the optimization hasn't converged yet.
rg3,2026,0,dnn_mlp,inner_2,200.0,0.0005896279564999708,Stochastic Optimizer: Maximum iterations (200) reached and the optimization hasn't converged yet.
rg3,2026,0,dnn_mlp,outer,200.0,0.0004354097138466925,Stochastic Optimizer: Maximum iterations (200) reached and the optimization hasn't converged yet.
rg3,2026,1,svm_rbf,inner_0,,,
rg3,2026,1,svm_rbf,inner_1,,,
rg3,2026,1,svm_rbf,inner_2,,,
rg3,2026,1,svm_rbf,outer,,,
rg3,2026,1,svm_rbf_balanced,inner_0,,,
rg3,2026,1,svm_rbf_balanced,inner_1,,,
rg3,2026,1,svm_rbf_balanced,inner_2,,,
rg3,2026,1,svm_rbf_balanced,outer,,,
rg3,2026,1,random_forest,inner_0,,,
rg3,2026,1,random_forest,inner_1,,,
rg3,2026,1,random_forest,inner_2,,,
rg3,2026,1,random_forest,outer,,,
rg3,2026,1,random_forest_balanced,inner_0,,,
rg3,2026,1,random_forest_balanced,inner_1,,,
rg3,2026,1,random_forest_balanced,inner_2,,,
rg3,2026,1,random_forest_balanced,outer,,,
rg3,2026,1,gaussian_nb,inner_0,,,
rg3,2026,1,gaussian_nb,inner_1,,,
rg3,2026,1,gaussian_nb,inner_2,,,
rg3,2026,1,gaussian_nb,outer,,,
rg3,2026,1,dnn_mlp,inner_0,200.0,0.0004359579867953579,Stochastic Optimizer: Maximum iterations (200) reached and the optimization hasn't converged yet.
rg3,2026,1,dnn_mlp,inner_1,200.0,0.0006603896937715779,Stochastic Optimizer: Maximum iterations (200) reached and the optimization hasn't converged yet.
rg3,2026,1,dnn_mlp,inner_2,200.0,0.0004372893760347957,Stochastic Optimizer: Maximum iterations (200) reached and the optimization hasn't converged yet.
rg3,2026,1,dnn_mlp,outer,200.0,0.0004008942626235968,Stochastic Optimizer: Maximum iterations (200) reached and the optimization hasn't converged yet.
rg3,2026,2,svm_rbf,inner_0,,,
rg3,2026,2,svm_rbf,inner_1,,,
rg3,2026,2,svm_rbf,inner_2,,,
rg3,2026,2,svm_rbf,outer,,,
rg3,2026,2,svm_rbf_balanced,inner_0,,,
rg3,2026,2,svm_rbf_balanced,inner_1,,,
rg3,2026,2,svm_rbf_balanced,inner_2,,,
rg3,2026,2,svm_rbf_balanced,outer,,,
rg3,2026,2,random_forest,inner_0,,,
rg3,2026,2,random_forest,inner_1,,,
rg3,2026,2,random_forest,inner_2,,,
rg3,2026,2,random_forest,outer,,,
rg3,2026,2,random_forest_balanced,inner_0,,,
rg3,2026,2,random_forest_balanced,inner_1,,,
rg3,2026,2,random_forest_balanced,inner_2,,,
rg3,2026,2,random_forest_balanced,outer,,,
rg3,2026,2,gaussian_nb,inner_0,,,
rg3,2026,2,gaussian_nb,inner_1,,,
rg3,2026,2,gaussian_nb,inner_2,,,
rg3,2026,2,gaussian_nb,outer,,,
rg3,2026,2,dnn_mlp,inner_0,200.0,0.0006093108826492816,Stochastic Optimizer: Maximum iterations (200) reached and the optimization hasn't converged yet.
rg3,2026,2,dnn_mlp,inner_1,200.0,0.0007162965277448212,Stochastic Optimizer: Maximum iterations (200) reached and the optimization hasn't converged yet.
rg3,2026,2,dnn_mlp,inner_2,200.0,0.0003524348426195741,Stochastic Optimizer: Maximum iterations (200) reached and the optimization hasn't converged yet.
rg3,2026,2,dnn_mlp,outer,200.0,0.00042284736261209856,Stochastic Optimizer: Maximum iterations (200) reached and the optimization hasn't converged yet.
pooled,42,0,svm_rbf,inner_0,,,
pooled,42,0,svm_rbf,inner_1,,,
pooled,42,0,svm_rbf,inner_2,,,
pooled,42,0,svm_rbf,outer,,,
pooled,42,0,svm_rbf_balanced,inner_0,,,
pooled,42,0,svm_rbf_balanced,inner_1,,,
pooled,42,0,svm_rbf_balanced,inner_2,,,
pooled,42,0,svm_rbf_balanced,outer,,,
pooled,42,0,random_forest,inner_0,,,
pooled,42,0,random_forest,inner_1,,,
pooled,42,0,random_forest,inner_2,,,
pooled,42,0,random_forest,outer,,,
pooled,42,0,random_forest_balanced,inner_0,,,
pooled,42,0,random_forest_balanced,inner_1,,,
pooled,42,0,random_forest_balanced,inner_2,,,
pooled,42,0,random_forest_balanced,outer,,,
pooled,42,0,gaussian_nb,inner_0,,,
pooled,42,0,gaussian_nb,inner_1,,,
pooled,42,0,gaussian_nb,inner_2,,,
pooled,42,0,gaussian_nb,outer,,,
pooled,42,0,dnn_mlp,inner_0,200.0,0.00021761754692380136,Stochastic Optimizer: Maximum iterations (200) reached and the optimization hasn't converged yet.
pooled,42,0,dnn_mlp,inner_1,200.0,0.00020664681861425367,Stochastic Optimizer: Maximum iterations (200) reached and the optimization hasn't converged yet.
pooled,42,0,dnn_mlp,inner_2,200.0,0.00018049197600760077,Stochastic Optimizer: Maximum iterations (200) reached and the optimization hasn't converged yet.
pooled,42,0,dnn_mlp,outer,200.0,0.00017446859551903946,Stochastic Optimizer: Maximum iterations (200) reached and the optimization hasn't converged yet.
pooled,42,1,svm_rbf,inner_0,,,
pooled,42,1,svm_rbf,inner_1,,,
pooled,42,1,svm_rbf,inner_2,,,
pooled,42,1,svm_rbf,outer,,,
pooled,42,1,svm_rbf_balanced,inner_0,,,
pooled,42,1,svm_rbf_balanced,inner_1,,,
pooled,42,1,svm_rbf_balanced,inner_2,,,
pooled,42,1,svm_rbf_balanced,outer,,,
pooled,42,1,random_forest,inner_0,,,
pooled,42,1,random_forest,inner_1,,,
pooled,42,1,random_forest,inner_2,,,
pooled,42,1,random_forest,outer,,,
pooled,42,1,random_forest_balanced,inner_0,,,
pooled,42,1,random_forest_balanced,inner_1,,,
pooled,42,1,random_forest_balanced,inner_2,,,
pooled,42,1,random_forest_balanced,outer,,,
pooled,42,1,gaussian_nb,inner_0,,,
pooled,42,1,gaussian_nb,inner_1,,,
pooled,42,1,gaussian_nb,inner_2,,,
pooled,42,1,gaussian_nb,outer,,,
pooled,42,1,dnn_mlp,inner_0,200.0,0.00021204230584307096,Stochastic Optimizer: Maximum iterations (200) reached and the optimization hasn't converged yet.
pooled,42,1,dnn_mlp,inner_1,200.0,0.0002074984437910781,Stochastic Optimizer: Maximum iterations (200) reached and the optimization hasn't converged yet.
pooled,42,1,dnn_mlp,inner_2,200.0,0.0002040908134158117,Stochastic Optimizer: Maximum iterations (200) reached and the optimization hasn't converged yet.
pooled,42,1,dnn_mlp,outer,200.0,0.00020158559166784615,Stochastic Optimizer: Maximum iterations (200) reached and the optimization hasn't converged yet.
pooled,42,2,svm_rbf,inner_0,,,
pooled,42,2,svm_rbf,inner_1,,,
pooled,42,2,svm_rbf,inner_2,,,
pooled,42,2,svm_rbf,outer,,,
pooled,42,2,svm_rbf_balanced,inner_0,,,
pooled,42,2,svm_rbf_balanced,inner_1,,,
pooled,42,2,svm_rbf_balanced,inner_2,,,
pooled,42,2,svm_rbf_balanced,outer,,,
pooled,42,2,random_forest,inner_0,,,
pooled,42,2,random_forest,inner_1,,,
pooled,42,2,random_forest,inner_2,,,
pooled,42,2,random_forest,outer,,,
pooled,42,2,random_forest_balanced,inner_0,,,
pooled,42,2,random_forest_balanced,inner_1,,,
pooled,42,2,random_forest_balanced,inner_2,,,
pooled,42,2,random_forest_balanced,outer,,,
pooled,42,2,gaussian_nb,inner_0,,,
pooled,42,2,gaussian_nb,inner_1,,,
pooled,42,2,gaussian_nb,inner_2,,,
pooled,42,2,gaussian_nb,outer,,,
pooled,42,2,dnn_mlp,inner_0,200.0,0.0001954381919110596,Stochastic Optimizer: Maximum iterations (200) reached and the optimization hasn't converged yet.
pooled,42,2,dnn_mlp,inner_1,200.0,0.00015617832717905035,Stochastic Optimizer: Maximum iterations (200) reached and the optimization hasn't converged yet.
pooled,42,2,dnn_mlp,inner_2,200.0,0.0001892734402815351,Stochastic Optimizer: Maximum iterations (200) reached and the optimization hasn't converged yet.
pooled,42,2,dnn_mlp,outer,200.0,0.00017002861431570732,Stochastic Optimizer: Maximum iterations (200) reached and the optimization hasn't converged yet.
pooled,1729,0,svm_rbf,inner_0,,,
pooled,1729,0,svm_rbf,inner_1,,,
pooled,1729,0,svm_rbf,inner_2,,,
pooled,1729,0,svm_rbf,outer,,,
pooled,1729,0,svm_rbf_balanced,inner_0,,,
pooled,1729,0,svm_rbf_balanced,inner_1,,,
pooled,1729,0,svm_rbf_balanced,inner_2,,,
pooled,1729,0,svm_rbf_balanced,outer,,,
pooled,1729,0,random_forest,inner_0,,,
pooled,1729,0,random_forest,inner_1,,,
pooled,1729,0,random_forest,inner_2,,,
pooled,1729,0,random_forest,outer,,,
pooled,1729,0,random_forest_balanced,inner_0,,,
pooled,1729,0,random_forest_balanced,inner_1,,,
pooled,1729,0,random_forest_balanced,inner_2,,,
pooled,1729,0,random_forest_balanced,outer,,,
pooled,1729,0,gaussian_nb,inner_0,,,
pooled,1729,0,gaussian_nb,inner_1,,,
pooled,1729,0,gaussian_nb,inner_2,,,
pooled,1729,0,gaussian_nb,outer,,,
pooled,1729,0,dnn_mlp,inner_0,200.0,0.00018277259259737662,Stochastic Optimizer: Maximum iterations (200) reached and the optimization hasn't converged yet.
pooled,1729,0,dnn_mlp,inner_1,200.0,0.0001834598609026823,Stochastic Optimizer: Maximum iterations (200) reached and the optimization hasn't converged yet.
pooled,1729,0,dnn_mlp,inner_2,200.0,0.00022659929387338455,Stochastic Optimizer: Maximum iterations (200) reached and the optimization hasn't converged yet.
pooled,1729,0,dnn_mlp,outer,200.0,0.0002115535997914213,Stochastic Optimizer: Maximum iterations (200) reached and the optimization hasn't converged yet.
pooled,1729,1,svm_rbf,inner_0,,,
pooled,1729,1,svm_rbf,inner_1,,,
pooled,1729,1,svm_rbf,inner_2,,,
pooled,1729,1,svm_rbf,outer,,,
pooled,1729,1,svm_rbf_balanced,inner_0,,,
pooled,1729,1,svm_rbf_balanced,inner_1,,,
pooled,1729,1,svm_rbf_balanced,inner_2,,,
pooled,1729,1,svm_rbf_balanced,outer,,,
pooled,1729,1,random_forest,inner_0,,,
pooled,1729,1,random_forest,inner_1,,,
pooled,1729,1,random_forest,inner_2,,,
pooled,1729,1,random_forest,outer,,,
pooled,1729,1,random_forest_balanced,inner_0,,,
pooled,1729,1,random_forest_balanced,inner_1,,,
pooled,1729,1,random_forest_balanced,inner_2,,,
pooled,1729,1,random_forest_balanced,outer,,,
pooled,1729,1,gaussian_nb,inner_0,,,
pooled,1729,1,gaussian_nb,inner_1,,,
pooled,1729,1,gaussian_nb,inner_2,,,
pooled,1729,1,gaussian_nb,outer,,,
pooled,1729,1,dnn_mlp,inner_0,200.0,0.00016737533449720746,Stochastic Optimizer: Maximum iterations (200) reached and the optimization hasn't converged yet.
pooled,1729,1,dnn_mlp,inner_1,200.0,0.00019489795418644945,Stochastic Optimizer: Maximum iterations (200) reached and the optimization hasn't converged yet.
pooled,1729,1,dnn_mlp,inner_2,200.0,0.0001759022256511805,Stochastic Optimizer: Maximum iterations (200) reached and the optimization hasn't converged yet.
pooled,1729,1,dnn_mlp,outer,200.0,0.0001783011177475913,Stochastic Optimizer: Maximum iterations (200) reached and the optimization hasn't converged yet.
pooled,1729,2,svm_rbf,inner_0,,,
pooled,1729,2,svm_rbf,inner_1,,,
pooled,1729,2,svm_rbf,inner_2,,,
pooled,1729,2,svm_rbf,outer,,,
pooled,1729,2,svm_rbf_balanced,inner_0,,,
pooled,1729,2,svm_rbf_balanced,inner_1,,,
pooled,1729,2,svm_rbf_balanced,inner_2,,,
pooled,1729,2,svm_rbf_balanced,outer,,,
pooled,1729,2,random_forest,inner_0,,,
pooled,1729,2,random_forest,inner_1,,,
pooled,1729,2,random_forest,inner_2,,,
pooled,1729,2,random_forest,outer,,,
pooled,1729,2,random_forest_balanced,inner_0,,,
pooled,1729,2,random_forest_balanced,inner_1,,,
pooled,1729,2,random_forest_balanced,inner_2,,,
pooled,1729,2,random_forest_balanced,outer,,,
pooled,1729,2,gaussian_nb,inner_0,,,
pooled,1729,2,gaussian_nb,inner_1,,,
pooled,1729,2,gaussian_nb,inner_2,,,
pooled,1729,2,gaussian_nb,outer,,,
pooled,1729,2,dnn_mlp,inner_0,200.0,0.00018747482429056888,Stochastic Optimizer: Maximum iterations (200) reached and the optimization hasn't converged yet.
pooled,1729,2,dnn_mlp,inner_1,200.0,0.00021728774279816738,Stochastic Optimizer: Maximum iterations (200) reached and the optimization hasn't converged yet.
pooled,1729,2,dnn_mlp,inner_2,200.0,0.0001753377154519255,Stochastic Optimizer: Maximum iterations (200) reached and the optimization hasn't converged yet.
pooled,1729,2,dnn_mlp,outer,200.0,0.00019315600528878776,Stochastic Optimizer: Maximum iterations (200) reached and the optimization hasn't converged yet.
pooled,2026,0,svm_rbf,inner_0,,,
pooled,2026,0,svm_rbf,inner_1,,,
pooled,2026,0,svm_rbf,inner_2,,,
pooled,2026,0,svm_rbf,outer,,,
pooled,2026,0,svm_rbf_balanced,inner_0,,,
pooled,2026,0,svm_rbf_balanced,inner_1,,,
pooled,2026,0,svm_rbf_balanced,inner_2,,,
pooled,2026,0,svm_rbf_balanced,outer,,,
pooled,2026,0,random_forest,inner_0,,,
pooled,2026,0,random_forest,inner_1,,,
pooled,2026,0,random_forest,inner_2,,,
pooled,2026,0,random_forest,outer,,,
pooled,2026,0,random_forest_balanced,inner_0,,,
pooled,2026,0,random_forest_balanced,inner_1,,,
pooled,2026,0,random_forest_balanced,inner_2,,,
pooled,2026,0,random_forest_balanced,outer,,,
pooled,2026,0,gaussian_nb,inner_0,,,
pooled,2026,0,gaussian_nb,inner_1,,,
pooled,2026,0,gaussian_nb,inner_2,,,
pooled,2026,0,gaussian_nb,outer,,,
pooled,2026,0,dnn_mlp,inner_0,200.0,0.00017403232130325046,Stochastic Optimizer: Maximum iterations (200) reached and the optimization hasn't converged yet.
pooled,2026,0,dnn_mlp,inner_1,200.0,0.0001540918747817574,Stochastic Optimizer: Maximum iterations (200) reached and the optimization hasn't converged yet.
pooled,2026,0,dnn_mlp,inner_2,200.0,0.00018364117647724096,Stochastic Optimizer: Maximum iterations (200) reached and the optimization hasn't converged yet.
pooled,2026,0,dnn_mlp,outer,200.0,0.00016052218996967936,Stochastic Optimizer: Maximum iterations (200) reached and the optimization hasn't converged yet.
pooled,2026,1,svm_rbf,inner_0,,,
pooled,2026,1,svm_rbf,inner_1,,,
pooled,2026,1,svm_rbf,inner_2,,,
pooled,2026,1,svm_rbf,outer,,,
pooled,2026,1,svm_rbf_balanced,inner_0,,,
pooled,2026,1,svm_rbf_balanced,inner_1,,,
pooled,2026,1,svm_rbf_balanced,inner_2,,,
pooled,2026,1,svm_rbf_balanced,outer,,,
pooled,2026,1,random_forest,inner_0,,,
pooled,2026,1,random_forest,inner_1,,,
pooled,2026,1,random_forest,inner_2,,,
pooled,2026,1,random_forest,outer,,,
pooled,2026,1,random_forest_balanced,inner_0,,,
pooled,2026,1,random_forest_balanced,inner_1,,,
pooled,2026,1,random_forest_balanced,inner_2,,,
pooled,2026,1,random_forest_balanced,outer,,,
pooled,2026,1,gaussian_nb,inner_0,,,
pooled,2026,1,gaussian_nb,inner_1,,,
pooled,2026,1,gaussian_nb,inner_2,,,
pooled,2026,1,gaussian_nb,outer,,,
pooled,2026,1,dnn_mlp,inner_0,200.0,0.00026628741691909824,Stochastic Optimizer: Maximum iterations (200) reached and the optimization hasn't converged yet.
pooled,2026,1,dnn_mlp,inner_1,200.0,0.00019611586682374173,Stochastic Optimizer: Maximum iterations (200) reached and the optimization hasn't converged yet.
pooled,2026,1,dnn_mlp,inner_2,200.0,0.0001844336654323631,Stochastic Optimizer: Maximum iterations (200) reached and the optimization hasn't converged yet.
pooled,2026,1,dnn_mlp,outer,200.0,0.00018817531341957573,Stochastic Optimizer: Maximum iterations (200) reached and the optimization hasn't converged yet.
pooled,2026,2,svm_rbf,inner_0,,,
pooled,2026,2,svm_rbf,inner_1,,,
pooled,2026,2,svm_rbf,inner_2,,,
pooled,2026,2,svm_rbf,outer,,,
pooled,2026,2,svm_rbf_balanced,inner_0,,,
pooled,2026,2,svm_rbf_balanced,inner_1,,,
pooled,2026,2,svm_rbf_balanced,inner_2,,,
pooled,2026,2,svm_rbf_balanced,outer,,,
pooled,2026,2,random_forest,inner_0,,,
pooled,2026,2,random_forest,inner_1,,,
pooled,2026,2,random_forest,inner_2,,,
pooled,2026,2,random_forest,outer,,,
pooled,2026,2,random_forest_balanced,inner_0,,,
pooled,2026,2,random_forest_balanced,inner_1,,,
pooled,2026,2,random_forest_balanced,inner_2,,,
pooled,2026,2,random_forest_balanced,outer,,,
pooled,2026,2,gaussian_nb,inner_0,,,
pooled,2026,2,gaussian_nb,inner_1,,,
pooled,2026,2,gaussian_nb,inner_2,,,
pooled,2026,2,gaussian_nb,outer,,,
pooled,2026,2,dnn_mlp,inner_0,200.0,0.00018354642243060217,Stochastic Optimizer: Maximum iterations (200) reached and the optimization hasn't converged yet.
pooled,2026,2,dnn_mlp,inner_1,200.0,0.00018506487059025167,Stochastic Optimizer: Maximum iterations (200) reached and the optimization hasn't converged yet.
pooled,2026,2,dnn_mlp,inner_2,200.0,0.0001958239950055324,Stochastic Optimizer: Maximum iterations (200) reached and the optimization hasn't converged yet.
pooled,2026,2,dnn_mlp,outer,200.0,0.00017683573335922564,Stochastic Optimizer: Maximum iterations (200) reached and the optimization hasn't converged yet.
