product,side,date,records,defects,events,observed_defect_fraction
CN7,LH,2020-10-16,187,4,187,0.0213903743315508
CN7,LH,2020-10-19,36,0,36,0.0
CN7,LH,2020-10-20,382,0,382,0.0
CN7,LH,2020-10-27,314,5,314,0.01592356687898089
CN7,LH,2020-10-29,227,0,227,0.0
CN7,LH,2020-10-30,376,0,376,0.0
CN7,LH,2020-11-03,463,1,463,0.0021598272138228943
CN7,RH,2020-10-16,188,13,188,0.06914893617021277
CN7,RH,2020-10-19,36,0,36,0.0
CN7,RH,2020-10-20,382,0,382,0.0
CN7,RH,2020-10-27,314,5,314,0.01592356687898089
CN7,RH,2020-10-29,227,0,227,0.0
CN7,RH,2020-10-30,379,0,379,0.0
CN7,RH,2020-11-03,463,0,463,0.0
RG3,LH,2020-10-21,41,0,41,0.0
RG3,LH,2020-10-22,300,0,300,0.0
RG3,LH,2020-10-23,250,0,250,0.0
RG3,LH,2020-11-04,35,5,35,0.14285714285714285
RG3,LH,2020-11-05,1,0,1,0.0
RG3,LH,2020-11-06,1,0,1,0.0
RG3,RH,2020-10-21,41,0,41,0.0
RG3,RH,2020-10-22,300,15,300,0.05
RG3,RH,2020-10-23,250,10,250,0.04
RG3,RH,2020-11-04,36,2,36,0.05555555555555555
RG3,RH,2020-11-05,1,0,1,0.0
