product,side,date,Reason,records
CN7,LH,2020-10-16,가스,3
CN7,LH,2020-10-16,미성형,1
CN7,LH,2020-10-16,,183
CN7,LH,2020-10-19,,36
CN7,LH,2020-10-20,,382
CN7,LH,2020-10-27,초기허용불량,5
CN7,LH,2020-10-27,,309
CN7,LH,2020-10-29,,227
CN7,LH,2020-10-30,,376
CN7,LH,2020-11-03,미성형,1
CN7,LH,2020-11-03,,462
CN7,RH,2020-10-16,가스,10
CN7,RH,2020-10-16,미성형,3
CN7,RH,2020-10-16,,175
CN7,RH,2020-10-19,,36
CN7,RH,2020-10-20,,382
CN7,RH,2020-10-27,초기허용불량,5
CN7,RH,2020-10-27,,309
CN7,RH,2020-10-29,,227
CN7,RH,2020-10-30,,379
CN7,RH,2020-11-03,,463
RG3,LH,2020-10-21,,41
RG3,LH,2020-10-22,,300
RG3,LH,2020-10-23,,250
RG3,LH,2020-11-04,가스,3
RG3,LH,2020-11-04,미성형,2
RG3,LH,2020-11-04,,30
RG3,LH,2020-11-05,,1
RG3,LH,2020-11-06,,1
RG3,RH,2020-10-21,,41
RG3,RH,2020-10-22,가스,10
RG3,RH,2020-10-22,미성형,5
RG3,RH,2020-10-22,,285
RG3,RH,2020-10-23,가스,7
RG3,RH,2020-10-23,미성형,3
RG3,RH,2020-10-23,,240
RG3,RH,2020-11-04,가스,2
RG3,RH,2020-11-04,,34
RG3,RH,2020-11-05,,1
