product,side,source,feature,records,p05,median,p95,zero_fraction
CN7,LH,eligible_unlabeled,Injection_Time,18727,5.0,5.0,9.59,0.0
CN7,LH,eligible_unlabeled,Filling_Time,18727,4.42,5.0,5.0,0.0
CN7,LH,eligible_unlabeled,Plasticizing_Time,18727,2.7,2.7,16.97,0.0
CN7,LH,eligible_unlabeled,Cycle_Time,18727,35.2,36.6,59.6,0.0
CN7,LH,eligible_unlabeled,Max_Injection_Pressure,18727,77.2,80.2,142.0,0.0
CN7,LH,eligible_unlabeled,Max_Injection_Speed,18727,34.7,37.0,56.0,0.0
CN7,LH,eligible_unlabeled,Cushion_Position,18727,17.2,17.3,653.43,0.0
CN7,LH,eligible_unlabeled,Barrel_Temperature_5,18727,245.2,254.9,255.5,0.0
CN7,LH,eligible_unlabeled,Mold_Temperature_3,18727,0.0,0.0,27.5,0.6699951941047685
CN7,LH,eligible_unlabeled,Mold_Temperature_4,18727,0.0,0.0,31.8,0.6699951941047685
CN7,LH,labeled_train,Injection_Time,919,9.520000457763672,9.56999969482422,9.630000114440918,0.0
CN7,LH,labeled_train,Filling_Time,919,4.409999847412109,4.449999809265137,4.510000228881836,0.0
CN7,LH,labeled_train,Plasticizing_Time,919,16.770000457763672,16.940000534057617,17.100000381469727,0.0
CN7,LH,labeled_train,Cycle_Time,919,59.459999084472656,59.52000045776367,59.58000183105469,0.0
CN7,LH,labeled_train,Max_Injection_Pressure,919,141.60000610351562,141.8000030517578,142.1999969482422,0.0
CN7,LH,labeled_train,Max_Injection_Speed,919,55.09999847412109,55.70000076293945,56.29999923706055,0.0
CN7,LH,labeled_train,Cushion_Position,919,653.4099731445312,653.4199829101562,653.4500122070312,0.0
CN7,LH,labeled_train,Barrel_Temperature_5,919,254.5,255.0,255.6000061035156,0.0
CN7,LH,labeled_train,Mold_Temperature_3,919,20.700000762939453,23.100000381469727,25.100000381469727,0.0
CN7,LH,labeled_train,Mold_Temperature_4,919,21.700000762939453,24.299999237060547,27.700000762939453,0.0
CN7,LH,labeled_all_descriptive,Injection_Time,1985,9.510000228881836,9.56999969482422,9.619999885559082,0.0
CN7,LH,labeled_all_descriptive,Filling_Time,1985,4.389999866485596,4.449999809265137,4.5,0.0
CN7,LH,labeled_all_descriptive,Plasticizing_Time,1985,16.559999465942383,16.850000381469727,17.079999923706055,0.0
CN7,LH,labeled_all_descriptive,Cycle_Time,1985,59.459999084472656,59.52000045776367,59.58000183105469,0.0
CN7,LH,labeled_all_descriptive,Max_Injection_Pressure,1985,141.6999969482422,141.8000030517578,142.1999969482422,0.0
CN7,LH,labeled_all_descriptive,Max_Injection_Speed,1985,54.900001525878906,55.5,56.29999923706055,0.0
CN7,LH,labeled_all_descriptive,Cushion_Position,1985,653.4099731445312,653.4299926757812,653.4500122070312,0.0
CN7,LH,labeled_all_descriptive,Barrel_Temperature_5,1985,254.5,255.0,255.6000061035156,0.0
CN7,LH,labeled_all_descriptive,Mold_Temperature_3,1985,20.399999618530277,22.100000381469727,25.0,0.0
CN7,LH,labeled_all_descriptive,Mold_Temperature_4,1985,21.700000762939453,23.5,27.600000381469727,0.0
CN7,RH,eligible_unlabeled,Injection_Time,15301,3.72,9.46,9.7,0.0
CN7,RH,eligible_unlabeled,Filling_Time,15301,3.58,4.48,6.0,0.0
CN7,RH,eligible_unlabeled,Plasticizing_Time,15301,2.7,16.78,21.85,0.0
CN7,RH,eligible_unlabeled,Cycle_Time,15301,35.2,59.52,70.6,6.535520554212144e-05
CN7,RH,eligible_unlabeled,Max_Injection_Pressure,15301,76.8,141.7,181.5,0.0
CN7,RH,eligible_unlabeled,Max_Injection_Speed,15301,26.0,53.9,65.7,0.0
CN7,RH,eligible_unlabeled,Cushion_Position,15301,17.3,653.41,655.09,0.0
CN7,RH,eligible_unlabeled,Barrel_Temperature_5,15301,235.1,254.9,264.9,0.0
CN7,RH,eligible_unlabeled,Mold_Temperature_3,15301,0.0,22.4,31.2,0.3662505718580485
CN7,RH,eligible_unlabeled,Mold_Temperature_4,15301,0.0,25.2,38.9,0.3662505718580485
CN7,RH,labeled_train,Injection_Time,920,9.520000457763672,9.56999969482422,9.630000114440918,0.0
CN7,RH,labeled_train,Filling_Time,920,4.409999847412109,4.449999809265137,4.510000228881836,0.0
CN7,RH,labeled_train,Plasticizing_Time,920,16.770000457763672,16.940000534057617,17.100000381469727,0.0
CN7,RH,labeled_train,Cycle_Time,920,59.459999084472656,59.52000045776367,59.58000183105469,0.0
CN7,RH,labeled_train,Max_Injection_Pressure,920,141.60000610351562,141.8000030517578,142.1999969482422,0.0
CN7,RH,labeled_train,Max_Injection_Speed,920,55.09999847412109,55.70000076293945,56.29999923706055,0.0
CN7,RH,labeled_train,Cushion_Position,920,653.4099731445312,653.4199829101562,653.4500122070312,0.0
CN7,RH,labeled_train,Barrel_Temperature_5,920,254.5,255.0,255.6000061035156,0.0
CN7,RH,labeled_train,Mold_Temperature_3,920,20.700000762939453,23.100000381469727,25.100000381469727,0.0
CN7,RH,labeled_train,Mold_Temperature_4,920,21.700000762939453,24.299999237060547,27.700000762939453,0.0
CN7,RH,labeled_all_descriptive,Injection_Time,1989,9.510000228881836,9.56999969482422,9.619999885559082,0.0
CN7,RH,labeled_all_descriptive,Filling_Time,1989,4.389999866485596,4.449999809265137,4.5,0.0
CN7,RH,labeled_all_descriptive,Plasticizing_Time,1989,16.559999465942383,16.850000381469727,17.079999923706055,0.0
CN7,RH,labeled_all_descriptive,Cycle_Time,1989,59.459999084472656,59.52000045776367,59.58000183105469,0.0
CN7,RH,labeled_all_descriptive,Max_Injection_Pressure,1989,141.6999969482422,141.8000030517578,142.1999969482422,0.0
CN7,RH,labeled_all_descriptive,Max_Injection_Speed,1989,54.900001525878906,55.5,56.29999923706055,0.0
CN7,RH,labeled_all_descriptive,Cushion_Position,1989,653.4099731445312,653.4299926757812,653.4500122070312,0.0
CN7,RH,labeled_all_descriptive,Barrel_Temperature_5,1989,254.5,255.0,255.6000061035156,0.0
CN7,RH,labeled_all_descriptive,Mold_Temperature_3,1989,20.399999618530277,22.100000381469727,25.0,0.0
CN7,RH,labeled_all_descriptive,Mold_Temperature_4,1989,21.700000762939453,23.5,27.600000381469727,0.0
RG3,LH,eligible_unlabeled,Injection_Time,18418,1.01,1.06,6.0,0.0
RG3,LH,eligible_unlabeled,Filling_Time,18418,0.89,0.93,6.0,5.42947116950809e-05
RG3,LH,eligible_unlabeled,Plasticizing_Time,18418,2.8,12.88,29.16149999999998,0.0
RG3,LH,eligible_unlabeled,Cycle_Time,18418,35.6,61.78,66.66,0.0001085894233901618
RG3,LH,eligible_unlabeled,Max_Injection_Pressure,18418,80.5,140.5,177.7,5.42947116950809e-05
RG3,LH,eligible_unlabeled,Max_Injection_Speed,18418,36.5,126.6,128.4,5.42947116950809e-05
RG3,LH,eligible_unlabeled,Cushion_Position,18418,18.2,654.26,655.1,5.42947116950809e-05
RG3,LH,eligible_unlabeled,Barrel_Temperature_5,18418,235.3,264.6,265.6,0.0
RG3,LH,eligible_unlabeled,Mold_Temperature_3,18418,0.0,20.8,30.5,0.30318167010533176
RG3,LH,eligible_unlabeled,Mold_Temperature_4,18418,0.0,22.2,39.4,0.30318167010533176
RG3,LH,labeled_train,Injection_Time,591,1.059999942779541,1.059999942779541,1.059999942779541,0.0
RG3,LH,labeled_train,Filling_Time,591,0.9300000071525574,0.9399999976158142,0.9399999976158142,0.0
RG3,LH,labeled_train,Plasticizing_Time,591,12.859999656677246,12.920000076293944,13.010000228881836,0.0
RG3,LH,labeled_train,Cycle_Time,591,61.73500061035156,61.77999877929688,61.77999877929688,0.0
RG3,LH,labeled_train,Max_Injection_Pressure,591,142.39999389648438,142.60000610351562,142.8000030517578,0.0
RG3,LH,labeled_train,Max_Injection_Speed,591,128.0,128.1999969482422,128.39999389648438,0.0
RG3,LH,labeled_train,Cushion_Position,591,654.22998046875,654.25,654.27001953125,0.0
RG3,LH,labeled_train,Barrel_Temperature_5,591,264.6000061035156,265.0,265.6000061035156,0.0
RG3,LH,labeled_train,Mold_Temperature_3,591,21.399999618530277,22.700000762939453,23.600000381469727,0.0
RG3,LH,labeled_train,Mold_Temperature_4,591,22.5,23.799999237060547,25.100000381469727,0.0
RG3,LH,labeled_all_descriptive,Injection_Time,628,1.059999942779541,1.059999942779541,1.0700000524520874,0.0
RG3,LH,labeled_all_descriptive,Filling_Time,628,0.9300000071525574,0.9399999976158142,0.9399999976158142,0.0
RG3,LH,labeled_all_descriptive,Plasticizing_Time,628,12.859999656677246,12.920000076293944,13.079999923706056,0.0
RG3,LH,labeled_all_descriptive,Cycle_Time,628,61.7400016784668,61.77999877929688,61.77999877929688,0.0
RG3,LH,labeled_all_descriptive,Max_Injection_Pressure,628,142.39999389648438,142.60000610351562,143.0,0.0
RG3,LH,labeled_all_descriptive,Max_Injection_Speed,628,127.5,128.1999969482422,128.39999389648438,0.0
RG3,LH,labeled_all_descriptive,Cushion_Position,628,654.22998046875,654.25,654.27001953125,0.0
RG3,LH,labeled_all_descriptive,Barrel_Temperature_5,628,264.6000061035156,265.0,265.6000061035156,0.0
RG3,LH,labeled_all_descriptive,Mold_Temperature_3,628,21.399999618530277,22.700000762939453,23.600000381469727,0.0
RG3,LH,labeled_all_descriptive,Mold_Temperature_4,628,22.5,23.799999237060547,25.100000381469727,0.0
RG3,RH,eligible_unlabeled,Injection_Time,16749,1.02,5.0,10.48,0.0
RG3,RH,eligible_unlabeled,Filling_Time,16749,0.89,2.37,6.0,5.9705057018329455e-05
RG3,RH,eligible_unlabeled,Plasticizing_Time,16749,2.8,9.54,17.43,0.0
RG3,RH,eligible_unlabeled,Cycle_Time,16749,38.0,60.88,68.35,0.00011941011403665891
RG3,RH,eligible_unlabeled,Max_Injection_Pressure,16749,79.7,140.0,186.8,5.9705057018329455e-05
RG3,RH,eligible_unlabeled,Max_Injection_Speed,16749,37.9,73.0,128.4,5.9705057018329455e-05
RG3,RH,eligible_unlabeled,Cushion_Position,16749,18.2,654.24,655.07,5.9705057018329455e-05
RG3,RH,eligible_unlabeled,Barrel_Temperature_5,16749,240.0,260.0,265.5,0.0
RG3,RH,eligible_unlabeled,Mold_Temperature_3,16749,0.0,20.1,30.1,0.45196728162875394
RG3,RH,eligible_unlabeled,Mold_Temperature_4,16749,0.0,22.0,39.7,0.45196728162875394
RG3,RH,labeled_train,Injection_Time,591,1.059999942779541,1.059999942779541,1.059999942779541,0.0
RG3,RH,labeled_train,Filling_Time,591,0.9300000071525574,0.9399999976158142,0.9399999976158142,0.0
RG3,RH,labeled_train,Plasticizing_Time,591,12.859999656677246,12.920000076293944,13.010000228881836,0.0
RG3,RH,labeled_train,Cycle_Time,591,61.73500061035156,61.77999877929688,61.77999877929688,0.0
RG3,RH,labeled_train,Max_Injection_Pressure,591,142.39999389648438,142.60000610351562,142.8000030517578,0.0
RG3,RH,labeled_train,Max_Injection_Speed,591,128.0,128.1999969482422,128.39999389648438,0.0
RG3,RH,labeled_train,Cushion_Position,591,654.22998046875,654.25,654.27001953125,0.0
RG3,RH,labeled_train,Barrel_Temperature_5,591,264.6000061035156,265.0,265.6000061035156,0.0
RG3,RH,labeled_train,Mold_Temperature_3,591,21.399999618530277,22.700000762939453,23.600000381469727,0.0
RG3,RH,labeled_train,Mold_Temperature_4,591,22.5,23.799999237060547,25.100000381469727,0.0
RG3,RH,labeled_all_descriptive,Injection_Time,628,1.059999942779541,1.059999942779541,1.0700000524520874,0.0
RG3,RH,labeled_all_descriptive,Filling_Time,628,0.9300000071525574,0.9399999976158142,0.9399999976158142,0.0
RG3,RH,labeled_all_descriptive,Plasticizing_Time,628,12.859999656677246,12.920000076293944,13.086500072479248,0.0
RG3,RH,labeled_all_descriptive,Cycle_Time,628,61.7400016784668,61.77999877929688,61.77999877929688,0.0
RG3,RH,labeled_all_descriptive,Max_Injection_Pressure,628,142.39999389648438,142.60000610351562,143.0,0.0
RG3,RH,labeled_all_descriptive,Max_Injection_Speed,628,127.43500099182128,128.1999969482422,128.39999389648438,0.0
RG3,RH,labeled_all_descriptive,Cushion_Position,628,654.22998046875,654.25,654.27001953125,0.0
RG3,RH,labeled_all_descriptive,Barrel_Temperature_5,628,264.6000061035156,265.0,265.6000061035156,0.0
RG3,RH,labeled_all_descriptive,Mold_Temperature_3,628,21.399999618530277,22.700000762939453,23.600000381469727,0.0
RG3,RH,labeled_all_descriptive,Mold_Temperature_4,628,22.5,23.799999237060547,25.100000381469727,0.0
