product,side,segment,start,end,records,defects,preceding_gap_seconds
CN7,LH,1,2020-10-16 04:58:48,2020-10-16 08:05:18,187,4,
CN7,LH,2,2020-10-19 23:24:46,2020-10-20 06:20:14,418,0,314368.0
CN7,LH,3,2020-10-27 00:10:40,2020-10-27 00:17:37,8,0,582626.0
CN7,LH,4,2020-10-27 00:28:30,2020-10-27 05:48:36,306,5,653.0
CN7,LH,5,2020-10-29 04:34:20,2020-10-29 06:30:24,120,0,168344.0
CN7,LH,6,2020-10-29 06:44:19,2020-10-29 07:58:43,74,0,835.0
CN7,LH,7,2020-10-29 23:25:39,2020-10-30 02:01:20,153,0,55616.0
CN7,LH,8,2020-10-30 02:11:54,2020-10-30 04:52:30,162,0,634.0
CN7,LH,9,2020-10-30 05:51:59,2020-10-30 06:29:37,39,0,3569.0
CN7,LH,10,2020-10-30 06:41:30,2020-10-30 07:36:02,55,0,713.0
CN7,LH,11,2020-11-03 00:38:12,2020-11-03 08:19:35,463,1,320530.0
CN7,RH,1,2020-10-16 04:57:47,2020-10-16 08:05:18,188,13,
CN7,RH,2,2020-10-19 23:24:46,2020-10-20 06:20:14,418,0,314368.0
CN7,RH,3,2020-10-27 00:10:40,2020-10-27 00:17:37,8,0,582626.0
CN7,RH,4,2020-10-27 00:28:30,2020-10-27 05:48:36,306,5,653.0
CN7,RH,5,2020-10-29 04:34:20,2020-10-29 06:30:24,120,0,168344.0
CN7,RH,6,2020-10-29 06:44:19,2020-10-29 07:58:43,74,0,835.0
CN7,RH,7,2020-10-29 23:25:39,2020-10-30 02:01:20,156,0,55616.0
CN7,RH,8,2020-10-30 02:11:54,2020-10-30 04:52:30,162,0,634.0
CN7,RH,9,2020-10-30 05:51:59,2020-10-30 06:29:37,39,0,3569.0
CN7,RH,10,2020-10-30 06:41:30,2020-10-30 07:36:02,55,0,713.0
CN7,RH,11,2020-11-03 00:38:12,2020-11-03 08:19:35,463,0,320530.0
RG3,LH,1,2020-10-21 00:16:26,2020-10-21 00:57:37,41,0,
RG3,LH,2,2020-10-22 00:24:05,2020-10-22 01:28:56,64,0,84388.0
RG3,LH,3,2020-10-22 01:40:17,2020-10-22 02:20:26,39,0,681.0
RG3,LH,4,2020-10-22 04:40:26,2020-10-22 08:09:24,197,0,8400.0
RG3,LH,5,2020-10-23 01:01:28,2020-10-23 01:29:17,28,0,60724.0
RG3,LH,6,2020-10-23 01:47:49,2020-10-23 02:36:11,46,0,1112.0
RG3,LH,7,2020-10-23 04:41:48,2020-10-23 07:46:03,176,0,7537.0
RG3,LH,8,2020-11-04 05:05:25,2020-11-04 05:43:29,35,5,1027162.0
RG3,LH,9,2020-11-05 03:00:02,2020-11-05 03:00:02,1,0,76593.0
RG3,LH,10,2020-11-06 04:27:38,2020-11-06 04:27:38,1,0,91656.0
RG3,RH,1,2020-10-21 00:16:26,2020-10-21 00:57:37,41,0,
RG3,RH,2,2020-10-22 00:24:05,2020-10-22 01:28:56,64,4,84388.0
RG3,RH,3,2020-10-22 01:40:17,2020-10-22 02:20:26,39,1,681.0
RG3,RH,4,2020-10-22 04:40:26,2020-10-22 08:09:24,197,10,8400.0
RG3,RH,5,2020-10-23 01:01:28,2020-10-23 01:29:17,28,2,60724.0
RG3,RH,6,2020-10-23 01:47:49,2020-10-23 02:36:11,46,2,1112.0
RG3,RH,7,2020-10-23 04:41:48,2020-10-23 07:46:03,176,6,7537.0
RG3,RH,8,2020-11-04 05:01:17,2020-11-04 05:43:29,36,2,1026914.0
RG3,RH,9,2020-11-05 03:00:02,2020-11-05 03:00:02,1,0,76593.0
