product,side,date,reason,feature,normal_n,defect_n,normal_median,defect_median,raw_median_difference,normal_iqr,difference_over_normal_iqr
CN7,LH,2020-10-16,가스,Injection_Time,183,3,9.579999923706056,9.449999809265137,-0.13000011444091975,0.0200004577636701,-6.4998569521273115
CN7,LH,2020-10-16,가스,Filling_Time,183,3,4.460000038146973,4.329999923706055,-0.13000011444091797,0.019999980926513672,-6.500011920940324
CN7,LH,2020-10-16,가스,Plasticizing_Time,183,3,16.920000076293945,16.920000076293945,0.0,0.04000091552734375,0.0
CN7,LH,2020-10-16,가스,Cycle_Time,183,3,59.52000045776367,59.43999862670898,-0.0800018310546946,0.0,
CN7,LH,2020-10-16,가스,Max_Injection_Pressure,183,3,141.6999969482422,141.39999389648438,-0.3000030517578125,0.100006103515625,-2.9998474214220323
CN7,LH,2020-10-16,가스,Max_Injection_Speed,183,3,55.5,60.79999923706055,5.299999237060547,0.2999992370605469,17.666709052299634
CN7,LH,2020-10-16,가스,Cushion_Position,183,3,653.4099731445312,653.4000244140625,-0.00994873046875,0.0,
CN7,LH,2020-10-16,가스,Barrel_Temperature_5,183,3,255.0,254.8999938964844,-0.10000610351559658,0.4499969482421875,-0.22223729273331314
CN7,LH,2020-10-16,가스,Mold_Temperature_3,183,3,25.0,25.100000381469727,0.10000038146972656,0.10000038146972656,1.0
CN7,LH,2020-10-16,가스,Mold_Temperature_4,183,3,27.600000381469727,27.600000381469727,0.0,0.20000076293945312,0.0
CN7,LH,2020-10-16,미성형,Injection_Time,183,1,9.579999923706056,9.449999809265137,-0.13000011444091975,0.0200004577636701,-6.4998569521273115
CN7,LH,2020-10-16,미성형,Filling_Time,183,1,4.460000038146973,4.329999923706055,-0.13000011444091797,0.019999980926513672,-6.500011920940324
CN7,LH,2020-10-16,미성형,Plasticizing_Time,183,1,16.920000076293945,16.959999084472656,0.03999900817871094,0.04000091552734375,0.9999523173755483
CN7,LH,2020-10-16,미성형,Cycle_Time,183,1,59.52000045776367,59.58000183105469,0.060001373291015625,0.0,
CN7,LH,2020-10-16,미성형,Max_Injection_Pressure,183,1,141.6999969482422,141.39999389648438,-0.3000030517578125,0.100006103515625,-2.9998474214220323
CN7,LH,2020-10-16,미성형,Max_Injection_Speed,183,1,55.5,60.70000076293945,5.200000762939453,0.2999992370605469,17.333379957529594
CN7,LH,2020-10-16,미성형,Cushion_Position,183,1,653.4099731445312,653.4000244140625,-0.00994873046875,0.0,
CN7,LH,2020-10-16,미성형,Barrel_Temperature_5,183,1,255.0,255.0,0.0,0.4499969482421875,0.0
CN7,LH,2020-10-16,미성형,Mold_Temperature_3,183,1,25.0,25.0,0.0,0.10000038146972656,0.0
CN7,LH,2020-10-16,미성형,Mold_Temperature_4,183,1,27.600000381469727,27.700000762939453,0.10000038146972656,0.20000076293945312,0.5
CN7,LH,2020-10-27,초기허용불량,Injection_Time,309,5,9.609999656677246,10.829999923706056,1.2200002670288104,0.019999504089353692,61.001525916747674
CN7,LH,2020-10-27,초기허용불량,Filling_Time,309,5,4.489999771118164,5.71999979019165,1.2300000190734863,0.03000020980834961,40.99971389970595
CN7,LH,2020-10-27,초기허용불량,Plasticizing_Time,309,5,16.84000015258789,16.649999618530273,-0.1900005340576172,0.08999824523925781,-2.1111582070573274
CN7,LH,2020-10-27,초기허용불량,Cycle_Time,309,5,59.560001373291016,60.459999084472656,0.8999977111816406,0.020000457763671875,44.99885561701316
CN7,LH,2020-10-27,초기허용불량,Max_Injection_Pressure,309,5,142.10000610351562,144.89999389648438,2.79998779296875,0.1999969482421875,14.000152590218967
CN7,LH,2020-10-27,초기허용불량,Max_Injection_Speed,309,5,55.29999923706055,45.400001525878906,-9.89999771118164,0.20000076293945312,-49.49979972915753
CN7,LH,2020-10-27,초기허용불량,Cushion_Position,309,5,653.4500122070312,653.4299926757812,-0.02001953125,0.010009765625,-2.0
CN7,LH,2020-10-27,초기허용불량,Barrel_Temperature_5,309,5,255.0,255.1999969482422,0.1999969482421875,0.399993896484375,0.5
CN7,LH,2020-10-27,초기허용불량,Mold_Temperature_3,309,5,22.399999618530277,20.600000381469727,-1.7999992370605504,1.6000003814697266,-1.1249992549421202
CN7,LH,2020-10-27,초기허용불량,Mold_Temperature_4,309,5,23.700000762939453,21.799999237060547,-1.9000015258789062,1.6999988555908239,-1.1176487087802025
CN7,LH,2020-11-03,미성형,Injection_Time,462,1,9.59000015258789,9.600000381469728,0.010000228881837714,0.020000457763671875,0.5000000000000888
CN7,LH,2020-11-03,미성형,Filling_Time,462,1,4.46999979019165,4.480000019073486,0.010000228881835938,0.019999980926513672,0.5000119209403238
CN7,LH,2020-11-03,미성형,Plasticizing_Time,462,1,16.59000015258789,16.579999923706055,-0.010000228881835938,0.05000114440917969,-0.2
CN7,LH,2020-11-03,미성형,Cycle_Time,462,1,59.52000045776367,59.52000045776367,0.0,0.020000457763671875,0.0
CN7,LH,2020-11-03,미성형,Max_Injection_Pressure,462,1,142.10000610351562,142.10000610351562,0.0,0.0999908447265625,0.0
CN7,LH,2020-11-03,미성형,Max_Injection_Speed,462,1,55.0,55.0,0.0,0.1999969482421804,0.0
CN7,LH,2020-11-03,미성형,Cushion_Position,462,1,653.4299926757812,653.4299926757812,0.0,0.0,
CN7,LH,2020-11-03,미성형,Barrel_Temperature_5,462,1,255.0,255.1000061035156,0.10000610351559658,0.399993896484375,0.2500190737772998
CN7,LH,2020-11-03,미성형,Mold_Temperature_3,462,1,21.34999942779541,22.200000762939453,0.850001335144043,1.0,0.850001335144043
CN7,LH,2020-11-03,미성형,Mold_Temperature_4,462,1,23.299999237060547,24.0,0.7000007629394531,1.3999996185302699,0.5000006811961272
CN7,RH,2020-10-16,가스,Injection_Time,175,10,9.579999923706056,9.579999923706056,0.0,0.0200004577636701,0.0
CN7,RH,2020-10-16,가스,Filling_Time,175,10,4.460000038146973,4.460000038146973,0.0,0.019999980926513672,0.0
CN7,RH,2020-10-16,가스,Plasticizing_Time,175,10,16.920000076293945,16.925000190734863,0.005000114440917969,0.04000091552734375,0.125
CN7,RH,2020-10-16,가스,Cycle_Time,175,10,59.52000045776367,59.52000045776367,0.0,0.0,
CN7,RH,2020-10-16,가스,Max_Injection_Pressure,175,10,141.6999969482422,141.75,0.0500030517578125,0.100006103515625,0.5
CN7,RH,2020-10-16,가스,Max_Injection_Speed,175,10,55.5,55.5,0.0,0.2999992370605469,0.0
CN7,RH,2020-10-16,가스,Cushion_Position,175,10,653.4099731445312,653.4099731445312,0.0,0.0,
CN7,RH,2020-10-16,가스,Barrel_Temperature_5,175,10,255.0,255.1000061035156,0.10000610351559658,0.399993896484375,0.2500190737772998
CN7,RH,2020-10-16,가스,Mold_Temperature_3,175,10,25.0,25.100000381469727,0.10000038146972656,0.10000038146972656,1.0
CN7,RH,2020-10-16,가스,Mold_Temperature_4,175,10,27.600000381469727,27.700000762939453,0.10000038146972656,0.20000076293945312,0.5
CN7,RH,2020-10-16,미성형,Injection_Time,175,3,9.579999923706056,9.449999809265137,-0.13000011444091975,0.0200004577636701,-6.4998569521273115
CN7,RH,2020-10-16,미성형,Filling_Time,175,3,4.460000038146973,4.329999923706055,-0.13000011444091797,0.019999980926513672,-6.500011920940324
CN7,RH,2020-10-16,미성형,Plasticizing_Time,175,3,16.920000076293945,16.93000030517578,0.010000228881835938,0.04000091552734375,0.25
CN7,RH,2020-10-16,미성형,Cycle_Time,175,3,59.52000045776367,59.43999862670898,-0.0800018310546946,0.0,
CN7,RH,2020-10-16,미성형,Max_Injection_Pressure,175,3,141.6999969482422,141.39999389648438,-0.3000030517578125,0.100006103515625,-2.9998474214220323
CN7,RH,2020-10-16,미성형,Max_Injection_Speed,175,3,55.5,60.79999923706055,5.299999237060547,0.2999992370605469,17.666709052299634
CN7,RH,2020-10-16,미성형,Cushion_Position,175,3,653.4099731445312,653.4000244140625,-0.00994873046875,0.0,
CN7,RH,2020-10-16,미성형,Barrel_Temperature_5,175,3,255.0,254.8999938964844,-0.10000610351559658,0.399993896484375,-0.2500190737772998
CN7,RH,2020-10-16,미성형,Mold_Temperature_3,175,3,25.0,25.100000381469727,0.10000038146972656,0.10000038146972656,1.0
CN7,RH,2020-10-16,미성형,Mold_Temperature_4,175,3,27.600000381469727,27.700000762939453,0.10000038146972656,0.20000076293945312,0.5
CN7,RH,2020-10-27,초기허용불량,Injection_Time,309,5,9.609999656677246,10.829999923706056,1.2200002670288104,0.019999504089353692,61.001525916747674
CN7,RH,2020-10-27,초기허용불량,Filling_Time,309,5,4.489999771118164,5.71999979019165,1.2300000190734863,0.03000020980834961,40.99971389970595
CN7,RH,2020-10-27,초기허용불량,Plasticizing_Time,309,5,16.84000015258789,16.649999618530273,-0.1900005340576172,0.08999824523925781,-2.1111582070573274
CN7,RH,2020-10-27,초기허용불량,Cycle_Time,309,5,59.560001373291016,60.459999084472656,0.8999977111816406,0.020000457763671875,44.99885561701316
CN7,RH,2020-10-27,초기허용불량,Max_Injection_Pressure,309,5,142.10000610351562,144.89999389648438,2.79998779296875,0.1999969482421875,14.000152590218967
CN7,RH,2020-10-27,초기허용불량,Max_Injection_Speed,309,5,55.29999923706055,45.400001525878906,-9.89999771118164,0.20000076293945312,-49.49979972915753
CN7,RH,2020-10-27,초기허용불량,Cushion_Position,309,5,653.4500122070312,653.4299926757812,-0.02001953125,0.010009765625,-2.0
CN7,RH,2020-10-27,초기허용불량,Barrel_Temperature_5,309,5,255.0,255.1999969482422,0.1999969482421875,0.399993896484375,0.5
CN7,RH,2020-10-27,초기허용불량,Mold_Temperature_3,309,5,22.399999618530277,20.600000381469727,-1.7999992370605504,1.6000003814697266,-1.1249992549421202
CN7,RH,2020-10-27,초기허용불량,Mold_Temperature_4,309,5,23.700000762939453,21.799999237060547,-1.9000015258789062,1.6999988555908239,-1.1176487087802025
RG3,LH,2020-11-04,가스,Injection_Time,30,3,1.0700000524520874,1.0700000524520874,0.0,0.009999990463256836,0.0
RG3,LH,2020-11-04,가스,Filling_Time,30,3,0.949999988079071,0.9399999976158142,-0.009999990463256836,0.0,
RG3,LH,2020-11-04,가스,Plasticizing_Time,30,3,13.130000114440918,13.130000114440918,0.0,0.04749941825866344,0.0
RG3,LH,2020-11-04,가스,Cycle_Time,30,3,61.77999877929688,61.77999877929688,0.0,0.02000045776367898,0.0
RG3,LH,2020-11-04,가스,Max_Injection_Pressure,30,3,143.3499984741211,143.10000610351562,-0.24999237060546875,0.1999969482421875,-1.2499809262226291
RG3,LH,2020-11-04,가스,Max_Injection_Speed,30,3,127.1999969482422,127.4000015258789,0.20000457763670454,0.27500343322753906,0.727280293519899
RG3,LH,2020-11-04,가스,Cushion_Position,30,3,654.239990234375,654.239990234375,0.0,0.030029296875,0.0
RG3,LH,2020-11-04,가스,Barrel_Temperature_5,30,3,265.0,265.0,0.0,0.20001220703125,0.0
RG3,LH,2020-11-04,가스,Mold_Temperature_3,30,3,22.399999618530277,22.5,0.10000038146972301,0.10000038146973012,0.999999999999929
RG3,LH,2020-11-04,가스,Mold_Temperature_4,30,3,24.200000762939453,24.399999618530277,0.19999885559082387,0.09999847412109375,2.0000190737774064
RG3,LH,2020-11-04,미성형,Injection_Time,30,2,1.0700000524520874,1.0800000429153442,0.009999990463256836,0.009999990463256836,1.0
RG3,LH,2020-11-04,미성형,Filling_Time,30,2,0.949999988079071,0.949999988079071,0.0,0.0,
RG3,LH,2020-11-04,미성형,Plasticizing_Time,30,2,13.130000114440918,13.159999847412108,0.02999973297118963,0.04749941825866344,0.6315810608000018
RG3,LH,2020-11-04,미성형,Cycle_Time,30,2,61.77999877929688,61.77999877929688,0.0,0.02000045776367898,0.0
RG3,LH,2020-11-04,미성형,Max_Injection_Pressure,30,2,143.3499984741211,143.5,0.15000152587890625,0.1999969482421875,0.7500190737773709
RG3,LH,2020-11-04,미성형,Max_Injection_Speed,30,2,127.1999969482422,127.14999771118164,-0.049999237060561086,0.27500343322753906,-0.18181313765341792
RG3,LH,2020-11-04,미성형,Cushion_Position,30,2,654.239990234375,654.2550048828125,0.0150146484375,0.030029296875,0.5
RG3,LH,2020-11-04,미성형,Barrel_Temperature_5,30,2,265.0,264.6999969482422,-0.3000030517578125,0.20001220703125,-1.4999237107110162
RG3,LH,2020-11-04,미성형,Mold_Temperature_3,30,2,22.399999618530277,22.399999618530277,0.0,0.10000038146973012,0.0
RG3,LH,2020-11-04,미성형,Mold_Temperature_4,30,2,24.200000762939453,24.299999237060547,0.09999847412109375,0.09999847412109375,1.0
RG3,RH,2020-10-22,가스,Injection_Time,285,10,1.059999942779541,1.059999942779541,0.0,0.0,
RG3,RH,2020-10-22,가스,Filling_Time,285,10,0.9300000071525574,0.9300000071525574,0.0,0.009999990463256836,0.0
RG3,RH,2020-10-22,가스,Plasticizing_Time,285,10,12.93000030517578,12.934999942779541,0.004999637603761542,0.039999961853027344,0.12499105929480157
RG3,RH,2020-10-22,가스,Cycle_Time,285,10,61.77999877929688,61.77999877929688,0.0,0.02000045776367898,0.0
RG3,RH,2020-10-22,가스,Max_Injection_Pressure,285,10,142.60000610351562,142.4499969482422,-0.1500091552734375,0.1999969482421875,-0.7500572213321126
RG3,RH,2020-10-22,가스,Max_Injection_Speed,285,10,128.3000030517578,128.3000030517578,0.0,0.100006103515625,0.0
RG3,RH,2020-10-22,가스,Cushion_Position,285,10,654.260009765625,654.260009765625,0.0,0.02001953125,0.0
RG3,RH,2020-10-22,가스,Barrel_Temperature_5,285,10,265.0,265.1000061035156,0.100006103515625,0.4000244140625,0.25
RG3,RH,2020-10-22,가스,Mold_Temperature_3,285,10,22.600000381469727,22.34999942779541,-0.2500009536743164,0.7999992370605469,-0.31250149011754047
RG3,RH,2020-10-22,가스,Mold_Temperature_4,285,10,23.700000762939453,23.449999809265137,-0.2500009536743164,0.6999988555908203,-0.35714480342015414
RG3,RH,2020-10-22,미성형,Injection_Time,285,5,1.059999942779541,1.059999942779541,0.0,0.0,
RG3,RH,2020-10-22,미성형,Filling_Time,285,5,0.9300000071525574,0.9300000071525574,0.0,0.009999990463256836,0.0
RG3,RH,2020-10-22,미성형,Plasticizing_Time,285,5,12.93000030517578,12.960000038146973,0.029999732971193183,0.039999961853027344,0.7499940395298825
RG3,RH,2020-10-22,미성형,Cycle_Time,285,5,61.77999877929688,61.77999877929688,0.0,0.02000045776367898,0.0
RG3,RH,2020-10-22,미성형,Max_Injection_Pressure,285,5,142.60000610351562,142.5,-0.100006103515625,0.1999969482421875,-0.5000381475547417
RG3,RH,2020-10-22,미성형,Max_Injection_Speed,285,5,128.3000030517578,128.3000030517578,0.0,0.100006103515625,0.0
RG3,RH,2020-10-22,미성형,Cushion_Position,285,5,654.260009765625,654.260009765625,0.0,0.02001953125,0.0
RG3,RH,2020-10-22,미성형,Barrel_Temperature_5,285,5,265.0,265.3999938964844,0.399993896484375,0.4000244140625,0.9999237107110162
RG3,RH,2020-10-22,미성형,Mold_Temperature_3,285,5,22.600000381469727,22.700000762939453,0.10000038146972656,0.7999992370605469,0.1250005960470162
RG3,RH,2020-10-22,미성형,Mold_Temperature_4,285,5,23.700000762939453,23.799999237060547,0.09999847412109375,0.6999988555908203,0.14285519657984583
RG3,RH,2020-10-23,가스,Injection_Time,240,7,1.059999942779541,1.059999942779541,0.0,0.0,
RG3,RH,2020-10-23,가스,Filling_Time,240,7,0.9399999976158142,0.9399999976158142,0.0,0.0,
RG3,RH,2020-10-23,가스,Plasticizing_Time,240,7,12.890000343322754,12.890000343322754,0.0,0.039999961853027344,0.0
RG3,RH,2020-10-23,가스,Cycle_Time,240,7,61.77999877929688,61.77999877929688,0.0,0.03999710083008523,0.0
RG3,RH,2020-10-23,가스,Max_Injection_Pressure,240,7,142.6999969482422,142.8000030517578,0.100006103515625,0.1999969482421875,0.5000381475547417
RG3,RH,2020-10-23,가스,Max_Injection_Speed,240,7,128.10000610351562,128.0,-0.100006103515625,0.0999908447265625,-1.0001526018617428
RG3,RH,2020-10-23,가스,Cushion_Position,240,7,654.239990234375,654.239990234375,0.0,0.010009765625,0.0
RG3,RH,2020-10-23,가스,Barrel_Temperature_5,240,7,265.0,265.0,0.0,0.4000244140625,0.0
RG3,RH,2020-10-23,가스,Mold_Temperature_3,240,7,23.299999237060547,23.299999237060547,0.0,1.424999713897705,0.0
RG3,RH,2020-10-23,가스,Mold_Temperature_4,240,7,24.799999237060547,24.700000762939453,-0.09999847412109375,1.600000381469723,-0.062499031424753465
RG3,RH,2020-10-23,미성형,Injection_Time,240,3,1.059999942779541,1.059999942779541,0.0,0.0,
RG3,RH,2020-10-23,미성형,Filling_Time,240,3,0.9399999976158142,0.9399999976158142,0.0,0.0,
RG3,RH,2020-10-23,미성형,Plasticizing_Time,240,3,12.890000343322754,12.890000343322754,0.0,0.039999961853027344,0.0
RG3,RH,2020-10-23,미성형,Cycle_Time,240,3,61.77999877929688,61.7599983215332,-0.02000045776367898,0.03999710083008523,-0.5000476871722395
RG3,RH,2020-10-23,미성형,Max_Injection_Pressure,240,3,142.6999969482422,142.8000030517578,0.100006103515625,0.1999969482421875,0.5000381475547417
RG3,RH,2020-10-23,미성형,Max_Injection_Speed,240,3,128.10000610351562,128.10000610351562,0.0,0.0999908447265625,0.0
RG3,RH,2020-10-23,미성형,Cushion_Position,240,3,654.239990234375,654.239990234375,0.0,0.010009765625,0.0
RG3,RH,2020-10-23,미성형,Barrel_Temperature_5,240,3,265.0,265.0,0.0,0.4000244140625,0.0
RG3,RH,2020-10-23,미성형,Mold_Temperature_3,240,3,23.299999237060547,23.299999237060547,0.0,1.424999713897705,0.0
RG3,RH,2020-10-23,미성형,Mold_Temperature_4,240,3,24.799999237060547,24.799999237060547,0.0,1.600000381469723,0.0
RG3,RH,2020-11-04,가스,Injection_Time,34,2,1.0700000524520874,1.0800000429153442,0.009999990463256836,0.009999990463256836,1.0
RG3,RH,2020-11-04,가스,Filling_Time,34,2,0.949999988079071,0.949999988079071,0.0,0.0,
RG3,RH,2020-11-04,가스,Plasticizing_Time,34,2,13.130000114440918,13.150000095367432,0.019999980926513672,0.04749941825866344,0.4210573868000134
RG3,RH,2020-11-04,가스,Cycle_Time,34,2,61.77999877929688,61.989999771118164,0.21000099182128196,0.02000045776367898,10.499809269498108
RG3,RH,2020-11-04,가스,Max_Injection_Pressure,34,2,143.3499984741211,143.4499969482422,0.09999847412109375,0.27500152587890625,0.3636287973366625
RG3,RH,2020-11-04,가스,Max_Injection_Speed,34,2,127.1999969482422,127.0999984741211,-0.09999847412110796,0.3000030517578125,-0.3333248563145787
RG3,RH,2020-11-04,가스,Cushion_Position,34,2,654.239990234375,654.260009765625,0.02001953125,0.030029296875,0.6666666666666666
RG3,RH,2020-11-04,가스,Barrel_Temperature_5,34,2,265.0,264.8999938964844,-0.100006103515625,0.20001220703125,-0.5
RG3,RH,2020-11-04,가스,Mold_Temperature_3,34,2,22.399999618530277,22.399999618530277,0.0,0.10000038146973012,0.0
RG3,RH,2020-11-04,가스,Mold_Temperature_4,34,2,24.200000762939453,24.34999942779541,0.14999866485595703,0.09999847412109375,1.5000095368886854
