product,side,month,records
CN7,LH,2020-04,21
CN7,LH,2020-05,390
CN7,LH,2020-07,239
CN7,LH,2020-08,4833
CN7,LH,2020-09,6557
CN7,LH,2020-10,7293
CN7,RH,2020-03,55
CN7,RH,2020-04,2226
CN7,RH,2020-05,590
CN7,RH,2020-07,546
CN7,RH,2020-08,1283
CN7,RH,2020-09,1357
CN7,RH,2020-10,9849
RG3,LH,2020-03,4078
RG3,LH,2020-04,2490
RG3,LH,2020-05,21
RG3,LH,2020-06,447
RG3,LH,2020-07,7593
RG3,LH,2020-09,147
RG3,LH,2020-10,4029
RG3,RH,2020-03,1375
RG3,RH,2020-04,3284
RG3,RH,2020-05,1371
RG3,RH,2020-06,3404
RG3,RH,2020-07,2887
RG3,RH,2020-09,4
RG3,RH,2020-10,4811
