product_group,feature,ks_statistic,wasserstein_standardized,labeled_unique,unlabeled_unique,unlabeled_outside_labeled_range,labeled_mean,unlabeled_mean,labeled_std,unlabeled_std
cn7,Injection_Time,0.3068173917453002,0.4192321802572036,15,115,0.0,-2.9571720794640006e-14,1.0323728843303479e-16,1.0,1.0
cn7,Filling_Time,0.20710118933284383,0.32819724364781816,14,124,0.0,-5.351073286649144e-15,-7.678273327206962e-16,1.0,0.9999999999999999
cn7,Plasticizing_Time,0.5150827208490593,0.7423877778579013,34,307,0.5150827208490593,6.477615031206859e-15,2.5809322108258696e-17,1.0,0.9999999999999999
cn7,Cycle_Time,0.40726710133602495,0.5341343588295444,13,251,2.8377649763046623e-05,5.069437850509716e-14,6.3232839165233805e-16,1.0,1.0
cn7,Clamp_Close_Time,0.4315110578280965,0.16235824214084715,3,69,0.3852265955333579,-1.574811480412972e-14,-9.033262737890544e-17,1.0,1.0
cn7,Cushion_Position,0.5101281378597942,0.4281869045654825,5,85,0.0,4.630532492906094e-12,-1.6776059370368154e-16,1.0,0.9999999999999998
cn7,Plasticizing_Position,0.5095833385374647,0.5448451344479879,13,169,0.0,-3.628403202262972e-14,-9.033262737890544e-17,0.9999999999999999,0.9999999999999999
cn7,Clamp_Open_Position,0.5522006867391243,0.7424112286484422,1,47,1.0,0.0,1.387251063318905e-15,0.0,0.9999999999999999
cn7,Max_Injection_Speed,0.39077225848762964,0.45404978507308213,20,242,0.0895882403019382,3.2388075156034296e-15,-1.5485593264955218e-16,1.0,0.9999999999999999
cn7,Max_Screw_RPM,0.4308831876813161,0.5703332081869099,8,21,0.0,-6.68884160831143e-15,3.0971186529910437e-16,1.0,1.0
cn7,Average_Screw_RPM,0.47396376410800944,0.810132977218316,7,50,0.0,4.196367998477487e-14,2.3228389897432827e-16,1.0,1.0
cn7,Max_Injection_Pressure,0.42900334999209944,0.4863284119769521,8,179,0.03567070575214961,1.074908581265486e-13,-3.2261652635323373e-16,1.0000000000000002,1.0000000000000002
cn7,Max_Switch_Over_Pressure,0.3301116225831633,0.4902110902716209,17,254,0.0,-1.5924136951716862e-14,-1.8066525475781088e-16,1.0,1.0
cn7,Max_Back_Pressure,0.2895420580788556,0.4598369505028652,25,184,0.000227021198104373,-3.755139148525715e-15,-2.8390254319084565e-16,1.0,0.9999999999999999
cn7,Average_Back_Pressure,0.34526781834620446,0.4965348655249184,15,116,0.001816169584834984,-3.708199909169144e-15,-3.8713983162388046e-17,1.0,0.9999999999999999
cn7,Barrel_Temperature_1,0.3499299545402236,0.5481915873887697,25,87,0.0,-1.8247629299867148e-14,2.3228389897432827e-16,0.9999999999999999,1.0
cn7,Barrel_Temperature_2,0.22999068130472233,0.4221426048409416,24,76,0.0,-3.505481069197951e-14,4.684391962648954e-15,1.0,1.0
cn7,Barrel_Temperature_3,0.2771292850807682,0.43937559356614353,19,82,0.03513153040665172,8.745367032621216e-15,-2.8390254319084565e-16,0.9999999999999999,1.0
cn7,Barrel_Temperature_4,0.3220465820409688,0.45830887069189985,36,128,0.03527341865546695,2.114319362767565e-14,9.872065706408952e-15,1.0,1.0
cn7,Barrel_Temperature_5,0.470099646793165,0.47955002073783665,22,95,0.0,5.257194807936001e-15,1.4485482033260194e-15,1.0,0.9999999999999999
cn7,Barrel_Temperature_6,0.35562617604092606,0.37926941870440556,13,81,0.0,-3.579410371184551e-14,-8.646122906266663e-16,1.0000000000000002,1.0
cn7,Hopper_Temperature,0.2665281356195768,0.49857631218902826,47,279,0.03711796589006498,-2.675536643324572e-15,-4.1294915373213914e-16,1.0,0.9999999999999999
cn7,Mold_Temperature_3,0.32515703959389824,0.4525858507548568,39,182,0.0533783592042907,-8.214366887400002e-16,-2.5809322108258696e-17,0.9999999999999999,1.0
cn7,Mold_Temperature_4,0.33341467790934,0.46334485468837183,41,267,0.05374726865121031,-1.6428733774800003e-16,7.742796632477609e-17,0.9999999999999997,1.0
rg3,Injection_Time,0.5419314536499963,0.9367308276451969,3,91,0.0,-4.715310676228618e-14,1.8978910612662313e-16,1.0,1.0000000000000002
rg3,Filling_Time,0.4128039133132788,0.599558918282128,2,97,0.36584958682284857,-1.923635156034112e-16,1.771364990515149e-16,0.9999999999999999,1.0
rg3,Plasticizing_Time,0.3106833153093402,0.40415174191124514,27,470,0.0003617039036198214,-1.7601261677712126e-14,6.326303537554104e-17,0.9999999999999999,1.0
rg3,Cycle_Time,0.6238033652727814,0.6059476291320771,10,371,0.11588436604435046,5.502648534233517e-14,1.391786778261903e-16,1.0,1.0
rg3,Clamp_Close_Time,0.42112503331390405,0.5514805478486542,3,88,0.00019476364041067304,4.97259687834818e-14,-5.314094971545448e-16,1.0,1.0
rg3,Cushion_Position,0.4410622485215123,0.563339171372131,7,68,0.0,2.788886249218256e-12,-1.0122085660086567e-16,1.0,1.0
rg3,Plasticizing_Position,0.3049993430199173,0.3471526707596418,8,207,0.00011129350880609889,1.813266588956655e-13,1.6448389197640672e-16,0.9999999999999999,1.0
rg3,Clamp_Open_Position,0.6333157118611057,0.9591056425500083,1,53,1.0,0.0,7.591564245064925e-17,0.0,1.0
rg3,Max_Injection_Speed,0.3567146683479331,0.4577708024325774,7,179,0.0,-2.7556073610188658e-14,0.0,0.9999999999999998,1.0
rg3,Max_Screw_RPM,0.4235960410959284,0.44379425687172536,4,28,0.07217384046075513,-1.2069307764148403e-14,-1.2019976721352798e-16,1.0000000000000002,1.0
rg3,Average_Screw_RPM,0.302258716826331,0.7715563328689408,4,83,0.0,-8.43273561526454e-14,-2.5305214150216418e-17,1.0,1.0
rg3,Max_Injection_Pressure,0.2506692793335722,0.36643060316921844,10,236,5.5646754403049445e-05,-7.252104538248602e-14,2.1509432027683954e-16,1.0,1.0
rg3,Max_Switch_Over_Pressure,0.25603744922998695,0.2984272684571172,17,303,5.5646754403049445e-05,-1.1613947254555952e-14,-3.2896778395281343e-16,0.9999999999999999,0.9999999999999999
rg3,Max_Back_Pressure,0.2683036510626482,0.42035404325091963,16,233,0.00022258701761219778,6.5884504094168345e-15,5.0610428300432836e-17,1.0,1.0
rg3,Average_Back_Pressure,0.27786076927824604,0.34607880283710807,21,208,0.00019476364041067304,8.127358534244124e-15,-1.518312849012985e-16,0.9999999999999999,1.0
rg3,Barrel_Temperature_1,0.343679110118948,0.5112329458819294,25,78,0.0,-4.462307568011162e-14,-7.591564245064925e-17,1.0,1.0
rg3,Barrel_Temperature_2,0.29968587830845733,0.40441485213073214,22,93,0.02170223421718928,4.473654009751832e-14,3.9223081932835447e-16,1.0,1.0
rg3,Barrel_Temperature_3,0.3278385694245754,0.4491569702025603,17,91,0.0009459948248518405,2.130275651311214e-14,-2.910099627274888e-16,1.0,1.0
rg3,Barrel_Temperature_4,0.2998767344356569,0.5617425562915621,30,144,0.11324114521020562,4.0687889230052776e-14,-7.0728073549854884e-15,1.0,1.0
rg3,Barrel_Temperature_5,0.39096552815384455,0.5470266179908557,21,106,0.0,-7.989698393390433e-14,-4.428412476287873e-16,1.0,0.9999999999999999
rg3,Barrel_Temperature_6,0.31200885677885987,0.4343345443099389,12,89,0.027155616148688128,-2.1749099982910682e-14,1.0248611730837648e-15,0.9999999999999999,0.9999999999999999
rg3,Hopper_Temperature,0.23296132395210029,0.3323279545904133,52,329,0.0,-6.396086893813423e-15,-3.03662569802597e-16,1.0,1.0
rg3,Mold_Temperature_3,0.2706332821919887,0.30899869526841306,26,156,0.00022258701761219778,-3.847270312068224e-16,-2.783573556523806e-16,1.0,0.9999999999999999
rg3,Mold_Temperature_4,0.32096374717523274,0.4137399057867512,29,258,0.03194123702735038,4.80908789008528e-17,1.391786778261903e-16,0.9999999999999998,1.0
