product_group,model,row_block,rows,positives,tp,fp,fn,tn,recall,precision,fnr,fpr
cn7,catboost,0,122,17,6,2,11,103,0.35294117647058826,0.75,0.6470588235294118,0.01904761904761905
cn7,catboost,1,121,0,0,0,0,121,,,,0.0
cn7,catboost,2,121,0,0,0,0,121,,,,0.0
cn7,catboost,3,121,0,0,0,0,121,,,,0.0
cn7,catboost,4,121,0,0,0,0,121,,,,0.0
cn7,catboost,5,121,0,0,0,0,121,,,,0.0
cn7,catboost,6,121,0,0,0,0,121,,,,0.0
cn7,catboost,7,121,0,0,0,0,121,,,,0.0
cn7,catboost,8,121,0,0,0,0,121,,,,0.0
cn7,catboost,9,121,0,0,0,0,121,,,,0.0
cn7,catboost_balanced,0,122,17,5,10,12,95,0.29411764705882354,0.3333333333333333,0.7058823529411765,0.09523809523809523
cn7,catboost_balanced,1,121,0,0,7,0,114,,0.0,,0.05785123966942149
cn7,catboost_balanced,2,121,0,0,0,0,121,,,,0.0
cn7,catboost_balanced,3,121,0,0,0,0,121,,,,0.0
cn7,catboost_balanced,4,121,0,0,0,0,121,,,,0.0
cn7,catboost_balanced,5,121,0,0,0,0,121,,,,0.0
cn7,catboost_balanced,6,121,0,0,0,0,121,,,,0.0
cn7,catboost_balanced,7,121,0,0,0,0,121,,,,0.0
cn7,catboost_balanced,8,121,0,0,0,0,121,,,,0.0
cn7,catboost_balanced,9,121,0,0,0,0,121,,,,0.0
cn7,extratrees,0,122,17,6,2,11,103,0.35294117647058826,0.75,0.6470588235294118,0.01904761904761905
cn7,extratrees,1,121,0,0,0,0,121,,,,0.0
cn7,extratrees,2,121,0,0,0,0,121,,,,0.0
cn7,extratrees,3,121,0,0,0,0,121,,,,0.0
cn7,extratrees,4,121,0,0,0,0,121,,,,0.0
cn7,extratrees,5,121,0,0,0,0,121,,,,0.0
cn7,extratrees,6,121,0,0,0,0,121,,,,0.0
cn7,extratrees,7,121,0,0,0,0,121,,,,0.0
cn7,extratrees,8,121,0,0,0,0,121,,,,0.0
cn7,extratrees,9,121,0,0,4,0,117,,0.0,,0.03305785123966942
cn7,extratrees_balanced,0,122,17,12,43,5,62,0.7058823529411765,0.21818181818181817,0.29411764705882354,0.4095238095238095
cn7,extratrees_balanced,1,121,0,0,17,0,104,,0.0,,0.14049586776859505
cn7,extratrees_balanced,2,121,0,0,0,0,121,,,,0.0
cn7,extratrees_balanced,3,121,0,0,0,0,121,,,,0.0
cn7,extratrees_balanced,4,121,0,0,0,0,121,,,,0.0
cn7,extratrees_balanced,5,121,0,0,0,0,121,,,,0.0
cn7,extratrees_balanced,6,121,0,0,0,0,121,,,,0.0
cn7,extratrees_balanced,7,121,0,0,0,0,121,,,,0.0
cn7,extratrees_balanced,8,121,0,0,0,0,121,,,,0.0
cn7,extratrees_balanced,9,121,0,0,0,0,121,,,,0.0
cn7,lightgbm,0,122,17,10,25,7,80,0.5882352941176471,0.2857142857142857,0.4117647058823529,0.23809523809523808
cn7,lightgbm,1,121,0,0,21,0,100,,0.0,,0.17355371900826447
cn7,lightgbm,2,121,0,0,0,0,121,,,,0.0
cn7,lightgbm,3,121,0,0,0,0,121,,,,0.0
cn7,lightgbm,4,121,0,0,0,0,121,,,,0.0
cn7,lightgbm,5,121,0,0,0,0,121,,,,0.0
cn7,lightgbm,6,121,0,0,0,0,121,,,,0.0
cn7,lightgbm,7,121,0,0,0,0,121,,,,0.0
cn7,lightgbm,8,121,0,0,0,0,121,,,,0.0
cn7,lightgbm,9,121,0,0,0,0,121,,,,0.0
cn7,lightgbm_balanced,0,122,17,4,13,13,92,0.23529411764705882,0.23529411764705882,0.7647058823529411,0.12380952380952381
cn7,lightgbm_balanced,1,121,0,0,17,0,104,,0.0,,0.14049586776859505
cn7,lightgbm_balanced,2,121,0,0,0,0,121,,,,0.0
cn7,lightgbm_balanced,3,121,0,0,0,0,121,,,,0.0
cn7,lightgbm_balanced,4,121,0,0,0,0,121,,,,0.0
cn7,lightgbm_balanced,5,121,0,0,0,0,121,,,,0.0
cn7,lightgbm_balanced,6,121,0,0,0,0,121,,,,0.0
cn7,lightgbm_balanced,7,121,0,0,0,0,121,,,,0.0
cn7,lightgbm_balanced,8,121,0,0,0,0,121,,,,0.0
cn7,lightgbm_balanced,9,121,0,0,0,0,121,,,,0.0
cn7,logistic,0,122,17,6,0,11,105,0.35294117647058826,1.0,0.6470588235294118,0.0
cn7,logistic,1,121,0,0,0,0,121,,,,0.0
cn7,logistic,2,121,0,0,0,0,121,,,,0.0
cn7,logistic,3,121,0,0,0,0,121,,,,0.0
cn7,logistic,4,121,0,0,0,0,121,,,,0.0
cn7,logistic,5,121,0,0,0,0,121,,,,0.0
cn7,logistic,6,121,0,0,0,0,121,,,,0.0
cn7,logistic,7,121,0,0,0,0,121,,,,0.0
cn7,logistic,8,121,0,0,0,0,121,,,,0.0
cn7,logistic,9,121,0,0,0,0,121,,,,0.0
cn7,logistic_balanced,0,122,17,2,4,15,101,0.11764705882352941,0.3333333333333333,0.8823529411764706,0.0380952380952381
cn7,logistic_balanced,1,121,0,0,0,0,121,,,,0.0
cn7,logistic_balanced,2,121,0,0,0,0,121,,,,0.0
cn7,logistic_balanced,3,121,0,0,0,0,121,,,,0.0
cn7,logistic_balanced,4,121,0,0,0,0,121,,,,0.0
cn7,logistic_balanced,5,121,0,0,0,0,121,,,,0.0
cn7,logistic_balanced,6,121,0,0,0,0,121,,,,0.0
cn7,logistic_balanced,7,121,0,0,0,0,121,,,,0.0
cn7,logistic_balanced,8,121,0,0,0,0,121,,,,0.0
cn7,logistic_balanced,9,121,0,0,0,0,121,,,,0.0
cn7,xgboost,0,122,17,7,38,10,67,0.4117647058823529,0.15555555555555556,0.5882352941176471,0.3619047619047619
cn7,xgboost,1,121,0,0,31,0,90,,0.0,,0.256198347107438
cn7,xgboost,2,121,0,0,4,0,117,,0.0,,0.03305785123966942
cn7,xgboost,3,121,0,0,2,0,119,,0.0,,0.01652892561983471
cn7,xgboost,4,121,0,0,0,0,121,,,,0.0
cn7,xgboost,5,121,0,0,0,0,121,,,,0.0
cn7,xgboost,6,121,0,0,0,0,121,,,,0.0
cn7,xgboost,7,121,0,0,0,0,121,,,,0.0
cn7,xgboost,8,121,0,0,0,0,121,,,,0.0
cn7,xgboost,9,121,0,0,0,0,121,,,,0.0
cn7,xgboost_balanced,0,122,17,4,8,13,97,0.23529411764705882,0.3333333333333333,0.7647058823529411,0.0761904761904762
cn7,xgboost_balanced,1,121,0,0,4,0,117,,0.0,,0.03305785123966942
cn7,xgboost_balanced,2,121,0,0,0,0,121,,,,0.0
cn7,xgboost_balanced,3,121,0,0,0,0,121,,,,0.0
cn7,xgboost_balanced,4,121,0,0,0,0,121,,,,0.0
cn7,xgboost_balanced,5,121,0,0,0,0,121,,,,0.0
cn7,xgboost_balanced,6,121,0,0,0,0,121,,,,0.0
cn7,xgboost_balanced,7,121,0,0,0,0,121,,,,0.0
cn7,xgboost_balanced,8,121,0,0,0,0,121,,,,0.0
cn7,xgboost_balanced,9,121,0,0,0,0,121,,,,0.0
rg3,catboost,0,119,0,0,89,0,30,,0.0,,0.7478991596638656
rg3,catboost,1,118,4,2,86,2,28,0.5,0.022727272727272728,0.5,0.7543859649122807
rg3,catboost,2,118,6,5,91,1,21,0.8333333333333334,0.052083333333333336,0.16666666666666666,0.8125
rg3,catboost,3,118,3,2,91,1,24,0.6666666666666666,0.021505376344086023,0.3333333333333333,0.7913043478260869
rg3,catboost,4,118,1,1,80,0,37,1.0,0.012345679012345678,0.0,0.6837606837606838
rg3,catboost,5,119,2,1,70,1,47,0.5,0.014084507042253521,0.5,0.5982905982905983
rg3,catboost,6,118,3,2,70,1,45,0.6666666666666666,0.027777777777777776,0.3333333333333333,0.6086956521739131
rg3,catboost,7,118,1,0,64,1,53,0.0,0.0,1.0,0.5470085470085471
rg3,catboost,8,118,3,0,70,3,45,0.0,0.0,1.0,0.6086956521739131
rg3,catboost,9,118,2,0,50,2,66,0.0,0.0,1.0,0.43103448275862066
rg3,catboost_balanced,0,119,0,0,21,0,98,,0.0,,0.17647058823529413
rg3,catboost_balanced,1,118,4,0,15,4,99,0.0,0.0,1.0,0.13157894736842105
rg3,catboost_balanced,2,118,6,1,27,5,85,0.16666666666666666,0.03571428571428571,0.8333333333333334,0.24107142857142858
rg3,catboost_balanced,3,118,3,0,25,3,90,0.0,0.0,1.0,0.21739130434782608
rg3,catboost_balanced,4,118,1,0,25,1,92,0.0,0.0,1.0,0.21367521367521367
rg3,catboost_balanced,5,119,2,0,14,2,103,0.0,0.0,1.0,0.11965811965811966
rg3,catboost_balanced,6,118,3,0,8,3,107,0.0,0.0,1.0,0.06956521739130435
rg3,catboost_balanced,7,118,1,1,23,0,94,1.0,0.041666666666666664,0.0,0.19658119658119658
rg3,catboost_balanced,8,118,3,0,16,3,99,0.0,0.0,1.0,0.1391304347826087
rg3,catboost_balanced,9,118,2,0,8,2,108,0.0,0.0,1.0,0.06896551724137931
rg3,extratrees,0,119,0,0,59,0,60,,0.0,,0.4957983193277311
rg3,extratrees,1,118,4,1,38,3,76,0.25,0.02564102564102564,0.75,0.3333333333333333
rg3,extratrees,2,118,6,2,43,4,69,0.3333333333333333,0.044444444444444446,0.6666666666666666,0.38392857142857145
rg3,extratrees,3,118,3,1,45,2,70,0.3333333333333333,0.021739130434782608,0.6666666666666666,0.391304347826087
rg3,extratrees,4,118,1,1,26,0,91,1.0,0.037037037037037035,0.0,0.2222222222222222
rg3,extratrees,5,119,2,1,47,1,70,0.5,0.020833333333333332,0.5,0.4017094017094017
rg3,extratrees,6,118,3,1,29,2,86,0.3333333333333333,0.03333333333333333,0.6666666666666666,0.25217391304347825
rg3,extratrees,7,118,1,0,36,1,81,0.0,0.0,1.0,0.3076923076923077
rg3,extratrees,8,118,3,0,30,3,85,0.0,0.0,1.0,0.2608695652173913
rg3,extratrees,9,118,2,0,26,2,90,0.0,0.0,1.0,0.22413793103448276
rg3,extratrees_balanced,0,119,0,0,5,0,114,,0.0,,0.04201680672268908
rg3,extratrees_balanced,1,118,4,0,5,4,109,0.0,0.0,1.0,0.043859649122807015
rg3,extratrees_balanced,2,118,6,0,14,6,98,0.0,0.0,1.0,0.125
rg3,extratrees_balanced,3,118,3,0,10,3,105,0.0,0.0,1.0,0.08695652173913043
rg3,extratrees_balanced,4,118,1,0,2,1,115,0.0,0.0,1.0,0.017094017094017096
rg3,extratrees_balanced,5,119,2,0,6,2,111,0.0,0.0,1.0,0.05128205128205128
rg3,extratrees_balanced,6,118,3,0,2,3,113,0.0,0.0,1.0,0.017391304347826087
rg3,extratrees_balanced,7,118,1,0,4,1,113,0.0,0.0,1.0,0.03418803418803419
rg3,extratrees_balanced,8,118,3,0,0,3,115,0.0,,1.0,0.0
rg3,extratrees_balanced,9,118,2,0,0,2,116,0.0,,1.0,0.0
rg3,lightgbm,0,119,0,0,28,0,91,,0.0,,0.23529411764705882
rg3,lightgbm,1,118,4,0,18,4,96,0.0,0.0,1.0,0.15789473684210525
rg3,lightgbm,2,118,6,1,29,5,83,0.16666666666666666,0.03333333333333333,0.8333333333333334,0.25892857142857145
rg3,lightgbm,3,118,3,0,12,3,103,0.0,0.0,1.0,0.10434782608695652
rg3,lightgbm,4,118,1,1,5,0,112,1.0,0.16666666666666666,0.0,0.042735042735042736
rg3,lightgbm,5,119,2,0,16,2,101,0.0,0.0,1.0,0.13675213675213677
rg3,lightgbm,6,118,3,0,8,3,107,0.0,0.0,1.0,0.06956521739130435
rg3,lightgbm,7,118,1,0,8,1,109,0.0,0.0,1.0,0.06837606837606838
rg3,lightgbm,8,118,3,0,8,3,107,0.0,0.0,1.0,0.06956521739130435
rg3,lightgbm,9,118,2,0,2,2,114,0.0,0.0,1.0,0.017241379310344827
rg3,lightgbm_balanced,0,119,0,0,2,0,117,,0.0,,0.01680672268907563
rg3,lightgbm_balanced,1,118,4,0,2,4,112,0.0,0.0,1.0,0.017543859649122806
rg3,lightgbm_balanced,2,118,6,0,6,6,106,0.0,0.0,1.0,0.05357142857142857
rg3,lightgbm_balanced,3,118,3,0,0,3,115,0.0,,1.0,0.0
rg3,lightgbm_balanced,4,118,1,0,0,1,117,0.0,,1.0,0.0
rg3,lightgbm_balanced,5,119,2,0,2,2,115,0.0,0.0,1.0,0.017094017094017096
rg3,lightgbm_balanced,6,118,3,0,2,3,113,0.0,0.0,1.0,0.017391304347826087
rg3,lightgbm_balanced,7,118,1,0,0,1,117,0.0,,1.0,0.0
rg3,lightgbm_balanced,8,118,3,0,0,3,115,0.0,,1.0,0.0
rg3,lightgbm_balanced,9,118,2,0,0,2,116,0.0,,1.0,0.0
rg3,logistic,0,119,0,0,87,0,32,,0.0,,0.7310924369747899
rg3,logistic,1,118,4,1,49,3,65,0.25,0.02,0.75,0.4298245614035088
rg3,logistic,2,118,6,3,75,3,37,0.5,0.038461538461538464,0.5,0.6696428571428571
rg3,logistic,3,118,3,2,84,1,31,0.6666666666666666,0.023255813953488372,0.3333333333333333,0.7304347826086957
rg3,logistic,4,118,1,1,93,0,24,1.0,0.010638297872340425,0.0,0.7948717948717948
rg3,logistic,5,119,2,2,69,0,48,1.0,0.028169014084507043,0.0,0.5897435897435898
rg3,logistic,6,118,3,1,79,2,36,0.3333333333333333,0.0125,0.6666666666666666,0.6869565217391305
rg3,logistic,7,118,1,0,68,1,49,0.0,0.0,1.0,0.5811965811965812
rg3,logistic,8,118,3,0,76,3,39,0.0,0.0,1.0,0.6608695652173913
rg3,logistic,9,118,2,1,61,1,55,0.5,0.016129032258064516,0.5,0.5258620689655172
rg3,logistic_balanced,0,119,0,0,79,0,40,,0.0,,0.6638655462184874
rg3,logistic_balanced,1,118,4,1,30,3,84,0.25,0.03225806451612903,0.75,0.2631578947368421
rg3,logistic_balanced,2,118,6,3,48,3,64,0.5,0.058823529411764705,0.5,0.42857142857142855
rg3,logistic_balanced,3,118,3,1,54,2,61,0.3333333333333333,0.01818181818181818,0.6666666666666666,0.46956521739130436
rg3,logistic_balanced,4,118,1,1,50,0,67,1.0,0.0196078431372549,0.0,0.42735042735042733
rg3,logistic_balanced,5,119,2,1,48,1,69,0.5,0.02040816326530612,0.5,0.41025641025641024
rg3,logistic_balanced,6,118,3,1,51,2,64,0.3333333333333333,0.019230769230769232,0.6666666666666666,0.4434782608695652
rg3,logistic_balanced,7,118,1,0,52,1,65,0.0,0.0,1.0,0.4444444444444444
rg3,logistic_balanced,8,118,3,0,50,3,65,0.0,0.0,1.0,0.43478260869565216
rg3,logistic_balanced,9,118,2,0,40,2,76,0.0,0.0,1.0,0.3448275862068966
rg3,xgboost,0,119,0,0,46,0,73,,0.0,,0.3865546218487395
rg3,xgboost,1,118,4,1,40,3,74,0.25,0.024390243902439025,0.75,0.3508771929824561
rg3,xgboost,2,118,6,2,53,4,59,0.3333333333333333,0.03636363636363636,0.6666666666666666,0.4732142857142857
rg3,xgboost,3,118,3,0,28,3,87,0.0,0.0,1.0,0.24347826086956523
rg3,xgboost,4,118,1,1,35,0,82,1.0,0.027777777777777776,0.0,0.29914529914529914
rg3,xgboost,5,119,2,0,28,2,89,0.0,0.0,1.0,0.23931623931623933
rg3,xgboost,6,118,3,0,48,3,67,0.0,0.0,1.0,0.41739130434782606
rg3,xgboost,7,118,1,0,28,1,89,0.0,0.0,1.0,0.23931623931623933
rg3,xgboost,8,118,3,0,26,3,89,0.0,0.0,1.0,0.22608695652173913
rg3,xgboost,9,118,2,1,25,1,91,0.5,0.038461538461538464,0.5,0.21551724137931033
rg3,xgboost_balanced,0,119,0,0,13,0,106,,0.0,,0.1092436974789916
rg3,xgboost_balanced,1,118,4,0,7,4,107,0.0,0.0,1.0,0.06140350877192982
rg3,xgboost_balanced,2,118,6,1,19,5,93,0.16666666666666666,0.05,0.8333333333333334,0.16964285714285715
rg3,xgboost_balanced,3,118,3,0,6,3,109,0.0,0.0,1.0,0.05217391304347826
rg3,xgboost_balanced,4,118,1,0,4,1,113,0.0,0.0,1.0,0.03418803418803419
rg3,xgboost_balanced,5,119,2,0,2,2,115,0.0,0.0,1.0,0.017094017094017096
rg3,xgboost_balanced,6,118,3,0,4,3,111,0.0,0.0,1.0,0.034782608695652174
rg3,xgboost_balanced,7,118,1,1,1,0,116,1.0,0.5,0.0,0.008547008547008548
rg3,xgboost_balanced,8,118,3,0,4,3,111,0.0,0.0,1.0,0.034782608695652174
rg3,xgboost_balanced,9,118,2,0,0,2,116,0.0,,1.0,0.0
