product_group,row_block,rows,class_1,class_1_rate
cn7,0,122,17,0.13934426229508196
cn7,1,121,0,0.0
cn7,2,121,0,0.0
cn7,3,121,0,0.0
cn7,4,121,0,0.0
cn7,5,121,0,0.0
cn7,6,121,0,0.0
cn7,7,121,0,0.0
cn7,8,121,0,0.0
cn7,9,121,0,0.0
rg3,0,119,0,0.0
rg3,1,118,4,0.03389830508474576
rg3,2,118,6,0.05084745762711865
rg3,3,118,3,0.025423728813559324
rg3,4,118,1,0.00847457627118644
rg3,5,119,2,0.01680672268907563
rg3,6,118,3,0.025423728813559324
rg3,7,118,1,0.00847457627118644
rg3,8,118,3,0.025423728813559324
rg3,9,118,2,0.01694915254237288
