product,feature,original_first_row_value,mean,scale_used,reconstructed_first_row_value,supplied_first_row_value
cn7,Injection_Time,9.59000015258789,9.548150324801785,0.024923620337679496,1.6791231457990454,1.6791231457990747
cn7,Filling_Time,4.46999979019165,4.432989199628129,0.02481604995749113,1.4913973266059182,1.4913973266059182
cn7,Plasticizing_Time,16.920000076293945,17.017390582701275,0.20373873656640817,-0.47801664056940424,-0.4780166405694042
cn7,Cycle_Time,59.52000045776367,59.50579697587685,0.03933964961359713,0.3610474934661024,0.3610474934661032
cn7,Clamp_Close_Time,7.130000114440918,7.124797675355617,0.0053163125788230885,0.978580361513066,0.978580361513066
cn7,Cushion_Position,653.4099731445312,653.4136930130219,0.005230672934935614,-0.7111644212715653,-0.7111644212715653
cn7,Plasticizing_Position,68.8499984741211,68.5963419088148,0.16557019208321222,1.532018306645547,1.532018306645547
cn7,Clamp_Open_Position,647.989990234375,647.989990234375,1.0,0.0,0.0
cn7,Max_Injection_Speed,55.400001525878906,55.99190746783029,0.5136298198706104,-1.1523979314528308,-1.152397931452831
cn7,Max_Screw_RPM,30.700000762939453,30.794137011275225,0.11830169161422233,-0.7957303657393774,-0.7957303657393812
cn7,Average_Screw_RPM,292.5,292.5113959340002,0.08631868174948379,-0.13202164084538018,-0.1320216408453801
cn7,Max_Injection_Pressure,141.8000030517578,141.73922448508705,0.09568265047912851,0.6352098982042783,0.6352098982042783
cn7,Max_Switch_Over_Pressure,136.8000030517578,136.40330301248565,0.3157138121255827,1.256517846341055,1.256517846341055
cn7,Max_Back_Pressure,37.400001525878906,37.92105701676486,0.5684181009183467,-0.9166764570729355,-0.9166764570729355
cn7,Average_Back_Pressure,59.29999923706055,59.44004935493753,0.2623774580959119,-0.533773438058792,-0.5337734380587921
cn7,Barrel_Temperature_1,276.5,276.1749790736607,0.4458004447521659,0.7290726830027427,0.7290726830027427
cn7,Barrel_Temperature_2,274.70001220703125,275.2757217571029,0.3602535501268826,-1.598067666144733,-1.598067666144733
cn7,Barrel_Temperature_3,274.79998779296875,275.01189071693074,0.3151677693402602,-0.6723496009936615,-0.6723496009936615
cn7,Barrel_Temperature_4,269.20001220703125,270.4047898939087,0.7840440780767194,-1.5366198413650238,-1.5366198413650238
cn7,Barrel_Temperature_5,255.0,254.99735721805487,0.32494902505886747,0.008132912368788804,0.0081329123687887
cn7,Barrel_Temperature_6,229.6999969482422,229.99711046919757,0.21960089899216545,-1.3529704218832812,-1.352970421883273
cn7,Hopper_Temperature,66.30000305175781,68.06779486280547,0.9928833287434006,-1.780462779332781,-1.780462779332781
cn7,Mold_Temperature_3,24.799999237060547,23.369777169137038,1.3979380864276614,1.0230939995192114,1.0230939995192114
cn7,Mold_Temperature_4,27.5,24.912716916727685,2.009425516939986,1.2875735186304926,1.2875735186304924
rg3,Injection_Time,1.059999942779541,1.0600337847033532,0.0011629747267560637,-0.029099449053866445,-0.0290994490538664
rg3,Filling_Time,0.9300000071525574,0.935871405952473,0.004923475209390546,-1.1925314031676417,-1.1925314031676415
rg3,Plasticizing_Time,13.010000228881836,12.921895075570509,0.04454845895007187,1.9777373985051105,1.9777373985051097
rg3,Cycle_Time,61.77999877929688,61.77089596924241,0.03648264625408838,0.2495106849178133,0.2495106849176261
rg3,Clamp_Close_Time,6.809999942779541,6.802724248463329,0.007042733729366542,1.0330781477474453,1.033078147747445
rg3,Cushion_Position,654.2899780273438,654.2539800911788,0.012553298421863875,2.8676077756748666,2.8676077756748666
rg3,Plasticizing_Position,53.560001373291016,53.58247074701661,0.01279711548330764,-1.7558155003680778,-1.7558155003678992
rg3,Clamp_Open_Position,4.630000114440918,4.630000114440918,1.0,0.0,0.0
rg3,Max_Injection_Speed,128.5,128.22132024103414,0.1273916104595314,2.187583295011355,2.187583295011355
rg3,Max_Screw_RPM,30.899999618530277,30.84957655956701,0.07446814891740239,0.6771090687267649,0.6771090687267264
rg3,Average_Screw_RPM,290.5,290.5274128405576,0.06499048187056149,-0.4217977735906751,-0.4217977735906751
rg3,Max_Injection_Pressure,142.3000030517578,142.61658215724475,0.1523508139373993,-2.0779613663043452,-2.077961366304345
rg3,Max_Switch_Over_Pressure,115.6999969482422,116.26395944250014,0.47595716018659145,-1.1849017967012903,-1.1849017967013198
rg3,Max_Back_Pressure,55.59999847412109,56.02758036450484,0.32142983339137216,-1.3302495473814138,-1.3302495473813911
rg3,Average_Back_Pressure,60.29999923706055,60.862098171021124,0.43010832170237506,-1.3068776064033851,-1.306877606403385
rg3,Barrel_Temperature_1,286.0,285.95854509744146,0.42901271269032404,0.09662861106977294,0.0966286110697729
rg3,Barrel_Temperature_2,285.0,285.2047377842937,0.4126324542948839,-0.49617470017850324,-0.4961747001785032
rg3,Barrel_Temperature_3,285.0,285.0006772733582,0.32540545315611197,-0.0020813214763596324,-0.0020813214763596
rg3,Barrel_Temperature_4,275.3999938964844,275.36734421886564,0.683773439857242,0.04774926271712467,0.0477492627171246
rg3,Barrel_Temperature_5,265.1000061035156,265.00981431886834,0.3190060647820951,0.28272749205848513,0.2827274920584851
rg3,Barrel_Temperature_6,234.8999938964844,234.97123558186436,0.2011431950830453,-0.3541839203187871,-0.3541839203189247
rg3,Hopper_Temperature,65.80000305175781,65.6197971402086,0.9834832434012065,0.18323231509872762,0.1832323150987276
rg3,Mold_Temperature_3,21.600000381469727,22.578003265329222,0.70183960333487,-1.3934848920072405,-1.3934848920072398
rg3,Mold_Temperature_4,22.5,23.79830794164977,0.8237776795462745,-1.5760416601295404,-1.57604166012954
