EQUIP_CD,PART_FACT_PLAN_DATE,PART_FACT_SERIAL,PART_NO,rows,count_values,min_count,max_count
S01,2020-01-02 오전 12:00:00,1,87275Q5000,751,1,11,11
S01,2020-01-02 오전 12:00:00,2,87285Q5000,751,1,11,11
S01,2020-01-03 오전 12:00:00,1,87275Q5000,437,1,2,2
S01,2020-01-03 오전 12:00:00,2,87285Q5000,437,1,3,3
S01,2020-01-06 오전 12:00:00,1,TM1220B003,19,1,0,0
S01,2020-01-07 오전 12:00:00,1,87272K0000,993,1,23,23
S01,2020-01-07 오전 12:00:00,2,87282K0000,993,1,23,23
S01,2020-01-08 오전 12:00:00,3,87275Q5000,821,1,23,23
S01,2020-01-08 오전 12:00:00,4,87285Q5000,4,1,13,13
S01,2020-01-09 오전 12:00:00,1,87275Q5000,817,1,0,0
S01,2020-01-09 오전 12:00:00,2,87285Q5000,817,1,4,4
S01,2020-01-10 오전 12:00:00,1,87275Q5000,951,1,8,8
S01,2020-01-10 오전 12:00:00,2,87285Q5000,949,1,8,8
S01,2020-01-13 오전 12:00:00,1,87272R1400,840,1,6,6
S01,2020-01-13 오전 12:00:00,2,87282R1400,836,1,10,10
S01,2020-01-14 오전 12:00:00,1,TM1220B003,1030,1,8,8
S01,2020-01-14 오전 12:00:00,29,87272K0000,7,1,10,10
S01,2020-01-14 오전 12:00:00,30,87282K0000,7,1,10,10
S01,2020-01-15 오전 12:00:00,1,87272K0000,216,1,2,2
S01,2020-01-15 오전 12:00:00,2,87282K0000,215,1,2,2
S01,2020-01-16 오전 12:00:00,1,87275Q5000,1021,1,4,4
S01,2020-01-16 오전 12:00:00,2,87285Q5000,1021,1,9,9
S01,2020-01-17 오전 12:00:00,23,87275Q5000,9,1,3,3
S01,2020-01-17 오전 12:00:00,24,87285Q5000,9,1,4,4
S01,2020-01-20 오전 12:00:00,1,87275Q5000,355,1,2,2
S01,2020-01-20 오전 12:00:00,2,87285Q5000,355,1,10,10
S01,2020-01-21 오전 12:00:00,1,87275Q5000,1003,1,10,10
S01,2020-01-21 오전 12:00:00,2,87285Q5000,1003,1,12,12
S01,2020-01-22 오전 12:00:00,1,87275Q5000,1211,1,0,0
S01,2020-01-22 오전 12:00:00,2,87285Q5000,1210,1,0,0
S01,2020-01-23 오전 12:00:00,1,87275Q5000,181,1,0,0
S01,2020-01-23 오전 12:00:00,2,87285Q5000,181,1,0,0
S01,2020-01-28 오전 12:00:00,9,87275Q5000,4,1,0,0
S01,2020-01-28 오전 12:00:00,10,87285Q5000,2116,1,3,3
S01,2020-01-28 오전 12:00:00,28,87272K0000,8,1,23,23
S01,2020-01-28 오전 12:00:00,29,87282K0000,8,1,23,23
S01,2020-01-29 오전 12:00:00,1,87272K0000,446,1,2,2
S01,2020-01-29 오전 12:00:00,2,87282K0000,445,1,2,2
S01,2020-02-04 오전 12:00:00,19,87275Q5000,96,1,2,2
S01,2020-02-04 오전 12:00:00,20,87285Q5000,96,1,3,3
S01,2020-02-04 오전 12:00:00,53,87272K0000,698,1,4,4
S01,2020-02-04 오전 12:00:00,54,87282K0000,697,1,4,4
S01,2020-02-05 오전 12:00:00,20,87272K0000,266,1,3,3
S01,2020-02-05 오전 12:00:00,21,87282K0000,266,1,3,3
S01,2020-02-06 오전 12:00:00,23,87272R1400,873,1,8,8
S01,2020-02-07 오전 12:00:00,2,87285Q5000,960,1,9,9
S01,2020-02-10 오전 12:00:00,1,87275Q5000,1156,1,10,10
S01,2020-02-10 오전 12:00:00,2,87285Q5000,1155,1,13,13
S01,2020-02-13 오전 12:00:00,35,87275Q5000,78,1,8,8
S01,2020-02-13 오전 12:00:00,36,87285Q5000,78,1,8,8
S01,2020-02-18 오전 12:00:00,1,87275Q5000,1009,1,3,3
S01,2020-02-18 오전 12:00:00,2,87285Q5000,1007,1,7,7
S01,2020-02-19 오전 12:00:00,4,87275Q5000,1188,1,4,4
S01,2020-02-19 오전 12:00:00,8,87285Q5000,1187,1,1,1
S01,2020-02-20 오전 12:00:00,8,87272R1400,770,1,3,3
S01,2020-02-20 오전 12:00:00,9,87282R1400,1781,1,3,3
S01,2020-02-24 오전 12:00:00,1,87272K0000,272,1,4,4
S01,2020-02-24 오전 12:00:00,2,87282K0000,272,1,4,4
S01,2020-02-25 오전 12:00:00,4,87275Q5000,1037,1,20,20
S01,2020-02-25 오전 12:00:00,5,87285Q5000,1037,1,11,11
S01,2020-02-26 오전 12:00:00,8,87275Q5000,1228,1,3,3
S01,2020-02-26 오전 12:00:00,9,87285Q5000,1228,1,0,0
S01,2020-02-27 오전 12:00:00,4,87272R1400,971,1,4,4
S01,2020-02-27 오전 12:00:00,20,87275Q5000,147,1,0,0
S01,2020-02-27 오전 12:00:00,21,87285Q5000,147,1,1,1
S01,2020-02-28 오전 12:00:00,1,87275Q5000,930,1,8,8
S01,2020-02-28 오전 12:00:00,2,87285Q5000,930,1,5,5
S01,2020-03-02 오전 12:00:00,4,87275Q5000,1858,1,14,14
S01,2020-03-02 오전 12:00:00,5,87285Q5000,1060,1,17,17
S01,2020-03-03 오전 12:00:00,1,87275Q5000,448,1,0,0
S01,2020-03-03 오전 12:00:00,2,87285Q5000,448,1,0,0
S01,2020-03-04 오전 12:00:00,9,87275Q5000,749,1,18,18
S01,2020-03-04 오전 12:00:00,10,87285Q5000,749,1,4,4
S01,2020-03-05 오전 12:00:00,5,87272R1400,831,1,3,3
S01,2020-03-09 오전 12:00:00,29,87272K0000,437,1,2,2
S01,2020-03-09 오전 12:00:00,30,87282K0000,437,1,2,2
S01,2020-03-10 오전 12:00:00,4,87275Q5000,1920,1,11,11
S01,2020-03-10 오전 12:00:00,5,87285Q5000,1069,1,11,11
S01,2020-03-11 오전 12:00:00,1,87275Q5000,1055,1,3,3
S01,2020-03-11 오전 12:00:00,2,87285Q5000,1054,1,9,9
S01,2020-03-12 오전 12:00:00,1,87275Q5000,1033,1,4,4
S01,2020-03-12 오전 12:00:00,2,87285Q5000,1032,1,3,3
S01,2020-03-13 오전 12:00:00,1,87275Q5000,199,1,0,0
S01,2020-03-13 오전 12:00:00,2,87285Q5000,199,1,0,0
S01,2020-03-16 오전 12:00:00,1,87275Q5000,1046,1,5,5
S01,2020-03-16 오전 12:00:00,2,87285Q5000,1045,1,6,6
S01,2020-03-17 오전 12:00:00,26,87272K0000,787,1,5,5
S01,2020-03-17 오전 12:00:00,27,87282K0000,787,1,8,8
S01,2020-03-18 오전 12:00:00,7,87272R1400,670,1,10,10
S01,2020-03-19 오전 12:00:00,4,87275Q5000,1200,1,5,5
S01,2020-03-19 오전 12:00:00,5,87285Q5000,1342,1,4,4
S01,2020-03-20 오전 12:00:00,5,87275Q5000,684,1,2,2
S01,2020-03-20 오전 12:00:00,6,87285Q5000,676,1,14,14
S01,2020-03-23 오전 12:00:00,1,87275Q5000,1055,1,4,4
S01,2020-03-23 오전 12:00:00,2,87285Q5000,1055,1,9,9
S01,2020-03-24 오전 12:00:00,1,87275Q5000,1250,1,4,4
S01,2020-03-24 오전 12:00:00,2,87285Q5000,1249,1,2,2
S01,2020-03-25 오전 12:00:00,5,87272R1400,379,1,5,5
S01,2020-03-26 오전 12:00:00,1,87272R1400,290,1,2,2
S01,2020-03-30 오전 12:00:00,1,87272K0000,2579,1,3,3
S01,2020-03-30 오전 12:00:00,2,87282K0000,476,1,4,4
S01,2020-04-01 오전 12:00:00,1,87272K0000,457,1,3,3
S01,2020-04-01 오전 12:00:00,2,87282K0000,456,1,5,5
S01,2020-04-02 오전 12:00:00,1,87275Q5000,947,1,6,6
S01,2020-04-02 오전 12:00:00,2,87285Q5000,945,1,6,6
S01,2020-04-03 오전 12:00:00,3,87275Q5000,559,1,0,0
S01,2020-04-03 오전 12:00:00,4,87285Q5000,1625,1,0,0
S01,2020-04-06 오전 12:00:00,1,87275Q5000,1152,1,5,5
S01,2020-04-06 오전 12:00:00,2,87285Q5000,1152,1,3,3
S01,2020-04-07 오전 12:00:00,1,87272K0000,489,1,3,3
S01,2020-04-07 오전 12:00:00,2,87282K0000,489,1,2,2
S01,2020-04-08 오전 12:00:00,1,87272K0000,481,1,3,3
S01,2020-04-08 오전 12:00:00,2,87282K0000,480,1,3,3
S01,2020-04-09 오전 12:00:00,1,87275Q5000,1203,1,7,7
S01,2020-04-09 오전 12:00:00,2,87285Q5000,1202,1,5,5
S01,2020-04-10 오전 12:00:00,1,87275Q5000,385,1,0,0
S01,2020-04-10 오전 12:00:00,2,87285Q5000,385,1,0,0
S01,2020-04-13 오전 12:00:00,1,87275Q5000,311,1,5,5
S01,2020-04-13 오전 12:00:00,2,87285Q5000,311,1,6,6
S01,2020-04-14 오전 12:00:00,7,87275Q5000,1393,1,5,5
S01,2020-04-14 오전 12:00:00,8,87285Q5000,870,1,5,5
S01,2020-04-16 오전 12:00:00,1,87275Q5000,286,1,8,8
S01,2020-04-16 오전 12:00:00,2,87285Q5000,286,1,7,7
S01,2020-04-17 오전 12:00:00,3,87275Q5000,527,1,9,9
S01,2020-04-17 오전 12:00:00,4,87285Q5000,1350,1,5,5
S01,2020-04-20 오전 12:00:00,3,TM3050L000,41,1,8,8
S01,2020-04-20 오전 12:00:00,4,TM3060R000,244,1,8,8
S01,2020-04-21 오전 12:00:00,1,TM3050L000,199,1,7,7
S01,2020-04-21 오전 12:00:00,2,TM3060R000,199,1,7,7
S01,2020-04-21 오전 12:00:00,20,87275Q5000,623,1,5,5
S01,2020-04-21 오전 12:00:00,21,87285Q5000,622,1,6,6
S01,2020-04-22 오전 12:00:00,4,87275Q5000,1646,1,3,3
S01,2020-04-22 오전 12:00:00,5,87285Q5000,1428,1,2,2
S01,2020-04-23 오전 12:00:00,3,TM3050L000,243,1,10,10
S01,2020-04-23 오전 12:00:00,4,TM3060R000,1274,1,10,10
S01,2020-04-24 오전 12:00:00,1,TM3050L000,281,1,5,5
S01,2020-04-24 오전 12:00:00,2,TM3060R000,281,1,5,5
S01,2020-04-27 오전 12:00:00,5,87275Q5000,395,1,4,4
S01,2020-04-27 오전 12:00:00,6,87285Q5000,395,1,4,4
S01,2020-04-28 오전 12:00:00,3,87275Q5000,1202,1,1,1
S01,2020-04-28 오전 12:00:00,4,87285Q5000,1201,1,15,15
S01,2020-04-29 오전 12:00:00,1,87275Q5000,1158,1,44,44
S01,2020-04-29 오전 12:00:00,2,87285Q5000,1156,1,22,22
S01,2020-05-06 오전 12:00:00,3,87275Q5000,622,1,11,11
S01,2020-05-06 오전 12:00:00,4,87285Q5000,1518,1,8,8
S01,2020-05-07 오전 12:00:00,1,87275Q5000,353,1,2,2
S01,2020-05-07 오전 12:00:00,2,87285Q5000,352,1,1,1
S01,2020-05-07 오전 12:00:00,3,87272K0000,678,1,9,9
S01,2020-05-07 오전 12:00:00,4,87282K0000,971,1,9,9
S01,2020-05-08 오전 12:00:00,1,87272K0000,257,1,6,6
S01,2020-05-08 오전 12:00:00,2,87282K0000,256,1,6,6
S01,2020-05-08 오전 12:00:00,3,87275Q5000,845,1,9,9
S01,2020-05-08 오전 12:00:00,4,87285Q5000,844,1,6,6
S01,2020-05-11 오전 12:00:00,3,87275Q5000,1223,1,11,11
S01,2020-05-11 오전 12:00:00,4,87285Q5000,1223,1,6,6
S01,2020-05-12 오전 12:00:00,3,87275Q5000,1259,1,1,1
S01,2020-05-12 오전 12:00:00,4,87285Q5000,1257,1,0,0
S01,2020-05-13 오전 12:00:00,3,87275Q5000,230,1,5,5
S01,2020-05-13 오전 12:00:00,4,87285Q5000,230,1,1,1
S01,2020-05-14 오전 12:00:00,1,87275Q5000,683,1,4,4
S01,2020-05-14 오전 12:00:00,2,87285Q5000,683,1,4,4
S01,2020-05-15 오전 12:00:00,4,87275Q5000,2,1,8,8
S01,2020-05-15 오전 12:00:00,5,87285Q5000,1345,1,3,3
S01,2020-05-20 오전 12:00:00,1,87275Q5000,649,1,8,8
S01,2020-05-20 오전 12:00:00,2,87285Q5000,649,1,6,6
S01,2020-05-21 오전 12:00:00,1,87275Q5000,1278,1,2,2
S01,2020-05-21 오전 12:00:00,2,87285Q5000,1276,1,0,0
S01,2020-05-25 오전 12:00:00,22,87272K0000,3,1,7,7
S01,2020-05-25 오전 12:00:00,23,87282K0000,3,1,8,8
S01,2020-05-25 오전 12:00:00,24,87275Q5000,3,1,10,10
S01,2020-05-25 오전 12:00:00,25,87285Q5000,3,1,7,7
S01,2020-05-26 오전 12:00:00,1,87275Q5000,626,1,3,3
S01,2020-05-26 오전 12:00:00,2,87285Q5000,96,1,3,3
S01,2020-05-27 오전 12:00:00,3,87275Q5000,331,1,4,4
S01,2020-05-27 오전 12:00:00,4,87285Q5000,330,1,14,14
S01,2020-05-28 오전 12:00:00,1,87275Q5000,1282,1,2,2
S01,2020-05-28 오전 12:00:00,2,87285Q5000,1275,1,6,6
S01,2020-06-01 오전 12:00:00,1,87275Q5000,1248,1,12,12
S01,2020-06-01 오전 12:00:00,2,87285Q5000,1246,1,5,5
S01,2020-06-02 오전 12:00:00,1,87275Q5000,1175,1,0,0
S01,2020-06-02 오전 12:00:00,2,87285Q5000,1174,1,0,0
S01,2020-06-02 오전 12:00:00,3,87272K0000,6,1,5,5
S01,2020-06-02 오전 12:00:00,4,87282K0000,321,1,5,5
S01,2020-06-03 오전 12:00:00,1,87272K0000,334,1,1,1
S01,2020-06-03 오전 12:00:00,2,87282K0000,334,1,0,0
S01,2020-06-04 오전 12:00:00,1,87275Q5000,1298,1,4,4
S01,2020-06-04 오전 12:00:00,2,87285Q5000,1298,1,4,4
S01,2020-06-09 오전 12:00:00,1,87275Q5000,707,1,9,9
S01,2020-06-09 오전 12:00:00,2,87285Q5000,593,1,12,12
S01,2020-06-10 오전 12:00:00,1,DM3120L000,1221,1,16,16
S01,2020-06-10 오전 12:00:00,2,87285Q5000,517,1,12,12
S01,2020-06-15 오전 12:00:00,1,DM3050L000,95,1,5,5
S01,2020-06-15 오전 12:00:00,2,DM3060R000,50,1,5,5
S01,2020-06-16 오전 12:00:00,17,QL3050L000,485,1,3,3
S01,2020-06-16 오전 12:00:00,18,QL3060R000,486,1,3,3
S01,2020-06-18 오전 12:00:00,17,87275Q5000,616,1,6,6
S01,2020-06-18 오전 12:00:00,18,87285Q5000,615,1,6,6
S01,2020-06-19 오전 12:00:00,1,87275Q5000,991,1,9,9
S01,2020-06-19 오전 12:00:00,2,87285Q5000,990,1,6,6
S01,2020-06-22 오전 12:00:00,1,87275Q5000,1264,1,4,4
S01,2020-06-22 오전 12:00:00,2,87285Q5000,1262,1,3,3
S01,2020-06-24 오전 12:00:00,1,87275Q5000,1290,1,3,3
S01,2020-06-24 오전 12:00:00,2,87285Q5000,1289,1,3,3
S01,2020-06-25 오전 12:00:00,1,87275Q5000,1294,1,0,0
S01,2020-06-25 오전 12:00:00,2,87285Q5000,1293,1,0,0
S01,2020-06-26 오전 12:00:00,1,87275Q5000,629,1,2,2
S01,2020-06-26 오전 12:00:00,2,87285Q5000,628,1,0,0
S01,2020-06-29 오전 12:00:00,1,87275Q5000,1283,1,8,8
S01,2020-06-29 오전 12:00:00,2,87285Q5000,1281,1,7,7
S01,2020-06-30 오전 12:00:00,1,87275Q5000,1290,1,3,3
S01,2020-06-30 오전 12:00:00,2,87285Q5000,1288,1,0,0
S01,2020-07-01 오전 12:00:00,1,87275Q5000,619,1,2,2
S01,2020-07-01 오전 12:00:00,2,87285Q5000,618,1,0,0
S01,2020-07-02 오전 12:00:00,1,87275Q5000,1286,1,3,3
S01,2020-07-02 오전 12:00:00,2,87285Q5000,1285,1,2,2
S01,2020-07-03 오전 12:00:00,1,87275Q5000,552,1,0,0
S01,2020-07-03 오전 12:00:00,2,87285Q5000,551,1,0,0
S01,2020-07-06 오전 12:00:00,1,87275Q5000,807,1,5,5
S01,2020-07-06 오전 12:00:00,2,87285Q5000,807,1,5,5
S01,2020-07-08 오전 12:00:00,19,87272K0000,618,1,3,3
S01,2020-07-08 오전 12:00:00,20,87282K0000,803,1,6,6
S01,2020-07-09 오전 12:00:00,1,87272K0000,191,1,0,0
S01,2020-07-09 오전 12:00:00,2,87282K0000,191,1,2,2
S01,2020-07-10 오전 12:00:00,1,DM3050L000,169,1,4,4
S01,2020-07-10 오전 12:00:00,2,DM3060R000,169,1,4,4
S01,2020-07-13 오전 12:00:00,1,87275Q5000,1233,1,7,7
S01,2020-07-13 오전 12:00:00,2,87285Q5000,1232,1,7,7
S01,2020-07-14 오전 12:00:00,1,87275Q5000,1331,1,0,0
S01,2020-07-14 오전 12:00:00,2,87285Q5000,1327,1,0,0
S01,2020-07-15 오전 12:00:00,1,87275Q5000,1274,1,0,0
S01,2020-07-15 오전 12:00:00,2,87285Q5000,1272,1,0,0
S01,2020-07-16 오전 12:00:00,1,87275Q5000,1317,1,0,0
S01,2020-07-16 오전 12:00:00,2,87285Q5000,1310,1,1,1
S01,2020-07-17 오전 12:00:00,1,87275Q5000,3136,1,0,0
S01,2020-07-17 오전 12:00:00,2,87285Q5000,1267,1,0,0
S01,2020-07-20 오전 12:00:00,1,87275Q5000,1312,1,5,5
S01,2020-07-20 오전 12:00:00,2,87285Q5000,1312,1,8,8
S01,2020-07-22 오전 12:00:00,1,TL3050L000,87,1,2,2
S01,2020-07-22 오전 12:00:00,2,TL3060R000,87,1,2,2
S01,2020-07-24 오전 12:00:00,11,ON-SS1110,134,1,14,14
S01,2020-07-24 오전 12:00:00,12,ON-SS1210,137,1,14,14
S01,2020-07-27 오전 12:00:00,1,ON-SS1110,127,1,3,3
S01,2020-07-27 오전 12:00:00,2,ON-SS1210,126,1,3,3
S01,2020-07-28 오전 12:00:00,1,YP5740B000,169,1,4,4
S01,2020-07-28 오전 12:00:00,2,YP5750B000,169,1,4,4
S01,2020-07-29 오전 12:00:00,12,87275Q5000,985,1,17,17
S01,2020-07-29 오전 12:00:00,13,87285Q5000,1338,1,17,17
S01,2020-07-30 오전 12:00:00,1,87275Q5000,1277,1,1,1
S01,2020-07-30 오전 12:00:00,2,87285Q5000,1275,1,2,2
S01,2020-07-31 오전 12:00:00,1,87275Q5000,428,1,0,0
S01,2020-07-31 오전 12:00:00,2,87285Q5000,428,1,3,3
S01,2020-08-10 오전 12:00:00,1,87275Q5000,995,1,10,10
S01,2020-08-10 오전 12:00:00,2,87285Q5000,993,1,10,10
S01,2020-08-11 오전 12:00:00,1,87275Q5000,716,1,7,7
S01,2020-08-11 오전 12:00:00,2,87285Q5000,718,1,7,7
S01,2020-08-12 오전 12:00:00,1,87275Q5000,332,1,11,11
S01,2020-08-12 오전 12:00:00,2,87285Q5000,332,1,11,11
S01,2020-08-12 오전 12:00:00,3,87272K0000,869,1,3,3
S01,2020-08-12 오전 12:00:00,4,87282K0000,2006,1,6,6
S01,2020-08-13 오전 12:00:00,1,87272K0000,163,1,0,0
S01,2020-08-13 오전 12:00:00,2,87282K0000,163,1,0,0
S01,2020-08-18 오전 12:00:00,4,87275Q5000,2533,1,12,12
S01,2020-08-18 오전 12:00:00,5,87285Q5000,2265,1,28,28
S01,2020-08-19 오전 12:00:00,5,87275Q5000,1705,1,12,12
S01,2020-08-19 오전 12:00:00,6,87285Q5000,1318,1,11,11
S01,2020-08-20 오전 12:00:00,1,87275Q5000,2546,1,0,0
S01,2020-08-20 오전 12:00:00,2,87285Q5000,580,1,0,0
S01,2020-08-21 오전 12:00:00,1,87275Q5000,509,1,5,5
S01,2020-08-21 오전 12:00:00,2,87285Q5000,509,1,13,13
S01,2020-08-24 오전 12:00:00,1,87275Q5000,1270,1,72,72
S01,2020-08-24 오전 12:00:00,2,87285Q5000,1270,1,48,48
S01,2020-08-25 오전 12:00:00,1,87275Q5000,815,1,4,4
S01,2020-08-25 오전 12:00:00,2,87285Q5000,814,1,3,3
S01,2020-08-26 오전 12:00:00,1,87275Q5000,368,1,1,1
S01,2020-08-26 오전 12:00:00,2,87285Q5000,368,1,2,2
S01,2020-08-27 오전 12:00:00,1,87275Q5000,1201,1,2,2
S01,2020-08-27 오전 12:00:00,2,87285Q5000,1199,1,6,6
S01,2020-08-28 오전 12:00:00,1,87275Q5000,2267,1,4,4
S01,2020-08-28 오전 12:00:00,2,87285Q5000,1272,1,7,7
S01,2020-08-31 오전 12:00:00,1,87275Q5000,1271,1,10,10
S01,2020-08-31 오전 12:00:00,2,87285Q5000,1270,1,11,11
S01,2020-09-01 오전 12:00:00,1,87275Q5000,1296,1,0,0
S01,2020-09-01 오전 12:00:00,2,87285Q5000,1295,1,1,1
S01,2020-09-02 오전 12:00:00,1,87275Q5000,1570,1,1,1
S01,2020-09-02 오전 12:00:00,2,87285Q5000,1569,1,0,0
S01,2020-09-04 오전 12:00:00,17,DM3050L000,132,1,9,9
S01,2020-09-04 오전 12:00:00,18,DM3060R000,131,1,9,9
S01,2020-09-05 오전 12:00:00,1,87275Q5000,352,1,5,5
S01,2020-09-05 오전 12:00:00,2,87285Q5000,352,1,5,5
S01,2020-09-07 오전 12:00:00,9,87275Q5000,1086,1,3,3
S01,2020-09-07 오전 12:00:00,10,87285Q5000,2988,1,4,4
S01,2020-09-08 오전 12:00:00,1,87275Q5000,486,1,1,1
S01,2020-09-08 오전 12:00:00,2,87285Q5000,486,1,1,1
S01,2020-09-08 오전 12:00:00,25,87272K0000,722,1,5,5
S01,2020-09-08 오전 12:00:00,26,87282K0000,721,1,6,6
S01,2020-09-09 오전 12:00:00,1,87275Q5000,1230,1,2,2
S01,2020-09-09 오전 12:00:00,2,87285Q5000,1230,1,2,2
S01,2020-09-10 오전 12:00:00,1,87275Q5000,1200,1,7,7
S01,2020-09-10 오전 12:00:00,2,87285Q5000,1197,1,4,4
S01,2020-09-16 오전 12:00:00,1,ON-SS1110,19,1,5,5
S01,2020-09-16 오전 12:00:00,2,ON-SS1210,19,1,5,5
S01,2020-09-17 오전 12:00:00,22,87272K0000,82,1,5,5
S01,2020-09-17 오전 12:00:00,23,87282K0000,204,1,5,5
S01,2020-09-18 오전 12:00:00,1,87275Q5000,3068,1,3,3
S01,2020-09-18 오전 12:00:00,2,87285Q5000,786,1,3,3
S01,2020-09-21 오전 12:00:00,1,87275Q5000,1893,1,15,15
S01,2020-09-21 오전 12:00:00,2,87285Q5000,1260,1,15,15
S01,2020-09-22 오전 12:00:00,1,87275Q5000,181,1,0,0
S01,2020-09-22 오전 12:00:00,2,87285Q5000,181,1,0,0
S01,2020-09-23 오전 12:00:00,1,87275Q5000,1152,1,1,1
S01,2020-09-23 오전 12:00:00,2,87285Q5000,1126,1,1,1
S01,2020-09-25 오전 12:00:00,1,87275Q5000,983,1,3,3
S01,2020-09-25 오전 12:00:00,2,87285Q5000,981,1,3,3
S01,2020-10-05 오전 12:00:00,1,87275Q5000,1209,1,21,21
S01,2020-10-05 오전 12:00:00,2,87285Q5000,1208,1,20,20
S01,2020-10-06 오전 12:00:00,1,87275Q5000,867,1,0,0
S01,2020-10-06 오전 12:00:00,2,87285Q5000,866,1,0,0
S01,2020-10-06 오전 12:00:00,4,87282K0000,1078,1,3,3
S01,2020-10-07 오전 12:00:00,1,87272K0000,1126,1,9,9
S01,2020-10-07 오전 12:00:00,2,87282K0000,426,1,9,9
S01,2020-10-07 오전 12:00:00,3,87275Q5000,321,1,3,3
S01,2020-10-07 오전 12:00:00,4,87285Q5000,320,1,3,3
S01,2020-10-08 오전 12:00:00,1,87275Q5000,1284,1,27,27
S01,2020-10-08 오전 12:00:00,2,87285Q5000,1284,1,2,2
S01,2020-10-09 오전 12:00:00,1,87275Q5000,1186,1,103,103
S01,2020-10-09 오전 12:00:00,2,87285Q5000,1183,1,0,0
S01,2020-10-12 오전 12:00:00,1,87275Q5000,984,1,2,2
S01,2020-10-12 오전 12:00:00,2,87285Q5000,984,1,2,2
S01,2020-10-13 오전 12:00:00,1,87275Q5000,1290,1,0,0
S01,2020-10-13 오전 12:00:00,2,87285Q5000,1288,1,0,0
S01,2020-10-14 오전 12:00:00,1,87275Q5000,1283,1,0,0
S01,2020-10-14 오전 12:00:00,2,87285Q5000,1279,1,0,0
S01,2020-10-15 오전 12:00:00,1,87275Q5000,1242,1,0,0
S01,2020-10-15 오전 12:00:00,2,87285Q5000,443,1,0,0
S01,2020-10-16 오전 12:00:00,1,87275Q5000,468,1,3,3
S01,2020-10-16 오전 12:00:00,2,87285Q5000,431,1,3,3
S01,2020-10-20 오전 12:00:00,1,DM3050L000,158,1,5,5
S01,2020-10-20 오전 12:00:00,2,DM3060R000,113,1,5,5
S01,2020-10-20 오전 12:00:00,25,87272K0000,560,1,6,6
S01,2020-10-20 오전 12:00:00,26,87282K0000,560,1,7,7
S01,2020-10-21 오전 12:00:00,3,87272K0000,627,1,1,1
S01,2020-10-21 오전 12:00:00,4,87282K0000,611,1,1,1
S01,2020-10-23 오전 12:00:00,1,87275Q5000,170,1,2,2
S01,2020-10-23 오전 12:00:00,2,87285Q5000,171,1,2,2
S02,2020-01-06 오전 12:00:00,2,87277K0000,19,1,38,38
S02,2020-01-08 오전 12:00:00,5,87277Q5000,1623,1,15,15
S02,2020-01-14 오전 12:00:00,2,87277R1400,330,1,1,1
S02,2020-01-15 오전 12:00:00,3,87277Q5000,321,1,16,16
S02,2020-01-15 오전 12:00:00,4,87287Q5000,321,1,16,16
S02,2020-01-16 오전 12:00:00,3,87277Q5000,821,1,3,3
S02,2020-02-20 오전 12:00:00,10,87277Q5000,1424,1,13,13
S02,2020-02-28 오전 12:00:00,4,87277Q5000,1095,1,1,1
S02,2020-03-06 오전 12:00:00,4,YP3330R000,512,1,15,15
S02,2020-03-11 오전 12:00:00,4,87287Q5000,394,1,10,10
S02,2020-03-12 오전 12:00:00,4,87287Q5000,971,1,9,9
S02,2020-03-13 오전 12:00:00,4,TL3080R000,545,1,12,12
S02,2020-03-16 오전 12:00:00,4,ON-SS1130,413,1,6,6
S02,2020-03-16 오전 12:00:00,5,87277Q5000,29,1,1,1
S02,2020-03-17 오전 12:00:00,4,87287Q5000,548,1,10,10
S02,2020-03-18 오전 12:00:00,9,87277Q5000,1535,1,22,22
S02,2020-03-19 오전 12:00:00,9,87287K0000,763,1,16,16
S02,2020-03-23 오전 12:00:00,4,87287K0000,354,1,2,2
S02,2020-03-24 오전 12:00:00,4,87287Q5000,1138,1,8,8
S02,2020-03-27 오전 12:00:00,1,87277Q5000,443,1,14,14
S02,2020-03-30 오전 12:00:00,26,87287Q5000,1,1,10,10
S02,2020-04-06 오전 12:00:00,4,87287Q5000,298,1,9,9
S02,2020-04-07 오전 12:00:00,4,87287Q5000,464,1,1,1
S02,2020-04-08 오전 12:00:00,4,87287Q5000,1139,1,24,24
S02,2020-04-14 오전 12:00:00,10,87287Q5000,115,1,18,18
S02,2020-04-22 오전 12:00:00,6,87277Q5000,867,1,6,6
S02,2020-04-23 오전 12:00:00,5,87277Q5000,531,1,27,27
S02,2020-04-23 오전 12:00:00,6,87287Q5000,1304,1,27,27
S02,2020-04-24 오전 12:00:00,4,87287Q5000,313,1,14,14
S02,2020-04-28 오전 12:00:00,6,87287Q5000,63,1,5,5
S02,2020-05-06 오전 12:00:00,5,87277K0000,23,1,2,2
S02,2020-05-06 오전 12:00:00,6,87287K0000,182,1,2,2
S02,2020-05-11 오전 12:00:00,6,87287Q5000,389,1,16,16
S02,2020-05-12 오전 12:00:00,7,87287Q5000,844,1,17,17
S02,2020-05-13 오전 12:00:00,5,87277Q5000,31,1,15,15
S02,2020-05-14 오전 12:00:00,3,87277Q5000,386,1,6,6
S02,2020-05-20 오전 12:00:00,4,87287K0000,7,1,16,16
S02,2020-05-26 오전 12:00:00,4,87287Q5000,1172,1,19,19
S02,2020-05-27 오전 12:00:00,5,87277Q5000,19,1,9,9
S02,2020-06-04 오전 12:00:00,4,87287Q5000,679,1,5,5
S02,2020-06-19 오전 12:00:00,3,87277Q5000,160,1,2,2
S02,2020-06-19 오전 12:00:00,4,87287Q5000,144,1,7,7
S02,2020-06-22 오전 12:00:00,4,87287Q5000,1162,1,3,3
S02,2020-06-24 오전 12:00:00,4,87287Q5000,40,1,10,10
S02,2020-06-25 오전 12:00:00,3,87277Q5000,17,1,7,7
S02,2020-07-02 오전 12:00:00,4,87277Q5000,831,1,6,6
S02,2020-07-02 오전 12:00:00,5,87287Q5000,105,1,6,6
S02,2020-07-03 오전 12:00:00,4,87287Q5000,234,1,0,0
S02,2020-07-09 오전 12:00:00,4,87287Q5000,206,1,16,16
S02,2020-07-13 오전 12:00:00,4,YP5450B000,1178,1,5,5
S02,2020-07-13 오전 12:00:00,5,YP5460B000,29,1,5,5
S02,2020-07-17 오전 12:00:00,5,87287Q5000,562,1,5,5
S02,2020-07-20 오전 12:00:00,4,87287Q5000,903,1,7,7
S02,2020-07-22 오전 12:00:00,3,87277K0000,124,1,15,15
S02,2020-07-22 오전 12:00:00,4,87287K0000,103,1,15,15
S02,2020-07-23 오전 12:00:00,1,YP3320L000,10,1,16,16
S02,2020-07-24 오전 12:00:00,1,ON-SS1130,2226,1,7,7
S02,2020-07-27 오전 12:00:00,18,87277Q5000,189,1,3,3
S02,2020-07-28 오전 12:00:00,4,87287Q5000,1152,1,7,7
S02,2020-07-30 오전 12:00:00,3,87277Q5000,15,1,22,22
S02,2020-07-30 오전 12:00:00,4,87287Q5000,1419,1,22,22
S02,2020-07-31 오전 12:00:00,3,87277Q5000,837,1,1,1
S02,2020-07-31 오전 12:00:00,4,87287Q5000,331,1,1,1
S02,2020-08-11 오전 12:00:00,4,87287Q5000,1254,1,2,2
S02,2020-08-12 오전 12:00:00,5,87277Q5000,26,1,7,7
S02,2020-08-20 오전 12:00:00,4,87287Q5000,204,1,5,5
S02,2020-08-21 오전 12:00:00,4,87287Q5000,268,1,4,4
S02,2020-08-24 오전 12:00:00,4,YP5450B000,724,1,4,4
S02,2020-08-24 오전 12:00:00,5,YP5460B000,28,1,4,4
S02,2020-08-25 오전 12:00:00,4,87287Q5000,1386,1,1,1
S02,2020-08-26 오전 12:00:00,4,87287Q5000,6,1,0,0
S02,2020-09-04 오전 12:00:00,23,87287Q5000,996,1,7,7
S02,2020-09-10 오전 12:00:00,3,87277Q5000,1044,1,2,2
S02,2020-09-11 오전 12:00:00,1,87277Q5000,1169,1,0,0
S02,2020-09-16 오전 12:00:00,3,ON-SS1140,21,1,3,3
S02,2020-09-17 오전 12:00:00,1,ON-SS1140,50,1,3,3
S02,2020-09-21 오전 12:00:00,4,87287Q5000,1084,1,1,1
S02,2020-09-24 오전 12:00:00,4,87287Q5000,3,1,1,1
S02,2020-09-25 오전 12:00:00,4,87287K0000,1005,1,3,3
S02,2020-09-28 오전 12:00:00,4,87287K0000,1287,1,2,2
S02,2020-10-05 오전 12:00:00,4,87287Q5000,1288,1,2,2
S02,2020-10-06 오전 12:00:00,5,87277Q5000,18,1,2,2
S02,2020-10-07 오전 12:00:00,5,87277Q5000,26,1,2,2
S02,2020-10-08 오전 12:00:00,3,87277Q5000,1055,1,2,2
S02,2020-10-10 오전 12:00:00,10,87274K0000,1,1,0,0
S02,2020-10-10 오전 12:00:00,11,87281K0000,1,1,0,0
S02,2020-10-14 오전 12:00:00,4,87287Q5000,768,1,0,0
S02,2020-10-15 오전 12:00:00,3,87277Q5000,1074,1,0,0
S02,2020-10-15 오전 12:00:00,4,87287Q5000,1330,1,0,0
S02,2020-10-16 오전 12:00:00,4,87287Q5000,275,1,0,0
S04,2020-01-02 오전 12:00:00,5,87263R1400,79,1,11,11
S04,2020-01-15 오전 12:00:00,5,XG1000F000-1,19,1,22,22
S04,2020-01-16 오전 12:00:00,5,XG1000F000-1,674,1,18,18
S04,2020-01-20 오전 12:00:00,5,XG1000R000-1,15,1,47,47
S04,2020-01-21 오전 12:00:00,5,XG1000R000-1,22,1,16,16
S04,2020-03-10 오전 12:00:00,10,87263R1400,113,1,11,11
S04,2020-03-10 오전 12:00:00,11,87264R1400,7,1,11,11
S04,2020-03-17 오전 12:00:00,5,XG1000F000-1,15,1,9,9
S04,2020-03-27 오전 12:00:00,4,87136T1000,497,1,11,11
S04,2020-03-30 오전 12:00:00,6,87136T1000,2017,1,15,15
S04,2020-04-06 오전 12:00:00,6,87263R1400,679,1,9,9
S04,2020-04-13 오전 12:00:00,7,XG1000R000-1,231,1,56,56
S04,2020-05-11 오전 12:00:00,7,87136T1000,389,1,4,4
S04,2020-05-18 오전 12:00:00,10,87136T1000,1199,1,10,10
S04,2020-05-28 오전 12:00:00,5,87287Q5000,973,1,6,6
S04,2020-05-29 오전 12:00:00,4,87287Q5000,2,1,3,3
S04,2020-06-02 오전 12:00:00,8,87136T1000,1,1,6,6
S04,2020-06-16 오전 12:00:00,4,87136T1000,1223,1,13,13
S04,2020-06-17 오전 12:00:00,5,87136T1000,25,1,18,18
S04,2020-06-26 오전 12:00:00,9,YP5440B000,117,1,3,3
S04,2020-06-26 오전 12:00:00,10,YP5450B000,903,1,3,3
S04,2020-06-26 오전 12:00:00,11,YP5460B000,1,1,3,3
S04,2020-06-26 오전 12:00:00,12,YP5470B000,378,1,3,3
S04,2020-07-06 오전 12:00:00,5,87136T1000,15,1,5,5
S04,2020-07-08 오전 12:00:00,4,87136T1000,1017,1,2,2
S04,2020-07-15 오전 12:00:00,12,87136T1000,1131,1,10,10
S04,2020-07-17 오전 12:00:00,6,87136T1000,1331,1,2,2
S04,2020-07-21 오전 12:00:00,4,XG1000R000-1,1381,1,34,34
S04,2020-08-11 오전 12:00:00,7,87136T1000,2183,1,13,13
S04,2020-08-12 오전 12:00:00,9,87136T1000,976,1,1,1
S04,2020-08-14 오전 12:00:00,4,87136T1000,4,1,2,2
S04,2020-08-18 오전 12:00:00,10,XG1000R000-1,8,1,20,20
S04,2020-08-19 오전 12:00:00,10,XG1000F000-1,10,1,24,24
S04,2020-09-08 오전 12:00:00,7,87136T1000,1999,1,0,0
S04,2020-09-14 오전 12:00:00,5,87136T1000,29,1,4,4
S04,2020-09-17 오전 12:00:00,3,87136T1000,355,1,4,4
S04,2020-09-25 오전 12:00:00,11,XG1000F000-1,440,1,10,10
S04,2020-09-29 오전 12:00:00,8,XG1000F000-1,4,1,10,10
S04,2020-10-06 오전 12:00:00,8,XG1000R000-1,6,1,12,12
S04,2020-10-08 오전 12:00:00,7,TL3080R000,947,1,3,3
S06,2020-01-02 오전 12:00:00,7,86133J7000,1924,1,0,0
S06,2020-01-15 오전 12:00:00,7,86133J7000,439,1,0,0
S06,2020-01-16 오전 12:00:00,9,86134J7000,650,1,0,0
S06,2020-01-29 오전 12:00:00,10,86134J7000,252,1,0,0
S06,2020-02-12 오전 12:00:00,10,86141J7700,340,1,23,23
S06,2020-02-18 오전 12:00:00,5,86134J7000,44,1,5,5
S06,2020-03-03 오전 12:00:00,9,86131G3000,1991,1,35,35
S06,2020-03-03 오전 12:00:00,10,86132G3000,2,1,42,42
S06,2020-03-07 오전 12:00:00,5,86131G3000,2238,1,35,35
S06,2020-03-08 오전 12:00:00,5,86142J7700,1,1,0,0
S06,2020-03-09 오전 12:00:00,10,86134J7000,7,1,0,0
S06,2020-03-17 오전 12:00:00,7,86131T1000,1536,1,135,135
S06,2020-03-24 오전 12:00:00,5,86133J7000,14,1,0,0
S06,2020-03-24 오전 12:00:00,26,86132G3000,2,1,6,6
S06,2020-03-25 오전 12:00:00,10,86131G3000,2078,1,62,62
S06,2020-03-25 오전 12:00:00,11,86132G3000,6,1,0,0
S06,2020-03-26 오전 12:00:00,10,86132G3000,599,1,0,0
S06,2020-03-26 오전 12:00:00,26,86134J7000,5,1,0,0
S06,2020-03-27 오전 12:00:00,9,86133J7000,2468,1,0,0
S06,2020-03-27 오전 12:00:00,10,86134J7000,151,1,0,0
S06,2020-04-05 오전 12:00:00,4,86132G3000,181,1,11,11
S06,2020-04-08 오전 12:00:00,10,86133J7000,6,1,0,0
S06,2020-04-08 오전 12:00:00,11,86134J7000,6,1,0,0
S06,2020-04-09 오전 12:00:00,4,86133J7000,507,1,0,0
S06,2020-04-13 오전 12:00:00,20,86131G4700,389,1,0,0
S06,2020-04-13 오전 12:00:00,21,86132G4700,389,1,0,0
S06,2020-04-20 오전 12:00:00,11,86131AA000,9,1,97,97
S06,2020-04-24 오전 12:00:00,11,86131AA000,695,1,76,76
S06,2020-04-24 오전 12:00:00,12,86141AA000,683,1,89,89
S06,2020-04-28 오전 12:00:00,15,86141AA000,371,1,67,67
S06,2020-04-29 오전 12:00:00,5,86131AA000,27,1,142,142
S06,2020-04-29 오전 12:00:00,6,86141AA000,1210,1,12,12
S06,2020-05-06 오전 12:00:00,12,86131AA000,8,1,119,119
S06,2020-05-06 오전 12:00:00,13,86141AA000,7,1,24,24
S06,2020-05-07 오전 12:00:00,6,86131AA000,1251,1,14,14
S06,2020-05-07 오전 12:00:00,7,86141AA000,1605,1,12,12
S06,2020-05-08 오전 12:00:00,7,86131AA000,369,1,3,3
S06,2020-05-09 오전 12:00:00,5,86131AA000,185,1,12,12
S06,2020-05-09 오전 12:00:00,6,86141AA000,1241,1,2,2
S06,2020-05-11 오전 12:00:00,12,86131AA000,821,1,12,12
S06,2020-06-02 오전 12:00:00,20,86141AA000,39,1,0,0
S06,2020-06-03 오전 12:00:00,10,86141AA000,6,1,0,0
S06,2020-06-05 오전 12:00:00,4,86141AA000,716,1,12,12
S06,2020-06-09 오전 12:00:00,7,86141AA000,1801,1,34,34
S06,2020-06-10 오전 12:00:00,10,86131AA000,1178,1,77,77
S06,2020-06-11 오전 12:00:00,10,86141AA000,1200,1,123,123
S06,2020-06-12 오전 12:00:00,4,86141AA000,1183,1,27,27
S06,2020-06-15 오전 12:00:00,4,86141AA000,1166,1,43,43
S06,2020-06-16 오전 12:00:00,20,86134J7000,794,1,9,9
S06,2020-06-17 오전 12:00:00,7,86134J7000,1527,1,18,18
S06,2020-06-18 오전 12:00:00,3,86133J7000,1011,1,21,21
S06,2020-06-18 오전 12:00:00,4,86134J7000,467,1,19,19
S06,2020-06-22 오전 12:00:00,8,86142J7700,1,1,0,0
S06,2020-06-23 오전 12:00:00,4,86141J7700,1193,1,14,14
S06,2020-07-07 오전 12:00:00,7,86131G3000,1924,1,22,22
S06,2020-07-08 오전 12:00:00,17,86131AA000,753,1,76,76
S06,2020-07-08 오전 12:00:00,18,86141AA000,751,1,80,80
S06,2020-07-13 오전 12:00:00,8,86133J7000,9,1,30,30
S06,2020-07-13 오전 12:00:00,9,86134J7000,9,1,23,23
S06,2020-07-14 오전 12:00:00,4,86133J7000,1216,1,14,14
S06,2020-07-14 오전 12:00:00,5,86134J7000,21,1,12,12
S06,2020-07-15 오전 12:00:00,9,86134J7000,2042,1,5,5
S06,2020-07-16 오전 12:00:00,9,86132G3000,344,1,5,5
S06,2020-07-20 오전 12:00:00,11,86131AA000,7,1,21,21
S06,2020-07-21 오전 12:00:00,5,86131AA000,26,1,5,5
S06,2020-07-22 오전 12:00:00,11,86133J7000,17,1,20,20
S06,2020-07-22 오전 12:00:00,12,86134J7000,16,1,17,17
S06,2020-07-23 오전 12:00:00,10,86134J7000,3,1,46,46
S06,2020-07-24 오전 12:00:00,15,86134J7000,931,1,12,12
S06,2020-07-27 오전 12:00:00,10,86133J7000,2195,1,7,7
S06,2020-07-27 오전 12:00:00,11,86134J7000,8,1,10,10
S06,2020-07-28 오전 12:00:00,7,86133J7000,232,1,0,0
S06,2020-07-28 오전 12:00:00,8,86134J7000,1,1,0,0
S06,2020-07-29 오전 12:00:00,4,86132G3000,1011,1,13,13
S06,2020-07-30 오전 12:00:00,7,86132G3000,73,1,0,0
S06,2020-08-10 오전 12:00:00,9,86131G3000,1,1,58,58
S06,2020-08-10 오전 12:00:00,10,86132G3000,1833,1,136,136
S06,2020-08-11 오전 12:00:00,8,86131G3000,14,1,0,0
S06,2020-08-11 오전 12:00:00,9,86132G3000,536,1,0,0
S06,2020-08-11 오전 12:00:00,10,86133J7000,689,1,49,49
S06,2020-08-11 오전 12:00:00,11,86134J7000,8,1,18,18
S06,2020-08-13 오전 12:00:00,5,86133J7000,11,1,17,17
S06,2020-08-14 오전 12:00:00,6,86133J7000,161,1,0,0
S06,2020-08-14 오전 12:00:00,7,86134J7000,904,1,0,0
S06,2020-08-18 오전 12:00:00,11,86133J7000,8,1,10,10
S06,2020-08-19 오전 12:00:00,21,86131G3000,672,1,36,36
S06,2020-08-20 오전 12:00:00,8,86132G3000,10,1,26,26
S06,2020-08-21 오전 12:00:00,11,86131G3000,13,1,57,57
S06,2020-08-21 오전 12:00:00,12,86132G3000,745,1,48,48
S06,2020-08-25 오전 12:00:00,7,86133J7000,2134,1,4,4
S06,2020-08-25 오전 12:00:00,8,86134J7000,15,1,6,6
S06,2020-08-26 오전 12:00:00,11,86133J7000,10,1,6,6
S06,2020-08-26 오전 12:00:00,12,86134J7000,8,1,6,6
S06,2020-08-27 오전 12:00:00,10,86133J7000,10,1,9,9
S06,2020-08-27 오전 12:00:00,11,86134J7000,23,1,7,7
S06,2020-08-28 오전 12:00:00,10,86133J7000,2,1,3,3
S06,2020-08-31 오전 12:00:00,8,86142J7700,1,1,10,10
S06,2020-09-01 오전 12:00:00,6,86141J7700,91,1,3,3
S06,2020-09-01 오전 12:00:00,7,86142J7700,1430,1,2,2
S06,2020-09-02 오전 12:00:00,7,86132G3000,1036,1,24,24
S06,2020-09-03 오전 12:00:00,10,86131G3000,286,1,17,17
S06,2020-09-04 오전 12:00:00,24,86131G3000,998,1,54,54
S06,2020-09-05 오전 12:00:00,6,86131BC300,1098,1,5,5
S06,2020-09-05 오전 12:00:00,7,86141BC300,957,1,25,25
S06,2020-09-08 오전 12:00:00,8,86131BC300,14,1,6,6
S06,2020-09-08 오전 12:00:00,9,86141BC300,335,1,10,10
S06,2020-09-09 오전 12:00:00,8,86131BC300,1,1,4,4
S06,2020-09-09 오전 12:00:00,9,86141BC300,2091,1,9,9
S06,2020-09-10 오전 12:00:00,9,86141BC300,486,1,2,2
S06,2020-09-11 오전 12:00:00,6,86131BC300,113,1,8,8
S06,2020-09-14 오전 12:00:00,10,86131BC300,2313,1,16,16
S06,2020-09-15 오전 12:00:00,7,86134J7000,2180,1,19,19
S06,2020-09-16 오전 12:00:00,9,86134J7000,730,1,4,4
S06,2020-09-18 오전 12:00:00,8,86131BC300,12,1,21,21
S06,2020-09-18 오전 12:00:00,9,86141BC300,12,1,35,35
S06,2020-09-23 오전 12:00:00,6,86131BC300,220,1,4,4
S06,2020-09-23 오전 12:00:00,7,86141BC300,518,1,81,81
S06,2020-09-28 오전 12:00:00,9,86131G3000,1,1,63,63
S06,2020-09-28 오전 12:00:00,10,86132G3000,8,1,15,15
S06,2020-10-07 오전 12:00:00,21,86131G3000,756,1,40,40
S06,2020-10-08 오전 12:00:00,8,86131G3000,12,1,57,57
S06,2020-10-08 오전 12:00:00,9,86132G3000,2423,1,2,2
S06,2020-10-09 오전 12:00:00,8,86131G3000,578,1,69,69
S06,2020-10-09 오전 12:00:00,9,86132G3000,493,1,4,4
S06,2020-10-10 오전 12:00:00,5,86132G4700,973,1,18,18
S06,2020-10-11 오전 12:00:00,8,86134J7000,14,1,6,6
S06,2020-10-16 오전 12:00:00,9,86134J7000,253,1,8,8
S07,2020-02-28 오전 12:00:00,10,9163240004,8,1,0,0
S07,2020-03-06 오전 12:00:00,11,9163240004,15,1,0,0
S07,2020-03-11 오전 12:00:00,11,9163240004,4,1,0,0
S07,2020-06-08 오전 12:00:00,17,9163240002,220,1,6,6
S07,2020-08-14 오전 12:00:00,24,9163240002,138,1,6,6
S07,2020-09-17 오전 12:00:00,24,9163240010,122,1,6,6
S08,2020-06-09 오전 12:00:00,1,9163240004,706,1,3,3
S08,2020-06-25 오전 12:00:00,13,9163240004,133,1,3,3
S08,2020-08-18 오전 12:00:00,3,9163240004,994,1,3,3
S08,2020-08-19 오전 12:00:00,4,9163240004,914,1,3,3
S08,2020-08-20 오전 12:00:00,18,9163240004,1258,1,3,3
S08,2020-08-21 오전 12:00:00,18,9163240038,123,1,3,3
S08,2020-08-22 오전 12:00:00,10,9163240030,18,1,3,3
S08,2020-08-24 오전 12:00:00,20,9163240038,759,1,3,3
S08,2020-08-28 오전 12:00:00,17,9163240004,267,1,3,3
S08,2020-09-04 오전 12:00:00,13,9163240004,8,1,3,3
S08,2020-09-09 오전 12:00:00,24,9163240004,1028,1,3,3
S08,2020-09-10 오전 12:00:00,24,9163240004,175,1,3,3
S09,2020-03-06 오전 12:00:00,10,9163240003,7,1,0,0
S09,2020-03-11 오전 12:00:00,10,9163240003,4,1,0,0
S09,2020-04-27 오전 12:00:00,10,9163240003,5,1,0,0
S09,2020-05-14 오전 12:00:00,9,9163240003,532,1,0,0
S09,2020-06-25 오전 12:00:00,12,9163240003,456,1,3,3
S09,2020-07-14 오전 12:00:00,13,9163240003,22,1,3,3
S09,2020-08-20 오전 12:00:00,17,9163240003,1260,1,3,3
S09,2020-08-21 오전 12:00:00,17,9163240003,123,1,3,3
S09,2020-08-25 오전 12:00:00,18,9163240003,904,1,3,3
S09,2020-08-29 오전 12:00:00,10,9163240003,436,1,3,3
S09,2020-09-04 오전 12:00:00,12,9163240003,7,1,3,3
S09,2020-09-07 오전 12:00:00,5,9163240003,26,1,3,3
S09,2020-09-09 오전 12:00:00,23,9163240003,1030,1,3,3
S09,2020-09-10 오전 12:00:00,23,9163240003,175,1,3,3
S10,2020-01-06 오전 12:00:00,16,TM3050L000,154,1,1,1
S10,2020-01-06 오전 12:00:00,17,TM3060R000,154,1,1,1
S10,2020-01-07 오전 12:00:00,6,YP5740B000,163,1,0,0
S10,2020-01-07 오전 12:00:00,7,YP5750B000,163,1,0,0
S10,2020-01-08 오전 12:00:00,7,86611K9000,2598,1,0,0
S10,2020-01-09 오전 12:00:00,37,UM3050L000,126,1,0,0
S10,2020-01-09 오전 12:00:00,38,UM3060R000,126,1,0,0
S10,2020-01-10 오전 12:00:00,10,UM3060R000,46,1,0,0
S10,2020-01-10 오전 12:00:00,12,ON-SS1210,135,1,0,0
S10,2020-01-10 오전 12:00:00,35,TM1200B003,83,1,0,0
S10,2020-01-11 오전 12:00:00,1,TM1200B003,293,1,1,1
S10,2020-01-16 오전 12:00:00,13,YP5740B000,246,1,0,0
S10,2020-01-16 오전 12:00:00,14,YP5750B000,246,1,0,0
S10,2020-01-21 오전 12:00:00,10,TM1200B003,1940,1,2,2
S10,2020-01-22 오전 12:00:00,26,TM1200B003,219,1,4,4
S10,2020-01-28 오전 12:00:00,27,TM1210B003,229,1,3,3
S10,2020-01-29 오전 12:00:00,11,UM3050L000,276,1,0,0
S10,2020-01-29 오전 12:00:00,12,UM3060R000,276,1,0,0
S10,2020-02-04 오전 12:00:00,24,TM1200B003,235,1,0,0
S10,2020-02-05 오전 12:00:00,42,YP5740B000,85,1,0,0
S10,2020-02-05 오전 12:00:00,43,YP5750B000,85,1,0,0
S10,2020-02-06 오전 12:00:00,34,ON-SS1110,146,1,0,0
S10,2020-02-06 오전 12:00:00,35,ON-SS1210,146,1,0,0
S10,2020-02-07 오전 12:00:00,31,ON-SS1110,130,1,0,0
S10,2020-02-07 오전 12:00:00,32,ON-SS1210,130,1,0,0
S10,2020-02-12 오전 12:00:00,15,TM1220B003,102,1,3,3
S10,2020-02-13 오전 12:00:00,30,YP5740B000,23,1,0,0
S10,2020-02-13 오전 12:00:00,31,YP5750B000,23,1,0,0
S10,2020-02-21 오전 12:00:00,10,ON-SS1110,55,1,0,0
S10,2020-02-21 오전 12:00:00,11,ON-SS1210,55,1,0,0
S10,2020-02-25 오전 12:00:00,14,ON-SS1110,93,1,0,0
S10,2020-02-25 오전 12:00:00,15,ON-SS1210,93,1,0,0
S10,2020-02-27 오전 12:00:00,12,ON-SS1110,120,1,0,0
S10,2020-02-27 오전 12:00:00,13,ON-SS1210,120,1,0,0
S10,2020-02-28 오전 12:00:00,11,YP5740B000,126,1,0,0
S10,2020-02-28 오전 12:00:00,12,YP5750B000,118,1,0,0
S10,2020-03-02 오전 12:00:00,3,TM1200B003,252,1,3,3
S10,2020-03-03 오전 12:00:00,25,UM3050L000,183,1,0,0
S10,2020-03-03 오전 12:00:00,26,UM3060R000,183,1,0,0
S10,2020-03-04 오전 12:00:00,32,ON-SS1110,102,1,0,0
S10,2020-03-04 오전 12:00:00,33,ON-SS1210,102,1,0,0
S10,2020-03-09 오전 12:00:00,14,TM3050L000,128,1,1,1
S10,2020-03-09 오전 12:00:00,15,TM3060R000,128,1,1,1
S10,2020-03-10 오전 12:00:00,17,TM1200B003,267,1,0,0
S10,2020-03-11 오전 12:00:00,16,ON-SS1110,132,1,0,0
S10,2020-03-11 오전 12:00:00,17,ON-SS1210,132,1,0,0
S10,2020-03-12 오전 12:00:00,13,YP5740B000,126,1,0,0
S10,2020-03-12 오전 12:00:00,14,YP5750B000,126,1,0,0
S10,2020-03-17 오전 12:00:00,17,TM1210B003,137,1,0,0
S10,2020-03-17 오전 12:00:00,25,TM1200B003,101,1,0,0
S10,2020-03-18 오전 12:00:00,17,ON-SS1110,1,1,1,1
S10,2020-03-18 오전 12:00:00,18,ON-SS1210,1,1,1,1
S10,2020-03-20 오전 12:00:00,15,ON-SS1110,101,1,0,0
S10,2020-03-20 오전 12:00:00,16,ON-SS1210,101,1,0,0
S10,2020-03-23 오전 12:00:00,23,TM1200B003,79,1,0,0
S10,2020-03-23 오전 12:00:00,24,TM1210B003,85,1,0,0
S10,2020-03-24 오전 12:00:00,12,TM1220B003,223,1,0,0
S10,2020-03-25 오전 12:00:00,16,TM1220B003,69,1,1,1
S10,2020-03-26 오전 12:00:00,11,ON-SS1110,168,1,0,0
S10,2020-03-26 오전 12:00:00,12,ON-SS1210,162,1,0,0
S10,2020-03-30 오전 12:00:00,13,ON-SS1110,49,1,0,0
S10,2020-03-30 오전 12:00:00,14,ON-SS1210,49,1,0,0
S10,2020-03-31 오전 12:00:00,14,UM3050L000,177,1,1,1
S10,2020-03-31 오전 12:00:00,15,UM3060R000,549,1,1,1
S10,2020-04-01 오전 12:00:00,16,YP5740B000,178,1,0,0
S10,2020-04-01 오전 12:00:00,17,YP5750B000,1562,1,0,0
S10,2020-04-02 오전 12:00:00,12,TM1200B003,314,1,7,7
S10,2020-04-03 오전 12:00:00,18,TM1210B003,1611,1,0,0
S10,2020-04-06 오전 12:00:00,24,TM3050L000,737,1,0,0
S10,2020-04-06 오전 12:00:00,25,TM3060R000,172,1,0,0
S10,2020-04-07 오전 12:00:00,14,TM3050L000,97,1,3,3
S10,2020-04-07 오전 12:00:00,15,TM3060R000,97,1,3,3
S10,2020-04-08 오전 12:00:00,12,TM1200B003,310,1,0,0
S10,2020-04-09 오전 12:00:00,10,TM1220B003,435,1,6,6
S10,2020-04-10 오전 12:00:00,9,TM3050L000,173,1,0,0
S10,2020-04-10 오전 12:00:00,10,TM3060R000,173,1,0,0
S10,2020-04-16 오전 12:00:00,19,TM3050L000,197,1,8,8
S10,2020-04-16 오전 12:00:00,20,TM3060R000,765,1,8,8
S10,2020-04-17 오전 12:00:00,14,TM3050L000,180,1,5,5
S10,2020-04-17 오전 12:00:00,15,TM3060R000,180,1,5,5
S10,2020-04-17 오전 12:00:00,24,TM1200B003,272,1,6,6
S10,2020-04-20 오전 12:00:00,13,YP5740B000,746,1,8,8
S10,2020-04-20 오전 12:00:00,14,YP5750B000,37,1,8,8
S10,2020-04-24 오전 12:00:00,13,TM1200B003,1127,1,6,6
S10,2020-04-24 오전 12:00:00,25,TM1210B003,115,1,4,4
S10,2020-04-27 오전 12:00:00,27,TM1220B003,235,1,3,3
S10,2020-04-28 오전 12:00:00,25,TM1220B003,57,1,3,3
S10,2020-04-29 오전 12:00:00,11,TM3050L000,248,1,13,13
S10,2020-04-29 오전 12:00:00,12,TM3060R000,249,1,11,11
S10,2020-05-13 오전 12:00:00,20,UM3060R000,1112,1,8,8
S10,2020-05-14 오전 12:00:00,12,YP5740B000,166,1,8,8
S10,2020-05-14 오전 12:00:00,13,YP5750B000,166,1,8,8
S10,2020-05-19 오전 12:00:00,26,TM1200B003,153,1,5,5
S10,2020-05-20 오전 12:00:00,11,TM1200B003,83,1,3,3
S10,2020-05-21 오전 12:00:00,9,ON-SS1110,137,1,9,9
S10,2020-05-21 오전 12:00:00,10,ON-SS1210,297,1,9,9
S10,2020-06-03 오전 12:00:00,14,YP5740B000,182,1,4,4
S10,2020-06-03 오전 12:00:00,15,YP5750B000,182,1,4,4
S10,2020-06-09 오전 12:00:00,10,84721G9000,589,1,2,2
S10,2020-06-10 오전 12:00:00,8,TM3050L000,139,1,3,3
S10,2020-06-10 오전 12:00:00,9,TM3060R000,139,1,3,3
S10,2020-06-18 오전 12:00:00,12,84721G9000,1237,1,2,2
S10,2020-06-26 오전 12:00:00,7,ON-SS1110,212,1,3,3
S10,2020-06-26 오전 12:00:00,8,ON-SS1210,212,1,3,3
S10,2020-06-29 오전 12:00:00,8,YP5740B000,225,1,2,2
S10,2020-06-29 오전 12:00:00,9,YP5750B000,224,1,2,2
S10,2020-07-01 오전 12:00:00,13,84721G9000,415,1,5,5
S10,2020-07-08 오전 12:00:00,14,84721G9900,92,1,2,2
S10,2020-07-08 오전 12:00:00,21,84721G9000,288,1,2,2
S10,2020-07-09 오전 12:00:00,8,84721G9000,428,1,4,4
S10,2020-07-13 오전 12:00:00,14,YP5740B000,169,1,5,5
S10,2020-07-13 오전 12:00:00,15,YP5750B000,169,1,5,5
S10,2020-07-13 오전 12:00:00,16,UM3050L000,180,1,2,2
S10,2020-07-13 오전 12:00:00,17,UM3060R000,1355,1,2,2
S10,2020-07-14 오전 12:00:00,10,TM3050L000,715,1,4,4
S10,2020-07-14 오전 12:00:00,11,TM3060R000,175,1,4,4
S10,2020-07-15 오전 12:00:00,14,84721G9000,315,1,1,1
S10,2020-07-21 오전 12:00:00,11,84721G9000,520,1,4,4
S10,2020-07-22 오전 12:00:00,15,TM1200B003,85,1,2,2
S10,2020-07-24 오전 12:00:00,13,TM1200B003,198,1,3,3
S10,2020-07-28 오전 12:00:00,13,84721G9000,707,1,3,3
S10,2020-08-13 오전 12:00:00,18,TM3050L000,138,1,4,4
S10,2020-08-13 오전 12:00:00,19,TM3060R000,138,1,4,4
S10,2020-08-14 오전 12:00:00,8,84721G9000,270,1,1,1
S10,2020-08-17 오전 12:00:00,4,84721G9000,171,1,2,2
S10,2020-08-18 오전 12:00:00,21,ON-SS1110,132,1,3,3
S10,2020-08-18 오전 12:00:00,22,ON-SS1210,132,1,3,3
S10,2020-08-19 오전 12:00:00,17,ON-SS1110,84,1,1,1
S10,2020-08-19 오전 12:00:00,18,ON-SS1210,84,1,1,1
S10,2020-08-24 오전 12:00:00,14,YP5740B000,166,1,2,2
S10,2020-08-24 오전 12:00:00,15,YP5750B000,166,1,2,2
S10,2020-08-24 오전 12:00:00,22,ON-SS1110,133,1,3,3
S10,2020-08-24 오전 12:00:00,23,ON-SS1210,133,1,3,3
S10,2020-08-25 오전 12:00:00,15,84721G9000,392,1,3,3
S10,2020-08-27 오전 12:00:00,12,ON-SS1110,847,1,2,2
S10,2020-08-27 오전 12:00:00,13,ON-SS1210,697,1,2,2
S10,2020-08-28 오전 12:00:00,12,ON-SS1110,681,1,3,3
S10,2020-08-28 오전 12:00:00,13,ON-SS1210,156,1,3,3
S10,2020-08-31 오전 12:00:00,10,84721G9000,3024,1,5,5
S10,2020-09-04 오전 12:00:00,14,84721G9000,307,1,3,3
S10,2020-09-07 오전 12:00:00,21,84721G9000,984,1,3,3
S10,2020-09-08 오전 12:00:00,16,TM1210B003,142,1,1,1
S10,2020-09-09 오전 12:00:00,14,TM3050L000,83,1,0,0
S10,2020-09-09 오전 12:00:00,15,TM3060R000,83,1,0,0
S10,2020-09-09 오전 12:00:00,19,UM3050L000,95,1,3,3
S10,2020-09-09 오전 12:00:00,20,UM3060R000,95,1,3,3
S10,2020-09-11 오전 12:00:00,14,84721G9000,323,1,2,2
S10,2020-09-14 오전 12:00:00,12,84721G9000,181,1,2,2
S10,2020-09-17 오전 12:00:00,18,84721G9000,113,1,2,2
S10,2020-09-21 오전 12:00:00,16,84721G9000,315,1,2,2
S10,2020-09-22 오전 12:00:00,11,ON-SS1110,110,1,2,2
S10,2020-09-22 오전 12:00:00,12,ON-SS1210,110,1,2,2
S10,2020-09-25 오전 12:00:00,10,ON-SS1210,4,1,9,9
S10,2020-09-28 오전 12:00:00,11,ON-SS1110,207,1,6,6
S10,2020-09-28 오전 12:00:00,12,ON-SS1210,199,1,6,6
S10,2020-10-05 오전 12:00:00,16,ON-SS1110,289,1,5,5
S10,2020-10-05 오전 12:00:00,17,ON-SS1210,652,1,5,5
S10,2020-10-05 오전 12:00:00,18,TM3050L000,611,1,5,5
S10,2020-10-05 오전 12:00:00,19,TM3060R000,64,1,5,5
S10,2020-10-06 오전 12:00:00,16,84721G9000,230,1,2,2
S10,2020-10-07 오전 12:00:00,14,84721G9000,246,1,2,2
S10,2020-10-08 오전 12:00:00,10,ON-SS1110,366,1,4,4
S10,2020-10-08 오전 12:00:00,11,ON-SS1210,246,1,4,4
S10,2020-10-14 오전 12:00:00,14,ON-SS1110,148,1,1,1
S10,2020-10-14 오전 12:00:00,15,ON-SS1210,148,1,1,1
S10,2020-10-14 오전 12:00:00,16,UM3050L000,113,1,1,1
S10,2020-10-14 오전 12:00:00,17,UM3060R000,508,1,1,1
S10,2020-10-15 오전 12:00:00,14,84721G9000,390,1,3,3
S10,2020-10-16 오전 12:00:00,16,84721G9000,92,1,1,1
S10,2020-10-19 오전 12:00:00,17,ON-SS1110,126,1,0,0
S10,2020-10-19 오전 12:00:00,18,ON-SS1210,157,1,0,0
S10,2020-10-23 오전 12:00:00,13,84721G9000,181,1,0,0
S11,2020-01-08 오전 12:00:00,8,87293Q5000,13,1,0,0
S11,2020-01-22 오전 12:00:00,10,9163240005,870,1,0,0
S11,2020-01-29 오전 12:00:00,5,87293K0001,12,1,0,0
S11,2020-03-04 오전 12:00:00,31,87293Q5000,8,1,0,0
S11,2020-03-05 오전 12:00:00,13,87293Q5000,5,1,0,0
S11,2020-03-06 오전 12:00:00,18,87293Q5000,14,1,0,0
S11,2020-03-07 오전 12:00:00,18,87293Q5000,30,1,0,0
S11,2020-03-09 오전 12:00:00,16,87293Q5000,27,1,0,0
S11,2020-03-10 오전 12:00:00,16,87293Q5000,1743,1,0,0
S11,2020-03-16 오전 12:00:00,7,87293Q5000,116,1,0,0
S11,2020-03-24 오전 12:00:00,27,87293Q5000,2,1,0,0
S11,2020-03-26 오전 12:00:00,4,87293Q5000,1088,1,0,0
S11,2020-03-27 오전 12:00:00,3,87293Q5000,854,1,0,0
S11,2020-03-30 오전 12:00:00,5,87293Q5000,586,1,0,0
S11,2020-03-31 오전 12:00:00,6,87293Q5000,9,1,0,0
S11,2020-04-01 오전 12:00:00,5,87293Q5000,1214,1,0,0
S11,2020-04-02 오전 12:00:00,5,87293Q5000,2240,1,0,0
S11,2020-04-03 오전 12:00:00,5,87293Q5000,6565,1,0,0
S11,2020-04-06 오전 12:00:00,5,87293Q5000,2876,1,0,0
S11,2020-04-07 오전 12:00:00,5,87293Q5000,2102,1,0,0
S11,2020-04-08 오전 12:00:00,5,87293Q5000,2473,1,0,0
S11,2020-04-09 오전 12:00:00,3,87293Q5000,1888,1,0,0
S11,2020-04-10 오전 12:00:00,3,87293Q5000,2013,1,0,0
S11,2020-04-20 오전 12:00:00,5,87293Q5000,39,1,0,0
S11,2020-05-07 오전 12:00:00,5,87293Q5000,1277,1,0,0
S11,2020-05-08 오전 12:00:00,5,87293Q5000,43,1,0,0
S11,2020-05-12 오전 12:00:00,5,87293Q5000,20,1,0,0
S11,2020-05-13 오전 12:00:00,7,87293Q5000,1369,1,0,0
S11,2020-05-14 오전 12:00:00,5,87293Q5000,8,1,0,0
S11,2020-05-18 오전 12:00:00,9,87293Q5000,9,1,0,0
S11,2020-05-25 오전 12:00:00,5,87293Q5000,29,1,0,0
S11,2020-05-26 오전 12:00:00,5,87293Q5000,25,1,0,0
S11,2020-05-29 오전 12:00:00,5,87293Q5000,500,1,0,0
S11,2020-06-09 오전 12:00:00,13,87293K0001,445,1,0,0
S11,2020-06-12 오전 12:00:00,7,87293Q5000,1481,1,0,0
S11,2020-06-16 오전 12:00:00,13,87293Q5000,39,1,0,0
S11,2020-06-18 오전 12:00:00,5,87293Q5000,19,1,0,0
S11,2020-06-24 오전 12:00:00,5,87293K0001,28,1,12,12
S11,2020-06-25 오전 12:00:00,5,87293K0001,27,1,0,0
S11,2020-06-26 오전 12:00:00,13,87293Q5000,8,1,0,0
S11,2020-06-29 오전 12:00:00,5,87293Q5000,912,1,12,12
S11,2020-06-30 오전 12:00:00,5,87293Q5000,579,1,0,0
S11,2020-07-01 오전 12:00:00,5,87293Q5000,17,1,0,0
S11,2020-07-02 오전 12:00:00,6,87293Q5000,376,1,0,0
S11,2020-07-09 오전 12:00:00,5,87293Q5000,28,1,40,40
S11,2020-07-10 오전 12:00:00,9,87293Q5000,2339,1,30,30
S11,2020-07-16 오전 12:00:00,3,87293Q5000,942,1,30,30
S11,2020-07-17 오전 12:00:00,3,87293Q5000,13,1,15,15
S11,2020-07-20 오전 12:00:00,5,87293Q5000,29,1,17,17
S11,2020-07-22 오전 12:00:00,5,87293Q5000,24,1,0,0
S11,2020-07-23 오전 12:00:00,3,87293Q5000,836,1,32,32
S11,2020-07-24 오전 12:00:00,3,87293Q5000,16,1,15,15
S11,2020-07-28 오전 12:00:00,5,87293Q5000,30,1,36,36
S11,2020-07-29 오전 12:00:00,5,87293Q5000,26,1,10,10
S11,2020-07-30 오전 12:00:00,5,87293Q5000,22,1,15,15
S11,2020-07-31 오전 12:00:00,5,87293Q5000,3,1,0,0
S11,2020-08-11 오전 12:00:00,5,87293Q5000,26,1,10,10
S11,2020-08-12 오전 12:00:00,7,87293Q5000,292,1,0,0
S11,2020-08-17 오전 12:00:00,5,87293Q5000,19,1,0,0
S11,2020-08-19 오전 12:00:00,9,87293Q5000,13,1,30,30
S11,2020-08-20 오전 12:00:00,5,87293Q5000,14,1,0,0
S11,2020-08-21 오전 12:00:00,5,87293Q5000,308,1,0,0
S11,2020-08-22 오전 12:00:00,7,87293Q5000,18,1,0,0
S11,2020-08-25 오전 12:00:00,5,87293Q5000,26,1,0,0
S11,2020-08-26 오전 12:00:00,5,87293Q5000,13,1,0,0
S11,2020-08-27 오전 12:00:00,5,87293Q5000,642,1,12,12
S11,2020-08-28 오전 12:00:00,5,87293Q5000,888,1,30,30
S11,2020-08-29 오전 12:00:00,1,87293Q5000,2323,1,0,0
S11,2020-08-31 오전 12:00:00,9,87293Q5000,285,1,30,30
S11,2020-09-01 오전 12:00:00,5,87293Q5000,105,1,0,0
S11,2020-09-02 오전 12:00:00,5,87293Q5000,24,1,0,0
S11,2020-09-04 오전 12:00:00,9,87293Q5000,307,1,15,15
S11,2020-09-05 오전 12:00:00,5,87293Q5000,1120,1,0,0
S11,2020-09-08 오전 12:00:00,5,87293Q5000,24,1,0,0
S11,2020-09-09 오전 12:00:00,5,87293Q5000,22,1,0,0
S11,2020-09-10 오전 12:00:00,5,87293Q5000,1889,1,0,0
S11,2020-09-11 오전 12:00:00,3,87293Q5000,9,1,0,0
S11,2020-09-12 오전 12:00:00,1,87293Q5000,844,1,0,0
S11,2020-09-16 오전 12:00:00,5,87293Q5000,5,1,0,0
S11,2020-09-17 오전 12:00:00,5,87293Q5000,3,1,0,0
S11,2020-09-18 오전 12:00:00,5,87293Q5000,17,1,0,0
S11,2020-09-19 오전 12:00:00,3,87293Q5000,6,1,0,0
S11,2020-09-21 오전 12:00:00,5,87293Q5000,10,1,12,12
S11,2020-09-23 오전 12:00:00,5,87293Q5000,1485,1,0,0
S11,2020-10-07 오전 12:00:00,7,87293Q5000,1505,1,0,0
S11,2020-10-08 오전 12:00:00,5,87293Q5000,340,1,0,0
S11,2020-10-10 오전 12:00:00,1,87293Q5000,1358,1,0,0
S11,2020-10-11 오전 12:00:00,1,87293Q5000,2577,1,0,0
S11,2020-10-12 오전 12:00:00,9,87293Q5000,2546,1,0,0
S11,2020-10-13 오전 12:00:00,5,87293Q5000,2801,1,0,0
S11,2020-10-14 오전 12:00:00,5,87293Q5000,2354,1,0,0
S11,2020-10-15 오전 12:00:00,5,87293K0001,1352,1,0,0
S11,2020-10-19 오전 12:00:00,10,87293Q5000,2364,1,12,12
S11,2020-10-20 오전 12:00:00,7,87293Q5000,2473,1,0,0
S11,2020-10-21 오전 12:00:00,9,87293Q5000,2310,1,0,0
S11,2020-10-22 오전 12:00:00,3,87293Q5000,53,1,0,0
S12,2020-01-29 오전 12:00:00,7,86131S8000,1289,1,12,12
S12,2020-02-18 오전 12:00:00,10,86131S8000,3254,1,15,15
S12,2020-02-27 오전 12:00:00,10,86131S8000,1,1,31,31
S12,2020-02-27 오전 12:00:00,11,86141S8000,1,1,106,106
S12,2020-03-02 오전 12:00:00,7,86131T6000,1746,1,31,31
S12,2020-03-07 오전 12:00:00,3,86131S8000,1,1,50,50
S12,2020-03-07 오전 12:00:00,4,86141S8000,4,1,108,108
S12,2020-03-11 오전 12:00:00,13,86141S8000,137,1,70,70
S12,2020-03-24 오전 12:00:00,9,86131T6000,196,1,270,270
S12,2020-03-24 오전 12:00:00,11,86141T6000,10,1,120,120
S12,2020-03-25 오전 12:00:00,26,86131S8000,19,1,7,7
S12,2020-03-25 오전 12:00:00,27,86141S8000,19,1,29,29
S12,2020-03-26 오전 12:00:00,7,86131S8000,1449,1,4,4
S12,2020-03-27 오전 12:00:00,7,86131S8000,949,1,16,16
S12,2020-03-27 오전 12:00:00,8,86141S8000,12,1,50,50
S12,2020-03-28 오전 12:00:00,3,86131S8000,1,1,18,18
S12,2020-03-28 오전 12:00:00,4,86141S8000,1,1,155,155
S12,2020-03-29 오전 12:00:00,5,86141S8000,585,1,1,1
S12,2020-03-30 오전 12:00:00,11,86131S8000,301,1,31,31
S12,2020-03-30 오전 12:00:00,12,86141S8000,576,1,5,5
S12,2020-03-31 오전 12:00:00,10,86131S8000,298,1,12,12
S12,2020-03-31 오전 12:00:00,11,86141S8000,4,1,3,3
S12,2020-04-01 오전 12:00:00,10,86131S8000,98,1,3,3
S12,2020-04-01 오전 12:00:00,11,86141S8000,11,1,0,0
S12,2020-04-02 오전 12:00:00,29,86131S8000,7,1,4,4
S12,2020-04-02 오전 12:00:00,30,86141S8000,7,1,0,0
S12,2020-04-03 오전 12:00:00,26,86141T6000,15,1,79,79
S12,2020-04-05 오전 12:00:00,5,86131T6000,1,1,1,1
S12,2020-04-05 오전 12:00:00,6,86141T6000,1,1,48,48
S12,2020-04-06 오전 12:00:00,10,86131T6000,11,1,3,3
S12,2020-04-06 오전 12:00:00,11,86141T6000,21,1,6,6
S12,2020-04-06 오전 12:00:00,12,86131S8000,479,1,0,0
S12,2020-04-06 오전 12:00:00,13,86141S8000,274,1,0,0
S12,2020-04-07 오전 12:00:00,10,86131S8000,5,1,0,0
S12,2020-04-07 오전 12:00:00,11,86141S8000,5,1,0,0
S12,2020-04-10 오전 12:00:00,5,86131S8000,1,1,0,0
S12,2020-04-10 오전 12:00:00,6,86141S8000,1,1,0,0
S12,2020-04-13 오전 12:00:00,10,86131S8000,1944,1,0,0
S12,2020-04-13 오전 12:00:00,11,86141S8000,8,1,0,0
S12,2020-04-17 오전 12:00:00,10,86131T6000,5,1,70,70
S12,2020-04-17 오전 12:00:00,11,86141T6000,5,1,4,4
S12,2020-04-20 오전 12:00:00,9,86131T6000,448,1,22,22
S12,2020-04-20 오전 12:00:00,10,86141T6000,3380,1,7,7
S12,2020-04-21 오전 12:00:00,10,86131T6000,69,1,72,72
S12,2020-04-21 오전 12:00:00,11,86141T6000,15,1,21,21
S12,2020-04-22 오전 12:00:00,10,86131S8000,18,1,7,7
S12,2020-04-22 오전 12:00:00,11,86141S8000,18,1,1,1
S12,2020-04-24 오전 12:00:00,9,86131S8000,1,1,8,8
S12,2020-04-24 오전 12:00:00,10,86141S8000,3,1,0,0
S12,2020-04-27 오전 12:00:00,12,86131S8000,416,1,57,57
S12,2020-04-28 오전 12:00:00,16,86131S8000,7,1,12,12
S12,2020-04-28 오전 12:00:00,17,86141S8000,609,1,14,14
S12,2020-04-29 오전 12:00:00,7,86131S8000,10,1,18,18
S12,2020-04-29 오전 12:00:00,8,86141S8000,24,1,14,14
S12,2020-05-06 오전 12:00:00,10,86131S8000,1749,1,8,8
S12,2020-05-06 오전 12:00:00,11,86141S8000,12,1,8,8
S12,2020-05-07 오전 12:00:00,10,86131S8000,1478,1,63,63
S12,2020-05-07 오전 12:00:00,11,86141S8000,882,1,22,22
S12,2020-05-08 오전 12:00:00,11,86131S8000,1159,1,54,54
S12,2020-05-08 오전 12:00:00,12,86141S8000,1158,1,35,35
S12,2020-05-09 오전 12:00:00,3,86131S8000,1060,1,9,9
S12,2020-05-09 오전 12:00:00,4,86141S8000,1063,1,24,24
S12,2020-05-11 오전 12:00:00,10,86131S8000,971,1,98,98
S12,2020-05-11 오전 12:00:00,11,86141S8000,1792,1,37,37
S12,2020-05-12 오전 12:00:00,11,86131S8000,1205,1,45,45
S12,2020-05-12 오전 12:00:00,12,86141S8000,1204,1,30,30
S12,2020-05-13 오전 12:00:00,11,86131S8000,1354,1,24,24
S12,2020-05-13 오전 12:00:00,12,86141S8000,1352,1,19,19
S12,2020-05-14 오전 12:00:00,24,86131S8000,674,1,54,54
S12,2020-05-14 오전 12:00:00,25,86141S8000,674,1,33,33
S12,2020-05-15 오전 12:00:00,21,86131S8000,836,1,25,25
S12,2020-05-15 오전 12:00:00,22,86141S8000,836,1,10,10
S12,2020-05-20 오전 12:00:00,9,86131S8000,1,1,12,12
S12,2020-05-20 오전 12:00:00,10,86141S8000,1,1,132,132
S12,2020-05-22 오전 12:00:00,7,86141S8000,1072,1,15,15
S12,2020-05-26 오전 12:00:00,10,86131S8000,133,1,94,94
S12,2020-05-26 오전 12:00:00,11,86141S8000,10,1,14,14
S12,2020-05-27 오전 12:00:00,9,86131S8000,1601,1,48,48
S12,2020-05-27 오전 12:00:00,10,86141S8000,1,1,15,15
S12,2020-05-28 오전 12:00:00,8,86141S8000,1,1,34,34
S12,2020-06-02 오전 12:00:00,21,86131T6000,39,1,20,20
S12,2020-06-04 오전 12:00:00,10,86131T6000,1490,1,11,11
S12,2020-06-04 오전 12:00:00,11,86141T6000,2,1,34,34
S12,2020-06-05 오전 12:00:00,11,86131T6000,8,1,2,2
S12,2020-06-08 오전 12:00:00,4,86131T6000,355,1,22,22
S12,2020-06-08 오전 12:00:00,5,86141T6000,25,1,41,41
S12,2020-06-10 오전 12:00:00,12,86131T6000,305,1,9,9
S12,2020-06-11 오전 12:00:00,7,86131S8000,994,1,118,118
S12,2020-06-12 오전 12:00:00,5,86131S8000,21,1,45,45
S12,2020-06-15 오전 12:00:00,5,86131S8000,17,1,134,134
S12,2020-06-16 오전 12:00:00,7,86131S8000,948,1,34,34
S12,2020-06-17 오전 12:00:00,8,86131S8000,13,1,30,30
S12,2020-06-17 오전 12:00:00,9,86141S8000,684,1,150,150
S12,2020-06-19 오전 12:00:00,8,86131S8000,14,1,92,92
S12,2020-06-19 오전 12:00:00,9,86141S8000,439,1,62,62
S12,2020-06-22 오전 12:00:00,9,86131S8000,1,1,11,11
S12,2020-06-22 오전 12:00:00,10,86141S8000,8,1,36,36
S12,2020-06-24 오전 12:00:00,13,86131S8000,1165,1,66,66
S12,2020-06-24 오전 12:00:00,14,86141S8000,1,1,141,141
S12,2020-06-25 오전 12:00:00,9,86131S8000,426,1,6,6
S12,2020-06-25 오전 12:00:00,10,86141S8000,1012,1,0,0
S12,2020-06-26 오전 12:00:00,5,86131S8000,12,1,28,28
S12,2020-06-29 오전 12:00:00,10,86131S8000,2139,1,40,40
S12,2020-06-29 오전 12:00:00,11,86141S8000,10,1,13,13
S12,2020-06-30 오전 12:00:00,7,86131S8000,2896,1,90,90
S12,2020-06-30 오전 12:00:00,8,86141S8000,505,1,36,36
S12,2020-07-01 오전 12:00:00,9,86131S8000,1326,1,35,35
S12,2020-07-01 오전 12:00:00,10,86141S8000,103,1,16,16
S12,2020-07-02 오전 12:00:00,10,86131S8000,82,1,42,42
S12,2020-07-02 오전 12:00:00,11,86141S8000,631,1,20,20
S12,2020-07-03 오전 12:00:00,8,86131S8000,11,1,20,20
S12,2020-07-03 오전 12:00:00,9,86141S8000,11,1,37,37
S12,2020-07-06 오전 12:00:00,8,86131S8000,728,1,80,80
S12,2020-07-06 오전 12:00:00,9,86141S8000,728,1,52,52
S12,2020-07-07 오전 12:00:00,5,86131S8000,22,1,30,30
S12,2020-07-07 오전 12:00:00,6,86141S8000,1,1,59,59
S12,2020-07-08 오전 12:00:00,8,86131S8000,5,1,71,71
S12,2020-07-08 오전 12:00:00,9,86141S8000,5,1,19,19
S12,2020-07-09 오전 12:00:00,13,86131S8000,578,1,60,60
S12,2020-07-10 오전 12:00:00,12,86131S8000,10,1,0,0
S12,2020-07-10 오전 12:00:00,13,86141S8000,92,1,0,0
S12,2020-07-13 오전 12:00:00,10,86131S8000,2287,1,12,12
S12,2020-07-13 오전 12:00:00,11,86141S8000,8,1,47,47
S12,2020-07-14 오전 12:00:00,7,86141S8000,1962,1,21,21
S12,2020-07-15 오전 12:00:00,6,86131S8000,9,1,5,5
S12,2020-07-15 오전 12:00:00,7,86141S8000,506,1,12,12
S12,2020-07-20 오전 12:00:00,10,86141BC300,2321,1,19,19
S12,2020-07-21 오전 12:00:00,7,86131BC300,2306,1,12,12
S12,2020-07-21 오전 12:00:00,8,86141BC300,13,1,33,33
S12,2020-07-22 오전 12:00:00,9,86131BC300,2671,1,3,3
S12,2020-07-22 오전 12:00:00,10,86141BC300,358,1,0,0
S12,2020-07-24 오전 12:00:00,8,86141BC300,440,1,5,5
S12,2020-07-28 오전 12:00:00,9,86131BC300,1,1,0,0
S12,2020-07-28 오전 12:00:00,10,86141BC300,2374,1,2,2
S12,2020-07-29 오전 12:00:00,7,86141BC300,2170,1,42,42
S12,2020-07-30 오전 12:00:00,9,86141BC300,2405,1,63,63
S12,2020-08-11 오전 12:00:00,13,86141S8000,1,1,28,28
S12,2020-08-13 오전 12:00:00,8,86131S8000,1,1,13,13
S12,2020-08-13 오전 12:00:00,9,86141S8000,1,1,13,13
S12,2020-08-14 오전 12:00:00,10,86141S8000,444,1,11,11
S12,2020-08-19 오전 12:00:00,11,86131S8000,10,1,5,5
S12,2020-08-20 오전 12:00:00,11,86131S8000,13,1,35,35
S12,2020-08-20 오전 12:00:00,12,86141S8000,1,1,32,32
S12,2020-08-21 오전 12:00:00,9,86131S8000,2478,1,58,58
S12,2020-08-21 오전 12:00:00,10,86141S8000,578,1,34,34
S12,2020-08-25 오전 12:00:00,9,86131BC300,426,1,3,3
S12,2020-08-25 오전 12:00:00,10,86141BC300,680,1,28,28
S12,2020-08-26 오전 12:00:00,7,86131BC300,336,1,0,0
S12,2020-08-26 오전 12:00:00,8,86141BC300,1,1,17,17
S12,2020-08-27 오전 12:00:00,6,86131BC300,634,1,5,5
S12,2020-08-28 오전 12:00:00,18,86131S8000,267,1,34,34
S12,2020-08-29 오전 12:00:00,4,86131S8000,3,1,10,10
S12,2020-08-29 오전 12:00:00,5,86141S8000,3,1,31,31
S12,2020-08-31 오전 12:00:00,5,86131S8000,29,1,18,18
S12,2020-09-02 오전 12:00:00,8,86131S8000,7,1,14,14
S12,2020-09-02 오전 12:00:00,9,86141S8000,320,1,39,39
S12,2020-09-03 오전 12:00:00,8,86131S8000,6,1,17,17
S12,2020-09-03 오전 12:00:00,9,86141S8000,292,1,27,27
S12,2020-09-05 오전 12:00:00,9,86141S8000,1237,1,29,29
S12,2020-09-07 오전 12:00:00,17,86131S8000,405,1,143,143
S12,2020-09-07 오전 12:00:00,18,86141S8000,404,1,34,34
S12,2020-09-08 오전 12:00:00,10,86131S8000,668,1,49,49
S12,2020-09-09 오전 12:00:00,10,86131S8000,280,1,50,50
S12,2020-09-09 오전 12:00:00,11,86141S8000,3,1,34,34
S12,2020-09-10 오전 12:00:00,10,86131S8000,7,1,13,13
S12,2020-09-10 오전 12:00:00,11,86141S8000,7,1,10,10
S12,2020-09-15 오전 12:00:00,8,86131T6000,9,1,24,24
S12,2020-09-15 오전 12:00:00,9,86141T6000,105,1,48,48
S12,2020-09-16 오전 12:00:00,10,86131T6000,22,1,44,44
S12,2020-09-28 오전 12:00:00,8,86141S8900,1,1,0,0
S12,2020-10-05 오전 12:00:00,11,86141S8900,8,1,16,16
S12,2020-10-06 오전 12:00:00,13,86141S8900,194,1,30,30
S12,2020-10-07 오전 12:00:00,11,86141S8900,22,1,36,36
S12,2020-10-08 오전 12:00:00,12,86141S8900,920,1,21,21
S12,2020-10-09 오전 12:00:00,10,86141S8900,685,1,30,30
S12,2020-10-10 오전 12:00:00,6,86141S8900,1461,1,12,12
S12,2020-10-11 오전 12:00:00,4,86141S8900,3094,1,29,29
S12,2020-10-14 오전 12:00:00,10,86131T6000,13,1,49,49
S12,2020-10-14 오전 12:00:00,11,86141T6000,6,1,0,0
S12,2020-10-15 오전 12:00:00,10,86131T6000,2698,1,81,81
S12,2020-10-15 오전 12:00:00,11,86141T6000,11,1,151,151
S12,2020-10-16 오전 12:00:00,10,86131T6000,254,1,14,14
S12,2020-10-16 오전 12:00:00,11,86141T6000,1,1,37,37
S12,2020-10-17 오전 12:00:00,4,86141S8900,1162,1,12,12
S12,2020-10-18 오전 12:00:00,4,86131S8900,1277,1,0,0
S12,2020-10-19 오전 12:00:00,13,86131S8900,1293,1,8,8
S12,2020-10-20 오전 12:00:00,12,86141S8900,1203,1,0,0
S12,2020-10-21 오전 12:00:00,15,86131S8900,1131,1,0,0
S12,2020-10-22 오전 12:00:00,8,86141S8900,1323,1,0,0
S12,2020-10-23 오전 12:00:00,10,86141S8900,183,1,0,0
S13,2020-03-02 오전 12:00:00,9,87272Q5000,319,1,5,5
S13,2020-03-02 오전 12:00:00,10,87282Q5000,6,1,5,5
S13,2020-03-30 오전 12:00:00,15,DM3050L000,759,1,2,2
S13,2020-04-01 오전 12:00:00,18,87272Q5000,1383,1,2,2
S13,2020-04-06 오전 12:00:00,26,TM1220B003,8,1,0,0
S13,2020-04-10 오전 12:00:00,11,87272Q5000,14,1,5,5
S13,2020-04-10 오전 12:00:00,12,87282Q5000,402,1,5,5
S13,2020-04-17 오전 12:00:00,17,87282Q5000,243,1,0,0
S13,2020-04-21 오전 12:00:00,12,87272Q5000,597,1,5,5
S13,2020-04-21 오전 12:00:00,13,87282Q5000,595,1,5,5
S13,2020-04-27 오전 12:00:00,15,87282Q5000,726,1,5,5
S13,2020-04-28 오전 12:00:00,20,87272Q5000,675,1,5,5
S13,2020-04-28 오전 12:00:00,21,87282Q5000,674,1,5,5
S13,2020-05-06 오전 12:00:00,23,87272Q5000,1131,1,7,7
S13,2020-05-06 오전 12:00:00,24,87282Q5000,1130,1,5,5
S13,2020-05-11 오전 12:00:00,15,87272Q5000,2,1,5,5
S13,2020-05-11 오전 12:00:00,16,87282Q5000,2,1,5,5
S13,2020-05-13 오전 12:00:00,21,DM3050L000,1112,1,3,3
S13,2020-05-20 오전 12:00:00,13,87282Q5000,846,1,0,0
S13,2020-05-26 오전 12:00:00,13,87282Q5000,27,1,5,5
S13,2020-05-27 오전 12:00:00,11,87272Q5000,15,1,1,1
S13,2020-06-09 오전 12:00:00,11,87272Q5000,12,1,5,5
S13,2020-06-09 오전 12:00:00,12,87282Q5000,918,1,5,5
S13,2020-06-16 오전 12:00:00,11,87272Q5000,10,1,11,11
S13,2020-06-17 오전 12:00:00,13,87282Q5000,1070,1,4,4
S13,2020-06-18 오전 12:00:00,10,87272Q5000,164,1,8,8
S13,2020-06-18 오전 12:00:00,11,87282Q5000,10,1,8,8
S13,2020-06-19 오전 12:00:00,12,87272Q5000,136,1,0,0
S13,2020-06-19 오전 12:00:00,13,87282Q5000,1,1,0,0
S13,2020-06-23 오전 12:00:00,10,87272Q5000,499,1,0,0
S13,2020-06-23 오전 12:00:00,11,87282Q5000,10,1,3,3
S13,2020-06-29 오전 12:00:00,6,87272Q5000,882,1,15,15
S13,2020-07-01 오전 12:00:00,15,87282Q5000,2,1,1,1
S13,2020-07-02 오전 12:00:00,12,87272Q5000,624,1,0,0
S13,2020-07-02 오전 12:00:00,13,87282Q5000,418,1,0,0
S13,2020-07-07 오전 12:00:00,10,87282Q5000,95,1,4,4
S13,2020-07-09 오전 12:00:00,9,87272Q5000,457,1,1,1
S13,2020-07-09 오전 12:00:00,10,87282Q5000,447,1,0,0
S13,2020-07-15 오전 12:00:00,10,87272Q5000,87,1,0,0
S13,2020-07-15 오전 12:00:00,11,87282Q5000,34,1,0,0
S13,2020-07-22 오전 12:00:00,13,87272Q5000,1303,1,9,9
S13,2020-07-23 오전 12:00:00,11,87272Q5000,9,1,6,6
S13,2020-07-23 오전 12:00:00,12,87282Q5000,1210,1,6,6
S13,2020-07-27 오전 12:00:00,17,87282Q5000,189,1,5,5
S13,2020-07-29 오전 12:00:00,10,87272Q5000,471,1,0,0
S13,2020-07-29 오전 12:00:00,11,87282Q5000,13,1,0,0
S13,2020-08-10 오전 12:00:00,4,87272Q5000,106,1,6,6
S13,2020-08-10 오전 12:00:00,5,87282Q5000,22,1,6,6
S13,2020-08-11 오전 12:00:00,17,87282Q5000,791,1,0,0
S13,2020-08-17 오전 12:00:00,7,87282Q5000,234,1,9,9
S13,2020-08-19 오전 12:00:00,20,87282Q5000,670,1,0,0
S13,2020-08-24 오전 12:00:00,17,87282Q5000,476,1,5,5
S13,2020-08-25 오전 12:00:00,13,87272Q5000,1,1,72,72
S13,2020-08-31 오전 12:00:00,12,87282Q5000,7,1,5,5
S13,2020-09-22 오전 12:00:00,13,87272Q5000,1,1,0,0
S13,2020-10-06 오전 12:00:00,17,87272Q5000,475,1,10,10
S13,2020-10-06 오전 12:00:00,18,87282Q5000,474,1,10,10
S13,2020-10-07 오전 12:00:00,20,87282Q5000,758,1,0,0
S13,2020-10-14 오전 12:00:00,18,TL3050L000,396,1,5,5
S13,2020-10-14 오전 12:00:00,20,DM3050L000,772,1,2,2
S13,2020-10-14 오전 12:00:00,21,DM3060R000,772,1,2,2
S14,2020-03-24 오전 12:00:00,8,86141AA000,8,1,321,321
S14,2020-03-26 오전 12:00:00,5,86131T1000,22,1,43,43
S14,2020-03-27 오전 12:00:00,5,86131T1000,1542,1,177,177
S14,2020-03-29 오전 12:00:00,6,86131T1000,586,1,353,353
S14,2020-03-29 오전 12:00:00,7,86141T1000,1,1,132,132
S14,2020-03-30 오전 12:00:00,7,86131T1000,1463,1,104,104
S14,2020-03-30 오전 12:00:00,8,86141T1000,20,1,22,22
S14,2020-03-31 오전 12:00:00,8,86131T1000,465,1,57,57
S14,2020-03-31 오전 12:00:00,9,86141T1000,1354,1,2,2
S14,2020-04-01 오전 12:00:00,8,86131AA000,12,1,96,96
S14,2020-04-01 오전 12:00:00,9,86141AA000,1065,1,154,154
S14,2020-04-03 오전 12:00:00,11,86131AA000,8,1,118,118
S14,2020-04-03 오전 12:00:00,12,86141AA000,9,1,75,75
S14,2020-04-04 오전 12:00:00,4,86141AA000,1198,1,17,17
S14,2020-04-06 오전 12:00:00,8,86131AA000,1,1,188,188
S14,2020-04-06 오전 12:00:00,9,86141AA000,1,1,15,15
S14,2020-04-20 오전 12:00:00,8,86141T1000,15,1,15,15
S14,2020-04-21 오전 12:00:00,9,86141T1000,69,1,12,12
S14,2020-04-22 오전 12:00:00,8,86131T1000,2,1,0,0
S14,2020-04-22 오전 12:00:00,9,86141T1000,2,1,0,0
S14,2020-04-23 오전 12:00:00,10,86131T1000,20,1,27,27
S14,2020-04-23 오전 12:00:00,11,86141T1000,20,1,56,56
S14,2020-04-24 오전 12:00:00,7,86131T1000,582,1,3,3
S14,2020-04-24 오전 12:00:00,8,86141T1000,9,1,0,0
S14,2020-04-25 오전 12:00:00,1,86131T1000,103,1,0,0
S14,2020-04-25 오전 12:00:00,2,86141T1000,103,1,0,0
S14,2020-04-27 오전 12:00:00,16,86131T1000,664,1,4,4
S14,2020-04-27 오전 12:00:00,17,86141T1000,662,1,4,4
S14,2020-04-28 오전 12:00:00,18,86131T1000,602,1,3,3
S14,2020-04-29 오전 12:00:00,9,86131T1000,517,1,2,2
S14,2020-04-29 오전 12:00:00,10,86141T1000,2404,1,5,5
S14,2020-05-07 오전 12:00:00,8,86131T1000,3,1,1,1
S14,2020-05-07 오전 12:00:00,9,86141T1000,3,1,15,15
S14,2020-05-09 오전 12:00:00,1,86131T1000,12,1,0,0
S14,2020-05-09 오전 12:00:00,2,86141T1000,12,1,6,6
S14,2020-05-11 오전 12:00:00,8,86131T1000,6,1,21,21
S14,2020-05-11 오전 12:00:00,9,86141T1000,6,1,46,46
S14,2020-05-12 오전 12:00:00,10,86141T1000,1350,1,0,0
S14,2020-05-21 오전 12:00:00,5,86131T6000,1,1,89,89
S14,2020-05-22 오전 12:00:00,4,86131T6000,7,1,90,90
S14,2020-05-22 오전 12:00:00,5,86141T6000,19,1,22,22
S14,2020-05-25 오전 12:00:00,10,86131T6000,2223,1,62,62
S14,2020-05-25 오전 12:00:00,11,86141T6000,8,1,21,21
S14,2020-05-26 오전 12:00:00,9,86141T6000,5,1,1,1
S14,2020-05-27 오전 12:00:00,20,86141AA000,590,1,2,2
S14,2020-05-28 오전 12:00:00,9,86131AA000,390,1,3,3
S14,2020-05-28 오전 12:00:00,20,86141BC300,5,1,0,0
S14,2020-06-02 오전 12:00:00,11,86131BC300,1,1,0,0
S14,2020-06-08 오전 12:00:00,8,86131BC300,6,1,5,5
S14,2020-06-08 오전 12:00:00,9,86141BC300,361,1,5,5
S14,2020-06-16 오전 12:00:00,10,86141T1000,1260,1,172,172
S14,2020-06-16 오전 12:00:00,21,86131BC300,792,1,10,10
S14,2020-06-17 오전 12:00:00,11,86141BC300,12,1,5,5
S14,2020-06-18 오전 12:00:00,8,86131T1000,1,1,31,31
S14,2020-06-18 오전 12:00:00,9,86141T1000,1640,1,44,44
S14,2020-06-19 오전 12:00:00,10,86131T1000,424,1,16,16
S14,2020-06-22 오전 12:00:00,11,86131T1000,8,1,17,17
S14,2020-06-23 오전 12:00:00,8,86131T1000,14,1,12,12
S14,2020-06-23 오전 12:00:00,9,86141T1000,504,1,55,55
S14,2020-06-24 오전 12:00:00,17,86131BC300,414,1,10,10
S14,2020-06-24 오전 12:00:00,18,86141BC300,414,1,10,10
S14,2020-06-25 오전 12:00:00,7,86131BC300,1810,1,0,0
S14,2020-06-25 오전 12:00:00,8,86141BC300,15,1,0,0
S14,2020-06-29 오전 12:00:00,12,86131BC300,400,1,3,3
S14,2020-06-29 오전 12:00:00,13,86141BC300,2,1,3,3
S14,2020-06-30 오전 12:00:00,9,86131BC300,12,1,0,0
S14,2020-06-30 오전 12:00:00,10,86141BC300,431,1,0,0
S14,2020-07-01 오전 12:00:00,7,86131BC300,1032,1,0,0
S14,2020-07-01 오전 12:00:00,8,86141BC300,9,1,0,0
S14,2020-07-02 오전 12:00:00,8,86131BC300,256,1,0,0
S14,2020-07-02 오전 12:00:00,9,86141BC300,1364,1,0,0
S14,2020-07-03 오전 12:00:00,6,86131T1000,114,1,40,40
S14,2020-07-03 오전 12:00:00,7,86141T1000,114,1,42,42
S14,2020-07-06 오전 12:00:00,10,86131T1000,2235,1,10,10
S14,2020-07-06 오전 12:00:00,11,86141T1000,804,1,17,17
S14,2020-07-07 오전 12:00:00,3,86131T1000,9,1,8,8
S14,2020-07-07 오전 12:00:00,4,86141T1000,1181,1,2,2
S14,2020-07-08 오전 12:00:00,10,86131T1000,2373,1,13,13
S14,2020-07-08 오전 12:00:00,11,86141T1000,9,1,12,12
S14,2020-07-09 오전 12:00:00,11,86131T1000,9,1,18,18
S14,2020-07-10 오전 12:00:00,10,86131T1000,103,1,113,113
S14,2020-07-10 오전 12:00:00,11,86141T1000,5,1,258,258
S14,2020-07-14 오전 12:00:00,8,86131T1000,6,1,42,42
S14,2020-07-14 오전 12:00:00,9,86141T1000,470,1,26,26
S14,2020-07-15 오전 12:00:00,4,86131T1000,984,1,14,14
S14,2020-07-15 오전 12:00:00,5,86141T1000,33,1,13,13
S14,2020-07-16 오전 12:00:00,6,86131T1000,1336,1,24,24
S14,2020-07-16 오전 12:00:00,7,86141T1000,6,1,25,25
S14,2020-07-17 오전 12:00:00,8,86131T1000,12,1,4,4
S14,2020-07-17 오전 12:00:00,9,86141T1000,12,1,33,33
S14,2020-07-20 오전 12:00:00,7,86131T1000,39,1,47,47
S14,2020-07-21 오전 12:00:00,9,86131T1000,204,1,10,10
S14,2020-07-21 오전 12:00:00,10,86141T1000,251,1,24,24
S14,2020-07-22 오전 12:00:00,7,86131T1000,169,1,0,0
S14,2020-07-22 오전 12:00:00,8,86141T1000,2,1,4,4
S14,2020-07-24 오전 12:00:00,5,86131AA000,107,1,50,50
S14,2020-07-24 오전 12:00:00,6,86141AA000,56,1,50,50
S14,2020-07-28 오전 12:00:00,11,86131AA000,12,1,31,31
S14,2020-07-29 오전 12:00:00,8,86131AA000,14,1,15,15
S14,2020-07-29 오전 12:00:00,9,86141AA000,478,1,0,0
S14,2020-07-30 오전 12:00:00,10,86131AA000,106,1,7,7
S14,2020-07-30 오전 12:00:00,11,86141AA000,12,1,0,0
S14,2020-08-10 오전 12:00:00,8,86141AA000,1,1,23,23
S14,2020-08-12 오전 12:00:00,10,86131AA000,972,1,0,0
S14,2020-08-12 오전 12:00:00,11,86141AA000,14,1,1,1
S14,2020-08-12 오전 12:00:00,12,86131BC300,8,1,5,5
S14,2020-08-12 오전 12:00:00,13,86141BC300,29,1,5,5
S14,2020-08-20 오전 12:00:00,9,86131AA000,440,1,0,0
S14,2020-08-20 오전 12:00:00,10,86141AA000,1,1,6,6
S14,2020-08-21 오전 12:00:00,8,86141AA000,5,1,4,4
S14,2020-08-22 오전 12:00:00,1,86131AA000,1,1,1,1
S14,2020-08-22 오전 12:00:00,2,86141AA000,1,1,16,16
S14,2020-08-24 오전 12:00:00,10,86131AA000,2092,1,12,12
S14,2020-08-24 오전 12:00:00,11,86141AA000,6,1,26,26
S14,2020-08-25 오전 12:00:00,11,86131AA000,11,1,4,4
S14,2020-08-26 오전 12:00:00,9,86131AA000,1191,1,2,2
S14,2020-08-26 오전 12:00:00,10,86141AA000,172,1,2,2
S14,2020-08-27 오전 12:00:00,8,86131AA000,1,1,5,5
S14,2020-08-27 오전 12:00:00,9,86141AA000,1083,1,2,2
S14,2020-08-28 오전 12:00:00,6,86131AA000,125,1,0,0
S14,2020-08-28 오전 12:00:00,20,86131T6000,755,1,49,49
S14,2020-08-28 오전 12:00:00,21,86141T6000,755,1,48,48
S14,2020-09-01 오전 12:00:00,10,86131T6000,141,1,0,0
S14,2020-09-01 오전 12:00:00,11,86141T6000,6,1,1,1
S14,2020-09-02 오전 12:00:00,10,86131AA000,373,1,14,14
S14,2020-09-04 오전 12:00:00,7,86131AA000,1515,1,9,9
S14,2020-09-04 오전 12:00:00,8,86141AA000,1,1,11,11
S14,2020-09-05 오전 12:00:00,10,86131AA000,26,1,5,5
S14,2020-09-05 오전 12:00:00,11,86141AA000,13,1,0,0
S14,2020-09-07 오전 12:00:00,20,86141AA000,712,1,6,6
S14,2020-09-09 오전 12:00:00,12,86131AA000,6,1,10,10
S14,2020-09-09 오전 12:00:00,13,86141AA000,7,1,29,29
S14,2020-09-10 오전 12:00:00,14,86131AA000,5,1,11,11
S14,2020-09-10 오전 12:00:00,15,86141AA000,5,1,5,5
S14,2020-09-15 오전 12:00:00,10,86131T1000,143,1,67,67
S14,2020-09-16 오전 12:00:00,12,86131T1000,4,1,8,8
S14,2020-09-16 오전 12:00:00,13,86141T1000,4,1,18,18
S14,2020-09-19 오전 12:00:00,8,86131AA000,3,1,2,2
S14,2020-09-19 오전 12:00:00,9,86141AA000,398,1,8,8
S14,2020-09-21 오전 12:00:00,9,86131AA000,2275,1,130,130
S14,2020-09-21 오전 12:00:00,10,86141AA000,217,1,25,25
S14,2020-09-23 오전 12:00:00,10,86131AA000,3693,1,13,13
S14,2020-09-25 오전 12:00:00,15,86131AA000,4,1,17,17
S14,2020-09-25 오전 12:00:00,16,86141AA000,4,1,120,120
S14,2020-10-05 오전 12:00:00,8,86131AA000,1,1,11,11
S14,2020-10-05 오전 12:00:00,9,86141AA000,1,1,7,7
S14,2020-10-06 오전 12:00:00,9,86131AA000,6,1,0,0
S14,2020-10-06 오전 12:00:00,10,86141AA000,1260,1,0,0
S14,2020-10-06 오전 12:00:00,11,86131T1000,10,1,17,17
S14,2020-10-07 오전 12:00:00,12,86131T1000,295,1,0,0
S14,2020-10-07 오전 12:00:00,13,86141T1000,1091,1,0,0
S14,2020-10-08 오전 12:00:00,15,86131BC300,490,1,0,0
S14,2020-10-09 오전 12:00:00,11,86131BC300,2,1,0,0
S14,2020-10-09 오전 12:00:00,12,86141BC300,5,1,0,0
S14,2020-10-12 오전 12:00:00,12,86131T1000,6,1,27,27
S14,2020-10-12 오전 12:00:00,13,86141T1000,6,1,30,30
S14,2020-10-13 오전 12:00:00,10,86131T1000,10,1,2,2
S14,2020-10-13 오전 12:00:00,11,86141T1000,10,1,19,19
S14,2020-10-14 오전 12:00:00,26,86131AA000,15,1,61,61
S14,2020-10-14 오전 12:00:00,27,86141AA000,16,1,44,44
S14,2020-10-15 오전 12:00:00,8,86131AA000,15,1,16,16
S14,2020-10-15 오전 12:00:00,9,86141AA000,2665,1,10,10
S14,2020-10-16 오전 12:00:00,23,86131AA000,1188,1,5,5
S14,2020-10-16 오전 12:00:00,24,86141AA000,1187,1,16,16
S14,2020-10-17 오전 12:00:00,5,86131AA000,1438,1,22,22
S14,2020-10-17 오전 12:00:00,6,86141AA000,1437,1,36,36
S14,2020-10-18 오전 12:00:00,6,86131AA000,1445,1,6,6
S14,2020-10-18 오전 12:00:00,7,86141AA000,1443,1,29,29
S14,2020-10-19 오전 12:00:00,11,86131AA000,1424,1,1,1
S14,2020-10-19 오전 12:00:00,12,86141AA000,1423,1,0,0
S14,2020-10-20 오전 12:00:00,13,86131AA000,418,1,2,2
S14,2020-10-20 오전 12:00:00,14,86141AA000,417,1,1,1
S14,2020-10-20 오전 12:00:00,20,86131T1000,805,1,22,22
S14,2020-10-20 오전 12:00:00,21,86141T1000,804,1,153,153
S14,2020-10-21 오전 12:00:00,17,86131T1000,1384,1,3,3
S14,2020-10-21 오전 12:00:00,18,86141T1000,1381,1,86,86
S14,2020-10-22 오전 12:00:00,9,86131T1000,1386,1,0,0
S14,2020-10-22 오전 12:00:00,10,86141T1000,1386,2,0,19
S14,2020-10-23 오전 12:00:00,11,86131T1000,133,1,0,0
S14,2020-10-23 오전 12:00:00,12,86141T1000,133,1,0,0
S15,2020-04-13 오전 12:00:00,5,87138T1000,22,1,39,39
S15,2020-04-23 오전 12:00:00,7,87138T1000,771,1,40,40
S15,2020-04-24 오전 12:00:00,6,87138T1000,573,1,23,23
S15,2020-05-07 오전 12:00:00,23,87138T1000,103,1,6,6
S15,2020-05-18 오전 12:00:00,11,87138T1000,8,1,1,1
S15,2020-05-26 오전 12:00:00,20,87138T1000,66,1,20,20
S15,2020-05-27 오전 12:00:00,7,87138T1000,346,1,20,20
S15,2020-05-28 오전 12:00:00,3,87138T1000,900,1,12,12
S15,2020-06-04 오전 12:00:00,5,87138T1000,20,1,15,15
S15,2020-06-09 오전 12:00:00,5,87138T1000,22,1,19,19
S15,2020-06-30 오전 12:00:00,6,87138T1000,1385,1,55,55
S15,2020-07-01 오전 12:00:00,6,87138T1000,1699,1,53,53
S15,2020-07-07 오전 12:00:00,11,87137T1000,8,1,0,0
S15,2020-07-08 오전 12:00:00,5,87137T1000,29,1,0,0
S15,2020-07-09 오전 12:00:00,7,87137T1000,2380,1,1,1
S15,2020-07-15 오전 12:00:00,13,87137T1000,1282,1,0,0
S15,2020-07-16 오전 12:00:00,5,87137T1000,2289,1,0,0
S15,2020-07-17 오전 12:00:00,7,87137T1000,1233,1,0,0
S15,2020-08-14 오전 12:00:00,5,87137T1000,172,1,1,1
S15,2020-09-01 오전 12:00:00,20,87137T1000,650,1,0,0
S15,2020-09-09 오전 12:00:00,7,87137T1000,468,1,0,0
S15,2020-09-10 오전 12:00:00,6,87137T1000,1103,1,0,0
S15,2020-09-11 오전 12:00:00,5,87137T1000,646,1,0,0
S15,2020-09-15 오전 12:00:00,5,87137T1000,25,1,0,0
S15,2020-10-08 오전 12:00:00,17,87137T1000,1261,1,0,0
S15,2020-10-12 오전 12:00:00,10,87137T1000,213,1,5,5
S15,2020-10-13 오전 12:00:00,6,87137T1000,353,1,0,0
S15,2020-10-14 오전 12:00:00,6,87137T1000,134,1,1,1
S15,2020-10-15 오전 12:00:00,7,87137T1000,2455,1,0,0
