EQUIP_CD,PART_NAME,date,PassOrFail,Reason,unique_records
S01,"SP2 CVR ROOF RACK CTR, RH",2020-10-28,Y,,1
S12,JX1 W/S SIDE MLD'G RH,2020-11-03,Y,,1
S14,CN7 W/S SIDE MLD'G LH,2020-10-16,N,가스,3
S14,CN7 W/S SIDE MLD'G LH,2020-10-16,N,미성형,1
S14,CN7 W/S SIDE MLD'G LH,2020-10-16,Y,,183
S14,CN7 W/S SIDE MLD'G LH,2020-10-19,Y,,36
S14,CN7 W/S SIDE MLD'G LH,2020-10-20,Y,,382
S14,CN7 W/S SIDE MLD'G LH,2020-10-27,N,초기허용불량,5
S14,CN7 W/S SIDE MLD'G LH,2020-10-27,Y,,309
S14,CN7 W/S SIDE MLD'G LH,2020-10-29,Y,,227
S14,CN7 W/S SIDE MLD'G LH,2020-10-30,Y,,376
S14,CN7 W/S SIDE MLD'G LH,2020-11-03,N,미성형,1
S14,CN7 W/S SIDE MLD'G LH,2020-11-03,Y,,462
S14,CN7 W/S SIDE MLD'G RH,2020-10-16,N,가스,10
S14,CN7 W/S SIDE MLD'G RH,2020-10-16,N,미성형,3
S14,CN7 W/S SIDE MLD'G RH,2020-10-16,Y,,175
S14,CN7 W/S SIDE MLD'G RH,2020-10-19,Y,,36
S14,CN7 W/S SIDE MLD'G RH,2020-10-20,Y,,382
S14,CN7 W/S SIDE MLD'G RH,2020-10-27,N,초기허용불량,5
S14,CN7 W/S SIDE MLD'G RH,2020-10-27,Y,,309
S14,CN7 W/S SIDE MLD'G RH,2020-10-29,Y,,227
S14,CN7 W/S SIDE MLD'G RH,2020-10-30,Y,,379
S14,CN7 W/S SIDE MLD'G RH,2020-11-03,Y,,463
S14,"RG3 MOLD'G W/SHLD, LH",2020-10-21,Y,,41
S14,"RG3 MOLD'G W/SHLD, LH",2020-10-22,Y,,300
S14,"RG3 MOLD'G W/SHLD, LH",2020-10-23,Y,,250
S14,"RG3 MOLD'G W/SHLD, LH",2020-11-04,N,가스,3
S14,"RG3 MOLD'G W/SHLD, LH",2020-11-04,N,미성형,2
S14,"RG3 MOLD'G W/SHLD, LH",2020-11-04,Y,,30
S14,"RG3 MOLD'G W/SHLD, LH",2020-11-05,Y,,1
S14,"RG3 MOLD'G W/SHLD, LH",2020-11-06,Y,,1
S14,"RG3 MOLD'G W/SHLD, RH",2020-10-21,Y,,41
S14,"RG3 MOLD'G W/SHLD, RH",2020-10-22,N,가스,10
S14,"RG3 MOLD'G W/SHLD, RH",2020-10-22,N,미성형,5
S14,"RG3 MOLD'G W/SHLD, RH",2020-10-22,Y,,285
S14,"RG3 MOLD'G W/SHLD, RH",2020-10-23,N,가스,7
S14,"RG3 MOLD'G W/SHLD, RH",2020-10-23,N,미성형,3
S14,"RG3 MOLD'G W/SHLD, RH",2020-10-23,Y,,240
S14,"RG3 MOLD'G W/SHLD, RH",2020-11-04,N,가스,2
S14,"RG3 MOLD'G W/SHLD, RH",2020-11-04,Y,,34
S14,"RG3 MOLD'G W/SHLD, RH",2020-11-05,Y,,1
