file,EQUIP_CD,PART_NAME,rows,unique_ids,time_min,time_max
labeled_data.csv,S01,"SP2 CVR ROOF RACK CTR, RH",2,1,2020-10-28 05:39:57,2020-10-28 05:39:57
labeled_data.csv,S12,JX1 W/S SIDE MLD'G RH,2,1,2020-11-03 00:59:02,2020-11-03 00:59:02
labeled_data.csv,S14,CN7 W/S SIDE MLD'G LH,3365,1985,2020-10-16 04:58:48,2020-11-03 08:19:35
labeled_data.csv,S14,CN7 W/S SIDE MLD'G RH,3371,1989,2020-10-16 04:57:47,2020-11-03 08:19:35
labeled_data.csv,S14,"RG3 MOLD'G W/SHLD, LH",628,628,2020-10-21 00:16:26,2020-11-06 04:27:38
labeled_data.csv,S14,"RG3 MOLD'G W/SHLD, RH",628,628,2020-10-21 00:16:26,2020-11-05 03:00:02
moldset_labeled.csv,S14,CN7 W/S SIDE MLD'G LH,712,712,2020-10-16 04:58:48,2020-10-27 02:22:07
moldset_labeled.csv,S14,CN7 W/S SIDE MLD'G RH,713,713,2020-10-16 04:57:47,2020-10-27 02:22:07
moldset_labeled.csv,S14,"RG3 MOLD'G W/SHLD, LH",591,591,2020-10-21 00:16:26,2020-10-23 07:46:03
moldset_labeled.csv,S14,"RG3 MOLD'G W/SHLD, RH",591,591,2020-10-21 00:16:26,2020-10-23 07:46:03
unlabeled_data.csv,S01,"BR2 SIDE RAIL-ROOF RACK,LH",5624,5624,2020-01-13 00:02:30,2020-03-26 11:10:15
unlabeled_data.csv,S01,"BR2 SIDE RAIL-ROOF RACK,RH",2617,2617,2020-01-13 00:02:30,2020-02-22 07:13:59
unlabeled_data.csv,S01,DM AL CVR LH,1221,1221,2020-06-09 22:03:36,2020-06-15 00:26:52
unlabeled_data.csv,S01,DM SIDE STEP TRIM LH,554,554,2020-06-15 00:28:17,2020-10-20 06:58:24
unlabeled_data.csv,S01,DM SIDE STEP TRIM RH,463,463,2020-06-15 00:28:17,2020-10-20 03:24:39
unlabeled_data.csv,S01,FOR YP SIDE STEP TRIM LH(사출),169,169,2020-07-28 00:56:37,2020-07-28 06:10:41
unlabeled_data.csv,S01,FOR YP SIDE STEP TRIM RH(사출),169,169,2020-07-28 00:56:37,2020-07-28 06:10:41
unlabeled_data.csv,S01,"ON SIDE STEP PLATE, LH",280,280,2020-07-23 23:44:03,2020-09-16 09:49:46
unlabeled_data.csv,S01,"ON SIDE STEP PLATE, RH",282,282,2020-07-23 23:41:35,2020-09-16 09:49:46
unlabeled_data.csv,S01,QL SIDE STEP TRIM LH,485,485,2020-06-16 00:30:36,2020-06-16 23:27:30
unlabeled_data.csv,S01,QL SIDE STEP TRIM RH,486,486,2020-06-16 00:30:36,2020-06-16 23:27:30
unlabeled_data.csv,S01,SIDE-RR BUMPER SINGLE,1049,1049,2020-01-06 09:46:45,2020-01-15 01:56:30
unlabeled_data.csv,S01,"SK3 SIDE RAIL-ROOF RACK, LH",14372,14372,2020-01-06 23:52:22,2020-10-21 14:30:14
unlabeled_data.csv,S01,"SK3 SIDE RAIL-ROOF RACK, RH",14676,14676,2020-01-06 23:52:22,2020-10-21 11:20:14
unlabeled_data.csv,S01,"SP2 CVR ROOF RACK CTR, LH",118071,118071,2020-01-02 01:01:01,2020-10-23 05:31:13
unlabeled_data.csv,S01,"SP2 CVR ROOF RACK CTR, RH",114977,114977,2020-01-02 00:59:22,2020-10-23 05:31:13
unlabeled_data.csv,S01,TL SIDE STEP TRIM LH,87,87,2020-07-21 23:54:10,2020-07-22 02:24:10
unlabeled_data.csv,S01,TL SIDE STEP TRIM RH,87,87,2020-07-21 23:54:10,2020-07-22 02:24:10
unlabeled_data.csv,S01,TM SIDE STEP TRIM LH,764,764,2020-04-20 10:17:00,2020-04-24 10:30:27
unlabeled_data.csv,S01,TM SIDE STEP TRIM RH,1998,1998,2020-04-20 05:20:21,2020-04-24 10:30:27
unlabeled_data.csv,S02,"BR2 PAD-ROOF RACK,LH",330,330,2020-01-14 01:07:57,2020-01-15 01:56:30
unlabeled_data.csv,S02,FOR YP PAD LH,10,10,2020-07-23 16:01:55,2020-07-23 22:16:16
unlabeled_data.csv,S02,FOR YP PAD RH,512,512,2020-03-05 23:27:41,2020-03-06 10:34:27
unlabeled_data.csv,S02,FRT CAP RH(사출),57,57,2020-07-13 00:52:59,2020-08-24 23:09:06
unlabeled_data.csv,S02,ON PAD-SIDE STEP (CTR),71,71,2020-09-16 23:11:22,2020-09-17 23:24:24
unlabeled_data.csv,S02,"ON PAD-SIDE STEP (FRT,RR)",2639,2639,2020-03-16 00:51:50,2020-07-24 22:57:00
unlabeled_data.csv,S02,RR CAP LH(사출),1902,1902,2020-07-13 01:09:01,2020-08-24 23:25:54
unlabeled_data.csv,S02,"SK3 PAD-ROOF RACK, LH",166,166,2020-01-06 09:46:45,2020-07-23 01:31:08
unlabeled_data.csv,S02,"SK3 PAD-ROOF RACK, RH",3701,3701,2020-03-18 23:28:06,2020-09-28 23:22:56
unlabeled_data.csv,S02,"SK3 STANCHION-ROOF RACK FR, RH",1,1,2020-10-10 00:22:00,2020-10-10 00:22:00
unlabeled_data.csv,S02,"SK3 STANCHION-ROOF RACK RR, LH",1,1,2020-10-10 00:22:00,2020-10-10 00:22:00
unlabeled_data.csv,S02,"SP2 PAD-ROOF RACK, LH",15586,15586,2020-01-08 01:30:32,2020-10-18 10:42:37
unlabeled_data.csv,S02,"SP2 PAD-ROOF RACK, RH",25273,25273,2020-01-15 05:27:02,2020-10-16 08:07:38
unlabeled_data.csv,S02,TL RH CAP,545,545,2020-03-12 23:29:36,2020-03-14 07:28:08
unlabeled_data.csv,S04,"BR2 COVER-ROOF RACK,LH(사출)",871,871,2020-01-02 05:08:34,2020-04-07 10:12:40
unlabeled_data.csv,S04,"BR2 COVER-ROOF RACK,RH(사출)",7,7,2020-03-09 23:47:39,2020-03-10 22:51:39
unlabeled_data.csv,S04,FRT CAP LH(사출),117,117,2020-06-25 23:24:42,2020-06-26 01:27:52
unlabeled_data.csv,S04,FRT CAP RH(사출),1,1,2020-06-26 02:27:25,2020-06-26 02:27:25
unlabeled_data.csv,S04,RG3 MLD'G-RR GLS LWR CVR,14391,14391,2020-03-26 23:25:34,2020-09-17 08:39:42
unlabeled_data.csv,S04,RR CAP LH(사출),903,903,2020-06-25 23:24:42,2020-06-26 17:07:57
unlabeled_data.csv,S04,RR CAP RH(사출),378,378,2020-06-26 00:38:39,2020-06-26 11:45:40
unlabeled_data.csv,S04,"SP2 PAD-ROOF RACK, RH",975,975,2020-05-27 23:48:19,2020-06-01 01:31:56
unlabeled_data.csv,S04,TL RH CAP,947,947,2020-10-08 00:44:56,2020-10-08 11:30:45
unlabeled_data.csv,S04,X61G FRT,1162,1162,2020-01-15 02:06:58,2020-09-29 02:39:32
unlabeled_data.csv,S04,X61G RR,1663,1663,2020-01-20 06:27:56,2020-10-06 06:40:33
unlabeled_data.csv,S06,"BC3 MOLD'G W/SHLD, LH",3771,3771,2020-09-05 03:19:30,2020-09-23 06:43:21
unlabeled_data.csv,S06,"BC3 MOLD'G W/SHLD, RH",4399,4399,2020-09-04 23:27:33,2020-10-05 01:17:13
unlabeled_data.csv,S06,CD S/B MOLD'G W/S SIDE LH,1624,1624,2020-02-12 07:01:32,2020-09-01 11:37:38
unlabeled_data.csv,S06,CD S/B MOLD'G W/S SIDE RH,1433,1433,2020-03-08 23:27:06,2020-09-02 00:50:08
unlabeled_data.csv,S06,CD SIDE MOLDING LH,13063,13063,2020-01-02 23:11:28,2020-08-28 23:20:54
unlabeled_data.csv,S06,CD SIDE MOLDING RH,11069,11069,2020-01-16 01:06:21,2020-10-16 03:50:19
unlabeled_data.csv,S06,CN7 W/S SIDE MLD'G LH,5329,5329,2020-04-20 05:30:59,2020-07-21 22:43:57
unlabeled_data.csv,S06,CN7 W/S SIDE MLD'G RH,11979,11979,2020-04-24 11:13:39,2020-07-08 23:21:27
unlabeled_data.csv,S06,PD W/S SIDE MLD'G LH,11562,11562,2020-03-03 01:53:50,2020-10-09 20:18:00
unlabeled_data.csv,S06,PD W/S SIDE MLD'G RH,9302,9302,2020-03-03 12:00:46,2020-10-09 10:19:21
unlabeled_data.csv,S06,PDE SIDE MOLDING LH,389,389,2020-04-13 09:04:24,2020-04-16 11:24:22
unlabeled_data.csv,S06,PDE SIDE MOLDING RH,1362,1362,2020-04-13 09:04:24,2020-10-10 10:10:02
unlabeled_data.csv,S06,"RG3 MOLD'G W/SHLD, LH",1536,1536,2020-03-17 04:34:55,2020-03-18 06:06:14
unlabeled_data.csv,S07,FLANGE SHELL(Gamma2-T),27,27,2020-02-28 10:59:00,2020-03-11 03:45:00
unlabeled_data.csv,S07,UPPER SHELL (HEV사양),122,122,2020-09-16 23:23:16,2020-09-17 01:26:50
unlabeled_data.csv,S07,UPPER SHELL(Gamma2-T),358,358,2020-06-08 00:51:15,2020-08-18 07:48:06
unlabeled_data.csv,S08,FLANGE SHELL(Gamma2-T),5483,5483,2020-06-08 21:58:58,2020-09-10 02:30:14
unlabeled_data.csv,S08,FRANGE SHELL(HEV사양),882,882,2020-08-20 23:25:28,2020-08-24 14:51:48
unlabeled_data.csv,S08,FRANGE SHELL(고성능사양),18,18,2020-08-22 03:59:32,2020-08-24 01:40:17
unlabeled_data.csv,S09,LOWER SHELL(Gamma2-T),4987,4987,2020-03-05 23:26:23,2020-09-10 02:30:14
unlabeled_data.csv,S10,FOR YP SIDE STEP TRIM LH(사출),2601,2601,2020-01-07 05:24:38,2020-08-24 05:32:26
unlabeled_data.csv,S10,FOR YP SIDE STEP TRIM RH(사출),3267,3267,2020-01-07 05:24:38,2020-08-24 05:32:26
unlabeled_data.csv,S10,IK PNL C/PAD MAIN LHD,11718,11718,2020-06-08 23:38:12,2020-10-23 05:30:20
unlabeled_data.csv,S10,IK PNL C/PAD MAIN RHD,92,92,2020-07-08 00:07:55,2020-07-08 03:22:41
unlabeled_data.csv,S10,JSN-CVR RR BPR UPR,2598,2598,2020-01-08 00:35:34,2020-01-15 01:59:07
unlabeled_data.csv,S10,"ON SIDE STEP PLATE, LH",4569,4569,2020-02-06 00:55:09,2020-10-19 03:31:13
unlabeled_data.csv,S10,"ON SIDE STEP PLATE, RH",4453,4453,2020-01-10 02:14:54,2020-10-22 07:13:17
unlabeled_data.csv,S10,SIDE-RR BUMPER DUAL,2319,2319,2020-01-28 04:56:25,2020-09-08 06:16:38
unlabeled_data.csv,S10,SIDE-RR BUMPER SINGLE,1121,1121,2020-02-12 05:05:26,2020-04-28 05:57:14
unlabeled_data.csv,S10,SKID-FRT BUMPER,6011,6011,2020-01-10 08:07:26,2020-07-24 10:22:31
unlabeled_data.csv,S10,TM SIDE STEP TRIM LH,3600,3600,2020-01-06 05:07:47,2020-10-05 23:23:37
unlabeled_data.csv,S10,TM SIDE STEP TRIM RH,2517,2517,2020-01-06 05:07:47,2020-10-05 11:26:09
unlabeled_data.csv,S10,UM SIDE STEP TRIM LH,1150,1150,2020-01-09 06:32:03,2020-10-14 10:23:40
unlabeled_data.csv,S10,UM SIDE STEP TRIM RH,4250,4250,2020-01-09 06:32:03,2020-10-14 23:26:46
unlabeled_data.csv,S11,PCV CAP SHELL(Gamma2-T),870,870,2020-01-22 01:18:23,2020-01-23 06:33:35
unlabeled_data.csv,S11,SK3 CAP-ROOF RACK(사출),1864,1864,2020-01-29 01:36:45,2020-10-18 23:35:10
unlabeled_data.csv,S11,SP2 CAP-ROOF RACK(사출),68342,68342,2020-01-10 11:35:38,2020-10-22 23:55:47
unlabeled_data.csv,S12,"BC3 MOLD'G W/SHLD, LH",6374,6374,2020-07-20 23:55:06,2020-08-27 23:22:59
unlabeled_data.csv,S12,"BC3 MOLD'G W/SHLD, RH",10762,10762,2020-07-19 23:59:34,2020-08-26 11:00:05
unlabeled_data.csv,S12,JX1 W/S SIDE MLD'G LH,7669,7669,2020-03-02 03:07:24,2020-10-16 03:50:19
unlabeled_data.csv,S12,JX1 W/S SIDE MLD'G RH,3597,3597,2020-03-24 01:52:10,2020-10-16 00:43:56
unlabeled_data.csv,S12,LX2 W/S SIDE MLD'G LH,40647,40647,2020-01-29 03:12:08,2020-09-10 07:56:05
unlabeled_data.csv,S12,LX2 W/S SIDE MLD'G LH(RHD),3701,3701,2020-10-17 23:27:59,2020-10-21 23:22:14
unlabeled_data.csv,S12,LX2 W/S SIDE MLD'G RH,22354,22354,2020-02-27 06:44:00,2020-09-10 07:56:05
unlabeled_data.csv,S12,LX2 W/S SIDE MLD'G RH(RHD),10256,10256,2020-09-28 22:40:22,2020-10-23 05:31:28
unlabeled_data.csv,S13,DM SIDE STEP TRIM LH,2643,2643,2020-03-30 07:11:25,2020-10-14 16:43:32
unlabeled_data.csv,S13,DM SIDE STEP TRIM RH,772,772,2020-10-14 03:22:54,2020-10-14 16:43:32
unlabeled_data.csv,S13,SIDE-RR BUMPER SINGLE,8,8,2020-04-10 14:32:31,2020-04-13 05:10:09
unlabeled_data.csv,S13,"SP2 SIDE RAIL-ROOF RACK, LH",9373,9373,2020-03-02 22:22:54,2020-10-06 11:00:54
unlabeled_data.csv,S13,"SP2 SIDE RAIL-ROOF RACK, RH",12500,12500,2020-03-02 03:29:15,2020-10-07 21:28:48
unlabeled_data.csv,S13,TL SIDE STEP TRIM LH,396,396,2020-10-14 16:44:32,2020-10-14 23:26:46
unlabeled_data.csv,S14,"BC3 MOLD'G W/SHLD, LH",5223,5223,2020-06-02 07:31:08,2020-10-09 22:21:40
unlabeled_data.csv,S14,"BC3 MOLD'G W/SHLD, RH",2647,2647,2020-06-01 11:00:46,2020-10-09 16:28:51
unlabeled_data.csv,S14,CN7 W/S SIDE MLD'G LH,19333,19333,2020-04-02 05:01:34,2020-10-20 06:20:14
unlabeled_data.csv,S14,CN7 W/S SIDE MLD'G RH,15906,15906,2020-03-24 10:19:41,2020-10-20 06:20:14
unlabeled_data.csv,S14,JX1 W/S SIDE MLD'G LH,3127,3127,2020-05-21 23:27:20,2020-09-01 11:32:15
unlabeled_data.csv,S14,JX1 W/S SIDE MLD'G RH,793,793,2020-05-22 00:45:01,2020-09-01 11:32:15
unlabeled_data.csv,S14,"RG3 MOLD'G W/SHLD, LH",18805,18805,2020-03-25 23:56:49,2020-10-23 05:30:10
unlabeled_data.csv,S14,"RG3 MOLD'G W/SHLD, RH",17136,17136,2020-03-29 18:00:28,2020-10-23 05:30:10
unlabeled_data.csv,S15,RG3 MLD'G-RR GLS LWR CVR ASS'Y,14701,14701,2020-07-07 02:27:39,2020-10-17 00:23:41
unlabeled_data.csv,S15,RG3 STRIP-RR GLS LWR CVR,5915,5915,2020-04-13 05:56:42,2020-07-01 23:32:20
