file,EQUIP_CD,PART_NAME,rows,unique_timestamps,min_seconds,p50_seconds,p95_seconds,max_seconds,intervals_le_0_2s,intervals
labeled_data.csv,S01,"SP2 CVR ROOF RACK CTR, RH",2,1,,,,,0,0
labeled_data.csv,S12,JX1 W/S SIDE MLD'G RH,2,1,,,,,0,0
labeled_data.csv,S14,CN7 W/S SIDE MLD'G LH,3365,1985,3.0,60.0,61.0,582626.0,0,1984
labeled_data.csv,S14,CN7 W/S SIDE MLD'G RH,3371,1989,3.0,60.0,61.0,582626.0,0,1988
labeled_data.csv,S14,"RG3 MOLD'G W/SHLD, LH",628,628,60.0,62.0,63.0,1027162.0,0,627
labeled_data.csv,S14,"RG3 MOLD'G W/SHLD, RH",628,628,60.0,62.0,63.0,1026914.0,0,627
moldset_labeled.csv,S14,CN7 W/S SIDE MLD'G LH,712,712,57.0,60.0,61.0,582626.0,0,711
moldset_labeled.csv,S14,CN7 W/S SIDE MLD'G RH,713,713,57.0,60.0,61.0,582626.0,0,712
moldset_labeled.csv,S14,"RG3 MOLD'G W/SHLD, LH",591,591,60.0,62.0,63.0,84388.0,0,590
moldset_labeled.csv,S14,"RG3 MOLD'G W/SHLD, RH",591,591,60.0,62.0,63.0,84388.0,0,590
unlabeled_data.csv,S01,"BR2 SIDE RAIL-ROOF RACK,LH",5624,5619,1.0,65.0,73.0,2017120.0,0,5618
unlabeled_data.csv,S01,"BR2 SIDE RAIL-ROOF RACK,RH",2617,2617,38.0,40.0,69.0,3355164.0,0,2616
unlabeled_data.csv,S01,DM AL CVR LH,1221,1221,66.0,67.0,69.0,190779.0,0,1220
unlabeled_data.csv,S01,DM SIDE STEP TRIM LH,554,554,32.0,86.0,105.0,4831697.0,0,553
unlabeled_data.csv,S01,DM SIDE STEP TRIM RH,463,463,73.0,86.0,96.0,4831697.0,0,462
unlabeled_data.csv,S01,FOR YP SIDE STEP TRIM LH(사출),169,169,75.0,89.0,106.0,3675.0,0,168
unlabeled_data.csv,S01,FOR YP SIDE STEP TRIM RH(사출),169,169,75.0,89.0,106.0,3675.0,0,168
unlabeled_data.csv,S01,"ON SIDE STEP PLATE, LH",280,280,7.0,89.0,151.99999999999898,4370830.0,0,279
unlabeled_data.csv,S01,"ON SIDE STEP PLATE, RH",282,282,16.0,89.0,175.0,4370830.0,0,281
unlabeled_data.csv,S01,QL SIDE STEP TRIM LH,485,485,1.0,64.0,65.0,52070.0,0,484
unlabeled_data.csv,S01,QL SIDE STEP TRIM RH,486,486,1.0,64.0,65.0,52070.0,0,485
unlabeled_data.csv,S01,SIDE-RR BUMPER SINGLE,1049,1049,68.0,71.0,79.0,658819.0,0,1048
unlabeled_data.csv,S01,"SK3 SIDE RAIL-ROOF RACK, LH",14372,14361,1.0,69.0,74.0,3044484.0,0,14360
unlabeled_data.csv,S01,"SK3 SIDE RAIL-ROOF RACK, RH",14676,14667,1.0,69.0,75.0,3027103.0,0,14666
unlabeled_data.csv,S01,"SP2 CVR ROOF RACK CTR, LH",118071,117906,1.0,67.0,73.0,856169.0,0,117905
unlabeled_data.csv,S01,"SP2 CVR ROOF RACK CTR, RH",114977,114885,1.0,67.0,73.0,856169.0,0,114884
unlabeled_data.csv,S01,TL SIDE STEP TRIM LH,87,87,87.0,102.0,103.0,404.0,0,86
unlabeled_data.csv,S01,TL SIDE STEP TRIM RH,87,87,87.0,102.0,103.0,404.0,0,86
unlabeled_data.csv,S01,TM SIDE STEP TRIM LH,764,764,7.0,89.0,200.79999999999995,147022.0,0,763
unlabeled_data.csv,S01,TM SIDE STEP TRIM RH,1998,1995,1.0,69.0,96.0,144951.0,0,1994
unlabeled_data.csv,S02,"BR2 PAD-ROOF RACK,LH",330,330,68.0,70.0,85.39999999999986,59400.0,0,329
unlabeled_data.csv,S02,FOR YP PAD LH,10,10,1177.0,2179.0,4328.599999999999,5215.0,0,9
unlabeled_data.csv,S02,FOR YP PAD RH,512,512,75.0,77.0,78.0,155.0,0,511
unlabeled_data.csv,S02,FRT CAP RH(사출),57,57,714.0,2625.0,5362.75,3554585.0,0,56
unlabeled_data.csv,S02,ON PAD-SIDE STEP (CTR),71,71,34.0,35.0,36.0,84745.0,0,70
unlabeled_data.csv,S02,"ON PAD-SIDE STEP (FRT,RR)",2639,2639,14.0,36.0,78.0,11127883.0,0,2638
unlabeled_data.csv,S02,RR CAP LH(사출),1902,1902,16.0,66.0,69.0,3582926.0,0,1901
unlabeled_data.csv,S02,"SK3 PAD-ROOF RACK, LH",166,166,34.0,36.0,3916.799999999992,10437540.0,0,165
unlabeled_data.csv,S02,"SK3 PAD-ROOF RACK, RH",3701,3701,38.0,60.0,69.0,5608336.0,0,3700
unlabeled_data.csv,S02,"SK3 STANCHION-ROOF RACK FR, RH",1,1,,,,,0,0
unlabeled_data.csv,S02,"SK3 STANCHION-ROOF RACK RR, LH",1,1,,,,,0,0
unlabeled_data.csv,S02,"SP2 PAD-ROOF RACK, LH",15586,15586,9.0,39.0,69.0,2960261.0,0,15585
unlabeled_data.csv,S02,"SP2 PAD-ROOF RACK, RH",25273,25270,1.0,64.0,80.0,4793425.0,0,25269
unlabeled_data.csv,S02,TL RH CAP,545,545,75.0,78.0,89.0,66534.0,0,544
unlabeled_data.csv,S04,"BR2 COVER-ROOF RACK,LH(사출)",871,871,32.0,66.0,2896.3499999999995,5360599.0,0,870
unlabeled_data.csv,S04,"BR2 COVER-ROOF RACK,RH(사출)",7,7,1753.0,4860.0,37797.25,41604.0,0,6
unlabeled_data.csv,S04,FRT CAP LH(사출),117,117,59.0,62.0,62.0,124.0,0,116
unlabeled_data.csv,S04,FRT CAP RH(사출),1,1,,,,,0,0
unlabeled_data.csv,S04,RG3 MLD'G-RR GLS LWR CVR,14391,14387,1.0,62.0,76.0,3484954.0,0,14386
unlabeled_data.csv,S04,RR CAP LH(사출),903,903,35.0,38.0,62.0,26269.0,0,902
unlabeled_data.csv,S04,RR CAP RH(사출),378,378,8.0,69.0,69.0,5491.0,0,377
unlabeled_data.csv,S04,"SP2 PAD-ROOF RACK, RH",975,975,37.0,38.0,39.0,266168.0,0,974
unlabeled_data.csv,S04,TL RH CAP,947,947,34.0,35.0,36.0,4613.0,0,946
unlabeled_data.csv,S04,X61G FRT,1162,1162,9.0,40.0,274.0,13296590.0,0,1161
unlabeled_data.csv,S04,X61G RR,1663,1663,13.0,60.0,62.0,8446373.0,0,1662
unlabeled_data.csv,S06,"BC3 MOLD'G W/SHLD, LH",3771,3771,11.0,36.0,66.0,348902.0,0,3770
unlabeled_data.csv,S06,"BC3 MOLD'G W/SHLD, RH",4399,4399,18.0,37.0,65.0,870635.0,0,4398
unlabeled_data.csv,S06,CD S/B MOLD'G W/S SIDE LH,1624,1624,12.0,68.0,148.0,11340828.0,0,1623
unlabeled_data.csv,S06,CD S/B MOLD'G W/S SIDE RH,1433,1433,35.0,37.0,37.0,9153633.0,0,1432
unlabeled_data.csv,S06,CD SIDE MOLDING LH,13063,13052,1.0,39.0,75.0,6062764.0,0,13051
unlabeled_data.csv,S06,CD SIDE MOLDING RH,11069,11069,1.0,39.0,67.0,5875807.0,0,11068
unlabeled_data.csv,S06,CN7 W/S SIDE MLD'G LH,5329,5329,1.0,64.0,65.0,2545790.0,0,5328
unlabeled_data.csv,S06,CN7 W/S SIDE MLD'G RH,11979,11979,1.0,64.0,71.0,1938416.0,0,11978
unlabeled_data.csv,S06,PD W/S SIDE MLD'G LH,11562,11562,4.0,39.0,65.0,8902196.0,0,11561
unlabeled_data.csv,S06,PD W/S SIDE MLD'G RH,9302,9291,1.0,36.0,69.0,8804941.0,0,9290
unlabeled_data.csv,S06,PDE SIDE MOLDING LH,389,389,60.0,66.0,69.0,240297.0,0,388
unlabeled_data.csv,S06,PDE SIDE MOLDING RH,1362,1362,34.0,35.0,67.0,15251185.0,0,1361
unlabeled_data.csv,S06,"RG3 MOLD'G W/SHLD, LH",1536,1536,38.0,39.0,40.0,31145.0,0,1535
unlabeled_data.csv,S07,FLANGE SHELL(Gamma2-T),27,27,474.0,4201.5,266687.0,493466.0,0,26
unlabeled_data.csv,S07,UPPER SHELL (HEV사양),122,122,59.0,62.0,62.0,63.0,0,121
unlabeled_data.csv,S07,UPPER SHELL(Gamma2-T),358,358,59.0,64.0,74.59999999999974,5770747.0,0,357
unlabeled_data.csv,S08,FLANGE SHELL(Gamma2-T),5483,5483,35.0,64.0,69.0,4595778.0,0,5482
unlabeled_data.csv,S08,FRANGE SHELL(HEV사양),882,882,62.0,64.0,67.0,256632.0,0,881
unlabeled_data.csv,S08,FRANGE SHELL(고성능사양),18,18,36.0,1096.0,31675.79999999992,122031.0,0,17
unlabeled_data.csv,S09,LOWER SHELL(Gamma2-T),4987,4987,1.0,64.0,69.0,4119219.0,0,4986
unlabeled_data.csv,S10,FOR YP SIDE STEP TRIM LH(사출),2601,2601,28.0,92.0,150.0,3604146.0,0,2600
unlabeled_data.csv,S10,FOR YP SIDE STEP TRIM RH(사출),3267,3267,28.0,87.0,137.0,3604146.0,0,3266
unlabeled_data.csv,S10,IK PNL C/PAD MAIN LHD,11718,11695,1.0,76.0,85.0,1386266.0,0,11694
unlabeled_data.csv,S10,IK PNL C/PAD MAIN RHD,92,92,91.0,98.0,154.5,2069.0,0,91
unlabeled_data.csv,S10,JSN-CVR RR BPR UPR,2598,2598,38.0,39.0,40.0,505030.0,0,2597
unlabeled_data.csv,S10,"ON SIDE STEP PLATE, LH",4569,4568,1.0,88.0,138.0,4559686.0,0,4567
unlabeled_data.csv,S10,"ON SIDE STEP PLATE, RH",4453,4453,1.0,89.0,140.0,4559686.0,0,4452
unlabeled_data.csv,S10,SIDE-RR BUMPER DUAL,2319,2319,50.0,67.0,80.0,11795061.0,0,2318
unlabeled_data.csv,S10,SIDE-RR BUMPER SINGLE,1121,1121,2.0,82.0,183.4499999999996,3511857.0,0,1120
unlabeled_data.csv,S10,SKID-FRT BUMPER,6011,6006,1.0,73.0,86.0,5381100.0,0,6005
unlabeled_data.csv,S10,TM SIDE STEP TRIM LH,3600,3600,1.0,78.0,141.0,5408977.0,0,3599
unlabeled_data.csv,S10,TM SIDE STEP TRIM RH,2517,2517,8.0,99.0,184.25,5408977.0,0,2516
unlabeled_data.csv,S10,UM SIDE STEP TRIM LH,1150,1150,66.0,109.0,254.39999999999964,8983291.0,0,1149
unlabeled_data.csv,S10,UM SIDE STEP TRIM RH,4250,4249,1.0,67.0,140.0,5216168.0,0,4248
unlabeled_data.csv,S11,PCV CAP SHELL(Gamma2-T),870,870,38.0,49.0,50.0,65002.0,0,869
unlabeled_data.csv,S11,SK3 CAP-ROOF RACK(사출),1864,1864,35.0,36.0,2446.499999999998,11341632.0,0,1863
unlabeled_data.csv,S11,SP2 CAP-ROOF RACK(사출),68342,68294,1.0,38.0,66.0,4659633.0,0,68293
unlabeled_data.csv,S12,"BC3 MOLD'G W/SHLD, LH",6374,6367,1.0,36.0,65.0,2336086.0,0,6366
unlabeled_data.csv,S12,"BC3 MOLD'G W/SHLD, RH",10762,10761,1.0,36.0,64.0,2161459.0,0,10760
unlabeled_data.csv,S12,JX1 W/S SIDE MLD'G LH,7669,7667,1.0,38.0,71.0,8354226.0,0,7666
unlabeled_data.csv,S12,JX1 W/S SIDE MLD'G RH,3597,3590,1.0,48.0,88.599999999999,8507403.0,0,3589
unlabeled_data.csv,S12,LX2 W/S SIDE MLD'G LH,40647,40609,1.0,39.0,76.0,2460934.0,0,40608
unlabeled_data.csv,S12,LX2 W/S SIDE MLD'G LH(RHD),3701,3701,62.0,65.0,69.0,86528.0,0,3700
unlabeled_data.csv,S12,LX2 W/S SIDE MLD'G RH,22354,22341,1.0,64.0,77.0,2366933.0,0,22340
unlabeled_data.csv,S12,LX2 W/S SIDE MLD'G RH(RHD),10256,10256,5.0,64.0,79.0,535806.0,0,10255
unlabeled_data.csv,S13,DM SIDE STEP TRIM LH,2643,2643,7.0,71.0,78.0,13236345.0,0,2642
unlabeled_data.csv,S13,DM SIDE STEP TRIM RH,772,772,57.0,60.0,61.0,956.0,0,771
unlabeled_data.csv,S13,SIDE-RR BUMPER SINGLE,8,8,1399.0,2862.0,142427.29999999987,196961.0,0,7
unlabeled_data.csv,S13,"SP2 SIDE RAIL-ROOF RACK, LH",9373,9373,1.0,64.0,71.0,2567126.0,0,9372
unlabeled_data.csv,S13,"SP2 SIDE RAIL-ROOF RACK, RH",12500,12500,13.0,64.0,75.0,3382521.0,0,12499
unlabeled_data.csv,S13,TL SIDE STEP TRIM LH,396,396,58.0,60.0,61.0,121.0,0,395
unlabeled_data.csv,S14,"BC3 MOLD'G W/SHLD, LH",5223,5216,1.0,60.0,69.0,4936699.0,0,5215
unlabeled_data.csv,S14,"BC3 MOLD'G W/SHLD, RH",2647,2647,1.0,38.0,69.0,4957148.0,0,2646
unlabeled_data.csv,S14,CN7 W/S SIDE MLD'G LH,19333,19326,1.0,37.0,61.0,4888506.0,0,19325
unlabeled_data.csv,S14,CN7 W/S SIDE MLD'G RH,15906,15885,1.0,58.0,71.0,4945618.0,0,15884
unlabeled_data.csv,S14,JX1 W/S SIDE MLD'G LH,3127,3127,2.0,38.0,64.0,8142804.0,0,3126
unlabeled_data.csv,S14,JX1 W/S SIDE MLD'G RH,793,793,59.0,62.0,146.19999999999754,8122758.0,0,792
unlabeled_data.csv,S14,"RG3 MOLD'G W/SHLD, LH",18805,18765,1.0,62.0,67.0,4745463.0,0,18764
unlabeled_data.csv,S14,"RG3 MOLD'G W/SHLD, RH",17136,17120,1.0,60.0,69.0,4875114.0,0,17119
unlabeled_data.csv,S15,RG3 MLD'G-RR GLS LWR CVR ASS'Y,14701,14683,1.0,60.0,67.0,2156486.0,0,14682
unlabeled_data.csv,S15,RG3 STRIP-RR GLS LWR CVR,5915,5906,1.0,62.0,69.0,1737645.0,0,5905
