scenario,seed,fold,model,selected_variant,inner_ap
cn7,42,0,xgboost_balanced,base,0.18287115753263777
cn7,42,0,catboost_balanced,base,0.24834333615770104
cn7,42,1,xgboost_balanced,base,0.30854286168998996
cn7,42,1,catboost_balanced,base,0.52373370406784
cn7,42,2,xgboost_balanced,temperature_differences,0.20604802187793994
cn7,42,2,catboost_balanced,base,0.2149991475940843
cn7,1729,0,xgboost_balanced,base,0.15201474747138938
cn7,1729,0,catboost_balanced,pressure_difference,0.15922520051681643
cn7,1729,1,xgboost_balanced,base,0.2318608032893747
cn7,1729,1,catboost_balanced,temperature_differences,0.5774461854472506
cn7,1729,2,xgboost_balanced,base,0.1864699613948523
cn7,1729,2,catboost_balanced,pressure_difference,0.30251886933550554
cn7,2026,0,xgboost_balanced,temperature_differences,0.12609040192883797
cn7,2026,0,catboost_balanced,pressure_difference,0.3006449355133566
cn7,2026,1,xgboost_balanced,shallower_tree,0.17765483179639835
cn7,2026,1,catboost_balanced,base,0.4649123988186124
cn7,2026,2,xgboost_balanced,base,0.050194785506668116
cn7,2026,2,catboost_balanced,shallower_tree,0.12532544634669573
rg3,42,0,xgboost_balanced,pressure_difference,0.035284498817462165
rg3,42,0,catboost_balanced,temperature_differences,0.027984178534698007
rg3,42,1,xgboost_balanced,temperature_differences,0.047653471719974416
rg3,42,1,catboost_balanced,temperature_differences,0.04948380809115108
rg3,42,2,xgboost_balanced,shallower_tree,0.034592303788346476
rg3,42,2,catboost_balanced,shallower_tree,0.033040693733192204
rg3,1729,0,xgboost_balanced,temperature_differences,0.01387219846320117
rg3,1729,0,catboost_balanced,temperature_differences,0.012467366029635111
rg3,1729,1,xgboost_balanced,base,0.028015262037271865
rg3,1729,1,catboost_balanced,temperature_differences,0.03337495570177282
rg3,1729,2,xgboost_balanced,pressure_difference,0.03874052958689259
rg3,1729,2,catboost_balanced,pressure_difference,0.04658682194040955
rg3,2026,0,xgboost_balanced,temperature_differences,0.02890315289290398
rg3,2026,0,catboost_balanced,temperature_differences,0.027313892827546073
rg3,2026,1,xgboost_balanced,base,0.024779744114669426
rg3,2026,1,catboost_balanced,pressure_difference,0.022300631278324712
rg3,2026,2,xgboost_balanced,pressure_difference,0.024098883143625127
rg3,2026,2,catboost_balanced,base,0.0244602015792345
