scenario,model,variant,policy,ap_mean,ap_std,f1_mean,f1_std,precision_mean,precision_std,recall_mean,recall_std,recall_at_10pct_mean,recall_at_10pct_std
cn7,catboost_balanced,base,fixed_0.5,0.47726165121851033,0.18826460532651157,0.28064605959342803,0.14492990315020463,0.35145502645502646,0.3781808490631639,0.47433862433862434,0.32020883601901284,0.9666666666666666,0.10000000000000002
cn7,catboost_balanced,base,inner_f1,0.47726165121851033,0.18826460532651157,0.266693264500282,0.18194911299367925,0.20873015873015874,0.16533160007046266,0.4616402116402117,0.32636952950739645,0.9666666666666666,0.10000000000000002
cn7,catboost_balanced,inner_selected,fixed_0.5,0.454059747826657,0.1886185700985997,0.22807793528617326,0.12039139785062013,0.19808201058201058,0.13946168732774006,0.4142857142857143,0.25113122749677363,0.9396825396825397,0.13586040588273438
cn7,catboost_balanced,inner_selected,inner_f1,0.454059747826657,0.1886185700985997,0.22782964556419938,0.15629514903524902,0.1709656084656085,0.1295363707971026,0.41798941798941797,0.3046202961349331,0.9396825396825397,0.13586040588273438
cn7,catboost_balanced,pressure_difference,fixed_0.5,0.5077585491126881,0.13242417800856837,0.29213784533701975,0.09125091221669998,0.37544091710758376,0.3611898377272138,0.41904761904761906,0.157485197087178,0.9444444444444444,0.11303883305208783
cn7,catboost_balanced,pressure_difference,inner_f1,0.5077585491126881,0.13242417800856837,0.2631722425234338,0.13211975337341317,0.27253086419753086,0.2906279269215564,0.4846560846560846,0.3318058349681658,0.9444444444444444,0.11303883305208783
cn7,catboost_balanced,shallower_tree,fixed_0.5,0.4992171673377031,0.16184785361355347,0.26179238323411336,0.08276048038343425,0.18563612313612313,0.08365356819168802,0.6116402116402117,0.3168712292293643,0.91005291005291,0.11476695415794505
cn7,catboost_balanced,shallower_tree,inner_f1,0.4992171673377031,0.16184785361355347,0.24699393559963273,0.12441233715308138,0.17307098765432097,0.10181475544977589,0.5346560846560846,0.29465454789483925,0.91005291005291,0.11476695415794505
cn7,catboost_balanced,temperature_differences,fixed_0.5,0.4618035393852204,0.21722393336663562,0.2260958753286119,0.13403404637239655,0.1974206349206349,0.1458232098851011,0.4576719576719576,0.3495660124745389,0.9052910052910053,0.1359530990816753
cn7,catboost_balanced,temperature_differences,inner_f1,0.4618035393852204,0.21722393336663562,0.2619870404610387,0.16157258546210607,0.24171376463043132,0.2940388166696427,0.5537037037037037,0.3384076170737367,0.9052910052910053,0.1359530990816753
cn7,xgboost_balanced,base,fixed_0.5,0.432922629145739,0.23871909586205098,0.28907768157768154,0.14431854360511676,0.2259157509157509,0.12190894297343517,0.4534391534391534,0.2028814228955176,0.91005291005291,0.11476695415794506
cn7,xgboost_balanced,base,inner_f1,0.432922629145739,0.23871909586205098,0.20327874305922047,0.16440393514080837,0.13500481000481,0.11733242853464758,0.5722222222222223,0.43525216190668653,0.91005291005291,0.11476695415794506
cn7,xgboost_balanced,inner_selected,fixed_0.5,0.3989755971735282,0.23213160717775286,0.2789633024927143,0.16121289936629582,0.21944444444444444,0.1325230480959595,0.4312169312169312,0.24140686376429313,0.8878306878306879,0.11453621136471125
cn7,xgboost_balanced,inner_selected,inner_f1,0.3989755971735282,0.23213160717775286,0.20856974835022576,0.16811300375190055,0.14029581529581528,0.11998240822622831,0.5444444444444445,0.4118892785419132,0.8878306878306879,0.11453621136471125
cn7,xgboost_balanced,pressure_difference,fixed_0.5,0.4245471764062171,0.22527292017059694,0.25887634515085495,0.14503595743809172,0.20833333333333334,0.11633821598626228,0.41534391534391535,0.2564008007443093,0.8693121693121693,0.13592529775919077
cn7,xgboost_balanced,pressure_difference,inner_f1,0.4245471764062171,0.22527292017059694,0.18076879910213242,0.1421389025449511,0.11006401006401006,0.08741496718733488,0.5386243386243387,0.4306394841759377,0.8693121693121693,0.13592529775919077
cn7,xgboost_balanced,shallower_tree,fixed_0.5,0.41387075819843516,0.2346480490659584,0.2547291395222177,0.09911851434098873,0.18238736572069905,0.08997037067526055,0.5341269841269841,0.26977356760397747,0.91005291005291,0.11476695415794506
cn7,xgboost_balanced,shallower_tree,inner_f1,0.41387075819843516,0.2346480490659584,0.14587447809072293,0.11524110630158996,0.08456271397447868,0.0673039786845952,0.5611111111111111,0.4498456525421926,0.91005291005291,0.11476695415794506
cn7,xgboost_balanced,temperature_differences,fixed_0.5,0.33145225661964983,0.23962268881653923,0.22427927011260346,0.1934865638258274,0.17313797313797313,0.17100107932840372,0.39206349206349206,0.3373146589437257,0.8693121693121693,0.13592529775919077
cn7,xgboost_balanced,temperature_differences,inner_f1,0.33145225661964983,0.23962268881653923,0.22246232829615784,0.15043853402020016,0.14526815776815777,0.11463581787316626,0.6116402116402117,0.3773329630829707,0.8693121693121693,0.13592529775919077
rg3,catboost_balanced,base,fixed_0.5,0.02894749081432236,0.010087747990485839,0.018864365214110543,0.038794143953851425,0.01574074074074074,0.03447131568330793,0.02821869488536155,0.056554387106962825,0.06455427288760622,0.0627332614801421
rg3,catboost_balanced,base,inner_f1,0.02894749081432236,0.010087747990485839,0.026327530391206732,0.02002560949829356,0.013829254210539993,0.01029428147046821,0.37495590828924164,0.42319807400004855,0.06455427288760622,0.0627332614801421
rg3,catboost_balanced,inner_selected,fixed_0.5,0.026917875279607192,0.010425481293270571,0.011695906432748537,0.03508771929824561,0.011111111111111112,0.03333333333333333,0.012345679012345678,0.037037037037037035,0.050665383998717325,0.06150320507733468
rg3,catboost_balanced,inner_selected,inner_f1,0.026917875279607192,0.010425481293270571,0.017622243253183928,0.024537934573598996,0.010288187794532971,0.015144192183224344,0.18342151675485008,0.3364472009347452,0.050665383998717325,0.06150320507733468
rg3,catboost_balanced,pressure_difference,fixed_0.5,0.0277773107247262,0.013837112080196091,0.006349206349206349,0.019047619047619046,0.003968253968253968,0.011904761904761904,0.015873015873015872,0.047619047619047616,0.07439474106140771,0.09857165753518413
rg3,catboost_balanced,pressure_difference,inner_f1,0.0277773107247262,0.013837112080196091,0.031970113685614726,0.021325636337126867,0.01769598417725263,0.013081255323438156,0.47019400352733687,0.4125257405696196,0.07439474106140771,0.09857165753518413
rg3,catboost_balanced,shallower_tree,fixed_0.5,0.0268932738962526,0.008806605229601108,0.021498711535185802,0.029812836916687475,0.012464911178146472,0.016998351739901642,0.08694885361552028,0.1407064245867652,0.1013788680455347,0.11525384302290478
rg3,catboost_balanced,shallower_tree,inner_f1,0.0268932738962526,0.008806605229601108,0.024072573079072263,0.02084648662576767,0.012565017910874207,0.010803017020560085,0.4031746031746032,0.4352912336010072,0.1013788680455347,0.11525384302290478
rg3,catboost_balanced,temperature_differences,fixed_0.5,0.02642523047324432,0.009013146868164396,0.0,0.0,0.0,0.0,0.0,0.0,0.06455427288760622,0.0627332614801421
rg3,catboost_balanced,temperature_differences,inner_f1,0.02642523047324432,0.009013146868164396,0.024525323784583043,0.020187271375831074,0.01292827105915293,0.010561377815938813,0.302689594356261,0.33131224117648167,0.06455427288760622,0.0627332614801421
rg3,xgboost_balanced,base,fixed_0.5,0.03826255339023448,0.02927884331004161,0.03527336860670194,0.05425796293457892,0.042884990253411304,0.08341344769102048,0.054192720859387526,0.09734676158981616,0.14882555715889048,0.12002456057876865
rg3,xgboost_balanced,base,inner_f1,0.03826255339023448,0.02927884331004161,0.026009825770630893,0.03420193369787184,0.015137972773791876,0.02096154185366589,0.18977072310405643,0.325364991775329,0.14882555715889048,0.12002456057876865
rg3,xgboost_balanced,inner_selected,fixed_0.5,0.027976260195313893,0.011071107344780787,0.010582010582010581,0.031746031746031744,0.009259259259259259,0.027777777777777776,0.012345679012345678,0.037037037037037035,0.11275052108385442,0.07051277876460295
rg3,xgboost_balanced,inner_selected,inner_f1,0.027976260195313893,0.011071107344780787,0.02708174340555137,0.038360717652793426,0.0215296469526588,0.04041780038010018,0.23862433862433863,0.3739720941943123,0.11275052108385442,0.07051277876460295
rg3,xgboost_balanced,pressure_difference,fixed_0.5,0.0381644098864442,0.03150319159941171,0.035981661559534986,0.04609726078822424,0.03589583981740844,0.05616347612609495,0.04943081609748276,0.06023667369945894,0.18740580407247073,0.1342295574790727
rg3,xgboost_balanced,pressure_difference,inner_f1,0.0381644098864442,0.03150319159941171,0.031648841631643,0.0260028678348725,0.017102272797209547,0.014789474269402143,0.4040564373897707,0.3924417485705465,0.18740580407247073,0.1342295574790727
rg3,xgboost_balanced,shallower_tree,fixed_0.5,0.035120683655708355,0.02714679040851266,0.037018644179769494,0.051735251586731174,0.024041853208519877,0.03657247220734021,0.1013788680455347,0.11525384302290478,0.13995911495911495,0.1045689915416291
rg3,xgboost_balanced,shallower_tree,inner_f1,0.035120683655708355,0.02714679040851266,0.017675695844854993,0.021841125762711053,0.009463626553305064,0.011551478864802813,0.2156966490299824,0.3502765387420695,0.13995911495911495,0.1045689915416291
rg3,xgboost_balanced,temperature_differences,fixed_0.5,0.029033901807396605,0.01270331612592184,0.0,0.0,0.0,0.0,0.0,0.0,0.09886163219496552,0.09701436294267887
rg3,xgboost_balanced,temperature_differences,inner_f1,0.029033901807396605,0.01270331612592184,0.04309754640951931,0.029106754688727376,0.02979686626719434,0.03641128415792135,0.4954585537918871,0.33737482346339465,0.09886163219496552,0.09701436294267887
