scenario,seed,model,product_group,policy,ap,roc_auc,brier,log_loss,f1,precision,recall,mcc,tn,fp,fn,tp,fnr,fpr,rows,positives,unique_scores,recall_at_1pct,precision_at_1pct,lift_at_1pct,recall_at_3pct,precision_at_3pct,lift_at_3pct,recall_at_5pct,precision_at_5pct,lift_at_5pct,recall_at_10pct,precision_at_10pct,lift_at_10pct,recall_at_20pct,precision_at_20pct,lift_at_20pct
cn7,42,dummy_prior,all,fixed_0.5,0.013064997218934563,0.4602423884126515,0.013847693730523615,0.07407810421504833,0.0,0.0,0.0,0.0,1194,0,17,0,1.0,0.0,1211,17,3,0.0,0.0,0.0,0.0,0.0,0.0,0.0,0.0,0.0,0.11764705882352941,0.01639344262295082,1.1677917068466732,0.17647058823529413,0.012345679012345678,0.8794480755265068
cn7,42,dummy_prior,all,inner_f1,0.013064997218934563,0.4602423884126515,0.013847693730523615,0.07407810421504833,0.0,0.0,0.0,0.0,1194,0,17,0,1.0,0.0,1211,17,3,0.0,0.0,0.0,0.0,0.0,0.0,0.0,0.0,0.0,0.11764705882352941,0.01639344262295082,1.1677917068466732,0.17647058823529413,0.012345679012345678,0.8794480755265068
cn7,42,logistic,all,fixed_0.5,0.4894618287402786,0.9379495516799685,0.008821191900212362,0.04149480226329268,0.5217391304347826,1.0,0.35294117647058826,0.5913707016836909,1194,0,11,6,0.6470588235294118,0.0,1211,17,608,0.4117647058823529,0.5384615384615384,38.35746606334841,0.5294117647058824,0.24324324324324326,17.3275039745628,0.5294117647058824,0.14754098360655737,10.510125361620057,0.7647058823529411,0.10655737704918032,7.5906460945033745,0.9411764705882353,0.06584362139917696,4.690389736141371
cn7,42,logistic,all,inner_f1,0.4894618287402786,0.9379495516799685,0.008821191900212362,0.04149480226329268,0.5217391304347826,1.0,0.35294117647058826,0.5913707016836909,1194,0,11,6,0.6470588235294118,0.0,1211,17,608,0.4117647058823529,0.5384615384615384,38.35746606334841,0.5294117647058824,0.24324324324324326,17.3275039745628,0.5294117647058824,0.14754098360655737,10.510125361620057,0.7647058823529411,0.10655737704918032,7.5906460945033745,0.9411764705882353,0.06584362139917696,4.690389736141371
cn7,42,logistic_balanced,all,fixed_0.5,0.5044501039003944,0.9424327519952704,0.03857257834341632,0.12765161227471641,0.24096385542168675,0.15151515151515152,0.5882352941176471,0.28055454943247604,1138,56,7,10,0.4117647058823529,0.04690117252931323,1211,17,610,0.47058823529411764,0.6153846153846154,43.83710407239819,0.5294117647058824,0.24324324324324326,17.3275039745628,0.5294117647058824,0.14754098360655737,10.510125361620057,0.7058823529411765,0.09836065573770492,7.006750241080038,0.9411764705882353,0.06584362139917696,4.690389736141371
cn7,42,logistic_balanced,all,inner_f1,0.5044501039003944,0.9424327519952704,0.03857257834341632,0.12765161227471641,0.17391304347826086,0.3333333333333333,0.11764705882352941,0.1915103333202349,1190,4,15,2,0.8823529411764706,0.0033500837520938024,1211,17,610,0.47058823529411764,0.6153846153846154,43.83710407239819,0.5294117647058824,0.24324324324324326,17.3275039745628,0.5294117647058824,0.14754098360655737,10.510125361620057,0.7058823529411765,0.09836065573770492,7.006750241080038,0.9411764705882353,0.06584362139917696,4.690389736141371
cn7,42,xgboost,all,fixed_0.5,0.10797074614939423,0.8979948763424968,0.013234515606969957,0.05947946634961794,0.0,0.0,0.0,0.0,1194,0,17,0,1.0,0.0,1211,17,482,0.11764705882352941,0.15384615384615385,10.959276018099548,0.29411764705882354,0.13513513513513514,9.626391096979333,0.4117647058823529,0.11475409836065574,8.174541947926711,0.5294117647058824,0.07377049180327869,5.2550626808100285,0.7647058823529411,0.053497942386831275,3.810941660614863
cn7,42,xgboost,all,inner_f1,0.10797074614939423,0.8979948763424968,0.013234515606969957,0.05947946634961794,0.1414141414141414,0.08536585365853659,0.4117647058823529,0.16339423168941603,1119,75,10,7,0.5882352941176471,0.06281407035175879,1211,17,482,0.11764705882352941,0.15384615384615385,10.959276018099548,0.29411764705882354,0.13513513513513514,9.626391096979333,0.4117647058823529,0.11475409836065574,8.174541947926711,0.5294117647058824,0.07377049180327869,5.2550626808100285,0.7647058823529411,0.053497942386831275,3.810941660614863
cn7,42,xgboost_balanced,all,fixed_0.5,0.2280609587029374,0.9615479357572174,0.020363659559635146,0.06680565078430567,0.2545454545454545,0.18421052631578946,0.4117647058823529,0.26034533220843226,1163,31,10,7,0.5882352941176471,0.025963149078726967,1211,17,605,0.17647058823529413,0.23076923076923078,16.438914027149323,0.35294117647058826,0.16216216216216217,11.551669316375198,0.7058823529411765,0.19672131147540983,14.013500482160076,0.8823529411764706,0.12295081967213115,8.758437801350048,1.0,0.06995884773662552,4.983539094650205
cn7,42,xgboost_balanced,all,inner_f1,0.2280609587029374,0.9615479357572174,0.020363659559635146,0.06680565078430567,0.24242424242424243,0.25,0.23529411764705882,0.23207889803493226,1182,12,13,4,0.7647058823529411,0.010050251256281407,1211,17,605,0.17647058823529413,0.23076923076923078,16.438914027149323,0.35294117647058826,0.16216216216216217,11.551669316375198,0.7058823529411765,0.19672131147540983,14.013500482160076,0.8823529411764706,0.12295081967213115,8.758437801350048,1.0,0.06995884773662552,4.983539094650205
cn7,1729,dummy_prior,all,fixed_0.5,0.011609028560523583,0.3608483594442802,0.013914137988395452,0.0768598896061595,0.0,0.0,0.0,0.0,1194,0,17,0,1.0,0.0,1211,17,3,0.0,0.0,0.0,0.0,0.0,0.0,0.0,0.0,0.0,0.058823529411764705,0.00819672131147541,0.5838958534233366,0.11764705882352941,0.00823045267489712,0.5862987170176713
cn7,1729,dummy_prior,all,inner_f1,0.011609028560523583,0.3608483594442802,0.013914137988395452,0.0768598896061595,0.0,0.0,0.0,0.0,1194,0,17,0,1.0,0.0,1211,17,3,0.0,0.0,0.0,0.0,0.0,0.0,0.0,0.0,0.0,0.058823529411764705,0.00819672131147541,0.5838958534233366,0.11764705882352941,0.00823045267489712,0.5862987170176713
cn7,1729,logistic,all,fixed_0.5,0.44319966348188544,0.9171100601044438,0.009495491589039373,0.04654432537496482,0.48,0.75,0.35294117647058826,0.5101349734661121,1192,2,11,6,0.6470588235294118,0.0016750418760469012,1211,17,611,0.35294117647058826,0.46153846153846156,32.87782805429865,0.47058823529411764,0.21621621621621623,15.402225755166933,0.47058823529411764,0.13114754098360656,9.342333654773386,0.6470588235294118,0.09016393442622951,6.422854387656702,0.8823529411764706,0.06172839506172839,4.397240377632534
cn7,1729,logistic,all,inner_f1,0.44319966348188544,0.9171100601044438,0.009495491589039373,0.04654432537496482,0.3870967741935484,0.42857142857142855,0.35294117647058826,0.38106059013100313,1186,8,11,6,0.6470588235294118,0.006700167504187605,1211,17,611,0.35294117647058826,0.46153846153846156,32.87782805429865,0.47058823529411764,0.21621621621621623,15.402225755166933,0.47058823529411764,0.13114754098360656,9.342333654773386,0.6470588235294118,0.09016393442622951,6.422854387656702,0.8823529411764706,0.06172839506172839,4.397240377632534
cn7,1729,logistic_balanced,all,fixed_0.5,0.4699901483216232,0.9092767760370479,0.036855767287988596,0.125551243460241,0.23376623376623376,0.15,0.5294117647058824,0.2638597060850867,1143,51,8,9,0.47058823529411764,0.04271356783919598,1211,17,611,0.4117647058823529,0.5384615384615384,38.35746606334841,0.47058823529411764,0.21621621621621623,15.402225755166933,0.5294117647058824,0.14754098360655737,10.510125361620057,0.5882352941176471,0.08196721311475409,5.838958534233365,0.8823529411764706,0.06172839506172839,4.397240377632534
cn7,1729,logistic_balanced,all,inner_f1,0.4699901483216232,0.9092767760370479,0.036855767287988596,0.125551243460241,0.3783783783783784,0.35,0.4117647058823529,0.37005545738084816,1181,13,10,7,0.5882352941176471,0.010887772194304857,1211,17,611,0.4117647058823529,0.5384615384615384,38.35746606334841,0.47058823529411764,0.21621621621621623,15.402225755166933,0.5294117647058824,0.14754098360655737,10.510125361620057,0.5882352941176471,0.08196721311475409,5.838958534233365,0.8823529411764706,0.06172839506172839,4.397240377632534
cn7,1729,xgboost,all,fixed_0.5,0.08441028714239102,0.8950389200906493,0.013441538823503858,0.06063077223707244,0.0,0.0,0.0,0.0,1194,0,17,0,1.0,0.0,1211,17,429,0.058823529411764705,0.07692307692307693,5.479638009049774,0.17647058823529413,0.08108108108108109,5.775834658187599,0.23529411764705882,0.06557377049180328,4.671166827386693,0.5294117647058824,0.07377049180327869,5.2550626808100285,0.8823529411764706,0.06172839506172839,4.397240377632534
cn7,1729,xgboost,all,inner_f1,0.08441028714239102,0.8950389200906493,0.013441538823503858,0.06063077223707244,0.18487394957983194,0.10784313725490197,0.6470588235294118,0.2418123757559876,1103,91,6,11,0.35294117647058826,0.076214405360134,1211,17,429,0.058823529411764705,0.07692307692307693,5.479638009049774,0.17647058823529413,0.08108108108108109,5.775834658187599,0.23529411764705882,0.06557377049180328,4.671166827386693,0.5294117647058824,0.07377049180327869,5.2550626808100285,0.8823529411764706,0.06172839506172839,4.397240377632534
cn7,1729,xgboost_balanced,all,fixed_0.5,0.24458381680934152,0.9006059710316286,0.022413830447800702,0.07645958031148035,0.24489795918367346,0.1875,0.35294117647058826,0.2429069787596226,1168,26,11,6,0.6470588235294118,0.021775544388609715,1211,17,605,0.23529411764705882,0.3076923076923077,21.918552036199095,0.4117647058823529,0.1891891891891892,13.476947535771066,0.47058823529411764,0.13114754098360656,9.342333654773386,0.8235294117647058,0.11475409836065574,8.174541947926711,0.8823529411764706,0.06172839506172839,4.397240377632534
cn7,1729,xgboost_balanced,all,inner_f1,0.24458381680934152,0.9006059710316286,0.022413830447800702,0.07645958031148035,0.1917808219178082,0.125,0.4117647058823529,0.20768009537365287,1145,49,10,7,0.5882352941176471,0.04103852596314908,1211,17,605,0.23529411764705882,0.3076923076923077,21.918552036199095,0.4117647058823529,0.1891891891891892,13.476947535771066,0.47058823529411764,0.13114754098360656,9.342333654773386,0.8235294117647058,0.11475409836065574,8.174541947926711,0.8823529411764706,0.06172839506172839,4.397240377632534
cn7,2026,dummy_prior,all,fixed_0.5,0.012478075417198298,0.4400433540250271,0.01385294799197435,0.07425260427207464,0.0,0.0,0.0,0.0,1194,0,17,0,1.0,0.0,1211,17,3,0.0,0.0,0.0,0.0,0.0,0.0,0.0,0.0,0.0,0.11764705882352941,0.01639344262295082,1.1677917068466732,0.17647058823529413,0.012345679012345678,0.8794480755265068
cn7,2026,dummy_prior,all,inner_f1,0.012478075417198298,0.4400433540250271,0.01385294799197435,0.07425260427207464,0.0,0.0,0.0,0.0,1194,0,17,0,1.0,0.0,1211,17,3,0.0,0.0,0.0,0.0,0.0,0.0,0.0,0.0,0.0,0.11764705882352941,0.01639344262295082,1.1677917068466732,0.17647058823529413,0.012345679012345678,0.8794480755265068
cn7,2026,logistic,all,fixed_0.5,0.4960916234705451,0.9523844713764903,0.009030861102884416,0.040134848343620244,0.5217391304347826,1.0,0.35294117647058826,0.5913707016836909,1194,0,11,6,0.6470588235294118,0.0,1211,17,609,0.4117647058823529,0.5384615384615384,38.35746606334841,0.5294117647058824,0.24324324324324326,17.3275039745628,0.6470588235294118,0.18032786885245902,12.845708775313405,0.7647058823529411,0.10655737704918032,7.5906460945033745,1.0,0.06995884773662552,4.983539094650205
cn7,2026,logistic,all,inner_f1,0.4960916234705451,0.9523844713764903,0.009030861102884416,0.040134848343620244,0.5217391304347826,1.0,0.35294117647058826,0.5913707016836909,1194,0,11,6,0.6470588235294118,0.0,1211,17,609,0.4117647058823529,0.5384615384615384,38.35746606334841,0.5294117647058824,0.24324324324324326,17.3275039745628,0.6470588235294118,0.18032786885245902,12.845708775313405,0.7647058823529411,0.10655737704918032,7.5906460945033745,1.0,0.06995884773662552,4.983539094650205
cn7,2026,logistic_balanced,all,fixed_0.5,0.45902955408498763,0.9376539560547837,0.037328342334329995,0.1284107259163122,0.27586206896551724,0.17142857142857143,0.7058823529411765,0.3313618223671215,1136,58,5,12,0.29411764705882354,0.048576214405360134,1211,17,612,0.4117647058823529,0.5384615384615384,38.35746606334841,0.47058823529411764,0.21621621621621623,15.402225755166933,0.6470588235294118,0.18032786885245902,12.845708775313405,0.8235294117647058,0.11475409836065574,8.174541947926711,0.9411764705882353,0.06584362139917696,4.690389736141371
cn7,2026,logistic_balanced,all,inner_f1,0.45902955408498763,0.9376539560547837,0.037328342334329995,0.1284107259163122,0.34782608695652173,0.6666666666666666,0.23529411764705882,0.3914405175019629,1192,2,13,4,0.7647058823529411,0.0016750418760469012,1211,17,612,0.4117647058823529,0.5384615384615384,38.35746606334841,0.47058823529411764,0.21621621621621623,15.402225755166933,0.6470588235294118,0.18032786885245902,12.845708775313405,0.8235294117647058,0.11475409836065574,8.174541947926711,0.9411764705882353,0.06584362139917696,4.690389736141371
cn7,2026,xgboost,all,fixed_0.5,0.09246466133769511,0.9159769435412355,0.013290285501977292,0.05805307576067836,0.0,0.0,0.0,0.0,1194,0,17,0,1.0,0.0,1211,17,425,0.058823529411764705,0.07692307692307693,5.479638009049774,0.23529411764705882,0.10810810810810811,7.7011128775834665,0.29411764705882354,0.08196721311475409,5.838958534233365,0.7058823529411765,0.09836065573770492,7.006750241080038,0.8823529411764706,0.06172839506172839,4.397240377632534
cn7,2026,xgboost,all,inner_f1,0.09246466133769511,0.9159769435412355,0.013290285501977292,0.05805307576067836,0.14213197969543148,0.07777777777777778,0.8235294117647058,0.22637845169574763,1028,166,3,14,0.17647058823529413,0.1390284757118928,1211,17,425,0.058823529411764705,0.07692307692307693,5.479638009049774,0.23529411764705882,0.10810810810810811,7.7011128775834665,0.29411764705882354,0.08196721311475409,5.838958534233365,0.7058823529411765,0.09836065573770492,7.006750241080038,0.8823529411764706,0.06172839506172839,4.397240377632534
cn7,2026,xgboost_balanced,all,fixed_0.5,0.4835360539133494,0.9555867573159917,0.02287478371729584,0.0732758445511183,0.26229508196721313,0.18181818181818182,0.47058823529411764,0.276916687844233,1158,36,9,8,0.5294117647058824,0.03015075376884422,1211,17,606,0.35294117647058826,0.46153846153846156,32.87782805429865,0.47058823529411764,0.21621621621621623,15.402225755166933,0.7058823529411765,0.19672131147540983,14.013500482160076,0.8823529411764706,0.12295081967213115,8.758437801350048,0.9411764705882353,0.06584362139917696,4.690389736141371
cn7,2026,xgboost_balanced,all,inner_f1,0.4835360539133494,0.9555867573159917,0.02287478371729584,0.0732758445511183,0.24778761061946902,0.14583333333333334,0.8235294117647058,0.3287121702452798,1112,82,3,14,0.17647058823529413,0.06867671691792294,1211,17,606,0.35294117647058826,0.46153846153846156,32.87782805429865,0.47058823529411764,0.21621621621621623,15.402225755166933,0.7058823529411765,0.19672131147540983,14.013500482160076,0.8823529411764706,0.12295081967213115,8.758437801350048,0.9411764705882353,0.06584362139917696,4.690389736141371
pooled,42,dummy_prior,all,fixed_0.5,0.01695328354376041,0.4838467926515566,0.017244456953670075,0.08838729115040439,0.0,0.0,0.0,0.0,2351,0,42,0,1.0,0.0,2393,42,3,0.0,0.0,0.0,0.0,0.0,0.0,0.023809523809523808,0.008333333333333333,0.47480158730158734,0.11904761904761904,0.020833333333333332,1.1870039682539681,0.21428571428571427,0.018789144050104383,1.0705338502833284
pooled,42,dummy_prior,all,inner_f1,0.01695328354376041,0.4838467926515566,0.017244456953670075,0.08838729115040439,0.0,0.0,0.0,0.0,2351,0,42,0,1.0,0.0,2393,42,3,0.0,0.0,0.0,0.0,0.0,0.0,0.023809523809523808,0.008333333333333333,0.47480158730158734,0.11904761904761904,0.020833333333333332,1.1870039682539681,0.21428571428571427,0.018789144050104383,1.0705338502833284
pooled,42,dummy_prior,cn7,fixed_0.5,0.012885405619560619,0.45970046309981283,0.013855657986035613,0.07427614510954415,0.0,0.0,0.0,0.0,1194,0,17,0,1.0,0.0,1211,17,3,0.0,0.0,0.0,0.0,0.0,0.0,0.058823529411764705,0.01639344262295082,1.1677917068466732,0.11764705882352941,0.01639344262295082,1.1677917068466732,0.17647058823529413,0.012345679012345678,0.8794480755265068
pooled,42,dummy_prior,cn7,inner_f1,0.012885405619560619,0.45970046309981283,0.013855657986035613,0.07427614510954415,0.0,0.0,0.0,0.0,1194,0,17,0,1.0,0.0,1211,17,3,0.0,0.0,0.0,0.0,0.0,0.0,0.058823529411764705,0.01639344262295082,1.1677917068466732,0.11764705882352941,0.01639344262295082,1.1677917068466732,0.17647058823529413,0.012345679012345678,0.8794480755265068
pooled,42,dummy_prior,rg3,fixed_0.5,0.021564798508235783,0.500553154710458,0.020716399043183894,0.10284464974218252,0.0,0.0,0.0,0.0,1157,0,25,0,1.0,0.0,1182,25,3,0.0,0.0,0.0,0.0,0.0,0.0,0.04,0.016666666666666666,0.788,0.12,0.025210084033613446,1.1919327731092437,0.24,0.02531645569620253,1.1969620253164557
pooled,42,dummy_prior,rg3,inner_f1,0.021564798508235783,0.500553154710458,0.020716399043183894,0.10284464974218252,0.0,0.0,0.0,0.0,1157,0,25,0,1.0,0.0,1182,25,3,0.0,0.0,0.0,0.0,0.0,0.0,0.04,0.016666666666666666,0.788,0.12,0.025210084033613446,1.1919327731092437,0.24,0.02531645569620253,1.1969620253164557
pooled,42,logistic,all,fixed_0.5,0.19327565537404404,0.7298312774705799,0.015137797358582367,0.07813321041004505,0.25,1.0,0.14285714285714285,0.37510347286714535,2351,0,36,6,0.8571428571428571,0.0,2393,42,1200,0.14285714285714285,0.25,14.24404761904762,0.23809523809523808,0.1388888888888889,7.913359788359789,0.2857142857142857,0.1,5.697619047619048,0.3333333333333333,0.058333333333333334,3.3236111111111115,0.42857142857142855,0.037578288100208766,2.1410677005666567
pooled,42,logistic,all,inner_f1,0.19327565537404404,0.7298312774705799,0.015137797358582367,0.07813321041004505,0.25,1.0,0.14285714285714285,0.37510347286714535,2351,0,36,6,0.8571428571428571,0.0,2393,42,1200,0.14285714285714285,0.25,14.24404761904762,0.23809523809523808,0.1388888888888889,7.913359788359789,0.2857142857142857,0.1,5.697619047619048,0.3333333333333333,0.058333333333333334,3.3236111111111115,0.42857142857142855,0.037578288100208766,2.1410677005666567
pooled,42,logistic,cn7,fixed_0.5,0.4458141947550073,0.9122327322888956,0.009281017707335788,0.04379221408936079,0.5217391304347826,1.0,0.35294117647058826,0.5913707016836909,1194,0,11,6,0.6470588235294118,0.0,1211,17,606,0.35294117647058826,0.46153846153846156,32.87782805429865,0.47058823529411764,0.21621621621621623,15.402225755166933,0.5882352941176471,0.16393442622950818,11.67791706846673,0.7058823529411765,0.09836065573770492,7.006750241080038,0.9411764705882353,0.06584362139917696,4.690389736141371
pooled,42,logistic,cn7,inner_f1,0.4458141947550073,0.9122327322888956,0.009281017707335788,0.04379221408936079,0.5217391304347826,1.0,0.35294117647058826,0.5913707016836909,1194,0,11,6,0.6470588235294118,0.0,1211,17,606,0.35294117647058826,0.46153846153846156,32.87782805429865,0.47058823529411764,0.21621621621621623,15.402225755166933,0.5882352941176471,0.16393442622950818,11.67791706846673,0.7058823529411765,0.09836065573770492,7.006750241080038,0.9411764705882353,0.06584362139917696,4.690389736141371
pooled,42,logistic,rg3,fixed_0.5,0.026378910720359666,0.46528954191875543,0.021138271265231774,0.11331675232573762,0.0,0.0,0.0,0.0,1157,0,25,0,1.0,0.0,1182,25,594,0.0,0.0,0.0,0.12,0.08333333333333333,3.94,0.12,0.05,2.3640000000000003,0.12,0.025210084033613446,1.1919327731092437,0.2,0.02109704641350211,0.9974683544303797
pooled,42,logistic,rg3,inner_f1,0.026378910720359666,0.46528954191875543,0.021138271265231774,0.11331675232573762,0.0,0.0,0.0,0.0,1157,0,25,0,1.0,0.0,1182,25,594,0.0,0.0,0.0,0.12,0.08333333333333333,3.94,0.12,0.05,2.3640000000000003,0.12,0.025210084033613446,1.1919327731092437,0.2,0.02109704641350211,0.9974683544303797
pooled,42,logistic_balanced,all,fixed_0.5,0.1472281226495375,0.7299426789005692,0.16978760342491897,0.5140482959260735,0.06576980568011959,0.03508771929824561,0.5238095238095238,0.07957447475681938,1746,605,20,22,0.47619047619047616,0.25733730327520205,2393,42,1201,0.14285714285714285,0.25,14.24404761904762,0.19047619047619047,0.1111111111111111,6.330687830687831,0.23809523809523808,0.08333333333333333,4.748015873015873,0.2857142857142857,0.05,2.848809523809524,0.42857142857142855,0.037578288100208766,2.1410677005666567
pooled,42,logistic_balanced,all,inner_f1,0.1472281226495375,0.7299426789005692,0.16978760342491897,0.5140482959260735,0.1935483870967742,0.3,0.14285714285714285,0.197468403691875,2337,14,36,6,0.8571428571428571,0.005954912803062527,2393,42,1201,0.14285714285714285,0.25,14.24404761904762,0.19047619047619047,0.1111111111111111,6.330687830687831,0.23809523809523808,0.08333333333333333,4.748015873015873,0.2857142857142857,0.05,2.848809523809524,0.42857142857142855,0.037578288100208766,2.1410677005666567
pooled,42,logistic_balanced,cn7,fixed_0.5,0.386423431953717,0.9161247413538279,0.07516371538753833,0.24882044294401598,0.16455696202531644,0.09219858156028368,0.7647058823529411,0.24116987109859278,1066,128,4,13,0.23529411764705882,0.10720268006700168,1211,17,606,0.35294117647058826,0.46153846153846156,32.87782805429865,0.4117647058823529,0.1891891891891892,13.476947535771066,0.47058823529411764,0.13114754098360656,9.342333654773386,0.7058823529411765,0.09836065573770492,7.006750241080038,0.9411764705882353,0.06584362139917696,4.690389736141371
pooled,42,logistic_balanced,cn7,inner_f1,0.386423431953717,0.9161247413538279,0.07516371538753833,0.24882044294401598,0.41379310344827586,0.5,0.35294117647058826,0.4132385933652887,1188,6,11,6,0.6470588235294118,0.005025125628140704,1211,17,606,0.35294117647058826,0.46153846153846156,32.87782805429865,0.4117647058823529,0.1891891891891892,13.476947535771066,0.47058823529411764,0.13114754098360656,9.342333654773386,0.7058823529411765,0.09836065573770492,7.006750241080038,0.9411764705882353,0.06584362139917696,4.690389736141371
pooled,42,logistic_balanced,rg3,fixed_0.5,0.020962111314784385,0.4603111495246326,0.266733058935298,0.7857834312570985,0.03522504892367906,0.018518518518518517,0.36,-0.015285947122034597,680,477,16,9,0.64,0.41227312013828865,1182,25,595,0.0,0.0,0.0,0.04,0.027777777777777776,1.3133333333333332,0.08,0.03333333333333333,1.576,0.08,0.01680672268907563,0.7946218487394958,0.12,0.012658227848101266,0.5984810126582278
pooled,42,logistic_balanced,rg3,inner_f1,0.020962111314784385,0.4603111495246326,0.266733058935298,0.7857834312570985,0.0,0.0,0.0,-0.012134287202379811,1149,8,25,0,1.0,0.006914433880726016,1182,25,595,0.0,0.0,0.0,0.04,0.027777777777777776,1.3133333333333332,0.08,0.03333333333333333,1.576,0.08,0.01680672268907563,0.7946218487394958,0.12,0.012658227848101266,0.5984810126582278
pooled,42,xgboost,all,fixed_0.5,0.21003784368494524,0.7365052358672095,0.0163484927874053,0.07849854983174256,0.0,0.0,0.0,0.0,2351,0,42,0,1.0,0.0,2393,42,1196,0.16666666666666666,0.2916666666666667,16.618055555555557,0.2619047619047619,0.1527777777777778,8.704695767195767,0.3333333333333333,0.11666666666666667,6.647222222222223,0.35714285714285715,0.0625,3.561011904761905,0.42857142857142855,0.037578288100208766,2.1410677005666567
pooled,42,xgboost,all,inner_f1,0.21003784368494524,0.7365052358672095,0.0163484927874053,0.07849854983174256,0.1956521739130435,0.18,0.21428571428571427,0.18072037889085887,2310,41,33,9,0.7857142857142857,0.017439387494683115,2393,42,1196,0.16666666666666666,0.2916666666666667,16.618055555555557,0.2619047619047619,0.1527777777777778,8.704695767195767,0.3333333333333333,0.11666666666666667,6.647222222222223,0.35714285714285715,0.0625,3.561011904761905,0.42857142857142855,0.037578288100208766,2.1410677005666567
pooled,42,xgboost,cn7,fixed_0.5,0.4802944417785282,0.9559316188787074,0.011819160065553138,0.04811273433957178,0.0,0.0,0.0,0.0,1194,0,17,0,1.0,0.0,1211,17,606,0.4117647058823529,0.5384615384615384,38.35746606334841,0.47058823529411764,0.21621621621621623,15.402225755166933,0.6470588235294118,0.18032786885245902,12.845708775313405,0.8823529411764706,0.12295081967213115,8.758437801350048,0.9411764705882353,0.06584362139917696,4.690389736141371
pooled,42,xgboost,cn7,inner_f1,0.4802944417785282,0.9559316188787074,0.011819160065553138,0.04811273433957178,0.3050847457627119,0.21428571428571427,0.5294117647058824,0.32262833619273784,1161,33,8,9,0.47058823529411764,0.02763819095477387,1211,17,606,0.4117647058823529,0.5384615384615384,38.35746606334841,0.47058823529411764,0.21621621621621623,15.402225755166933,0.6470588235294118,0.18032786885245902,12.845708775313405,0.8823529411764706,0.12295081967213115,8.758437801350048,0.9411764705882353,0.06584362139917696,4.690389736141371
pooled,42,xgboost,rg3,fixed_0.5,0.03670119892071554,0.4101123595505618,0.02098895126977668,0.10962987179537949,0.0,0.0,0.0,0.0,1157,0,25,0,1.0,0.0,1182,25,591,0.04,0.08333333333333333,3.94,0.04,0.027777777777777776,1.3133333333333332,0.04,0.016666666666666666,0.788,0.04,0.008403361344537815,0.3973109243697479,0.08,0.008438818565400843,0.3989873417721519
pooled,42,xgboost,rg3,inner_f1,0.03670119892071554,0.4101123595505618,0.02098895126977668,0.10962987179537949,0.0,0.0,0.0,-0.012134287202379811,1149,8,25,0,1.0,0.006914433880726016,1182,25,591,0.04,0.08333333333333333,3.94,0.04,0.027777777777777776,1.3133333333333332,0.04,0.016666666666666666,0.788,0.04,0.008403361344537815,0.3973109243697479,0.08,0.008438818565400843,0.3989873417721519
pooled,42,xgboost_balanced,all,fixed_0.5,0.15537379076212834,0.7579044378278746,0.05139528717436227,0.18345561568118304,0.13978494623655913,0.09027777777777778,0.30952380952380953,0.14014301707067875,2220,131,29,13,0.6904761904761905,0.05572096980008507,2393,42,1197,0.19047619047619047,0.3333333333333333,18.99206349206349,0.19047619047619047,0.1111111111111111,6.330687830687831,0.30952380952380953,0.10833333333333334,6.172420634920635,0.3333333333333333,0.058333333333333334,3.3236111111111115,0.5,0.04384133611691023,2.4979123173277666
pooled,42,xgboost_balanced,all,inner_f1,0.15537379076212834,0.7579044378278746,0.05139528717436227,0.18345561568118304,0.15217391304347827,0.14,0.16666666666666666,0.13622134440139802,2308,43,35,7,0.8333333333333334,0.018290089323692044,2393,42,1197,0.19047619047619047,0.3333333333333333,18.99206349206349,0.19047619047619047,0.1111111111111111,6.330687830687831,0.30952380952380953,0.10833333333333334,6.172420634920635,0.3333333333333333,0.058333333333333334,3.3236111111111115,0.5,0.04384133611691023,2.4979123173277666
pooled,42,xgboost_balanced,cn7,fixed_0.5,0.37293046728708273,0.9450438466844023,0.03320287610257189,0.11146127210172464,0.24719101123595505,0.1527777777777778,0.6470588235294118,0.2964988042974337,1133,61,6,11,0.35294117647058826,0.05108877721943048,1211,17,606,0.47058823529411764,0.6153846153846154,43.83710407239819,0.47058823529411764,0.21621621621621623,15.402225755166933,0.5882352941176471,0.16393442622950818,11.67791706846673,0.8235294117647058,0.11475409836065574,8.174541947926711,0.9411764705882353,0.06584362139917696,4.690389736141371
pooled,42,xgboost_balanced,cn7,inner_f1,0.37293046728708273,0.9450438466844023,0.03320287610257189,0.11146127210172464,0.358974358974359,0.3181818181818182,0.4117647058823529,0.3516551216999532,1179,15,10,7,0.5882352941176471,0.01256281407035176,1211,17,606,0.47058823529411764,0.6153846153846154,43.83710407239819,0.47058823529411764,0.21621621621621623,15.402225755166933,0.5882352941176471,0.16393442622950818,11.67791706846673,0.8235294117647058,0.11475409836065574,8.174541947926711,0.9411764705882353,0.06584362139917696,4.690389736141371
pooled,42,xgboost_balanced,rg3,fixed_0.5,0.023663661809284135,0.5014520311149524,0.07003404335705107,0.257216317944063,0.041237113402061855,0.027777777777777776,0.08,0.011730450266130456,1087,70,23,2,0.92,0.06050129645635264,1182,25,591,0.0,0.0,0.0,0.08,0.05555555555555555,2.6266666666666665,0.08,0.03333333333333333,1.576,0.08,0.01680672268907563,0.7946218487394958,0.2,0.02109704641350211,0.9974683544303797
pooled,42,xgboost_balanced,rg3,inner_f1,0.023663661809284135,0.5014520311149524,0.07003404335705107,0.257216317944063,0.0,0.0,0.0,-0.022897044918495257,1129,28,25,0,1.0,0.024200518582541054,1182,25,591,0.0,0.0,0.0,0.08,0.05555555555555555,2.6266666666666665,0.08,0.03333333333333333,1.576,0.08,0.01680672268907563,0.7946218487394958,0.2,0.02109704641350211,0.9974683544303797
pooled,1729,dummy_prior,all,fixed_0.5,0.01635972918063457,0.45167203419011154,0.017258766182701158,0.08878761969670941,0.0,0.0,0.0,0.0,2351,0,42,0,1.0,0.0,2393,42,2,0.0,0.0,0.0,0.0,0.0,0.0,0.0,0.0,0.0,0.047619047619047616,0.008333333333333333,0.47480158730158734,0.14285714285714285,0.012526096033402923,0.713689233522219
pooled,1729,dummy_prior,all,inner_f1,0.01635972918063457,0.45167203419011154,0.017258766182701158,0.08878761969670941,0.0,0.0,0.0,0.0,2351,0,42,0,1.0,0.0,2393,42,2,0.0,0.0,0.0,0.0,0.0,0.0,0.0,0.0,0.0,0.047619047619047616,0.008333333333333333,0.47480158730158734,0.14285714285714285,0.012526096033402923,0.713689233522219
pooled,1729,dummy_prior,cn7,fixed_0.5,0.013070355295404925,0.45056163168785096,0.013866627474249788,0.07456674177176054,0.0,0.0,0.0,0.0,1194,0,17,0,1.0,0.0,1211,17,2,0.0,0.0,0.0,0.0,0.0,0.0,0.0,0.0,0.0,0.058823529411764705,0.00819672131147541,0.5838958534233366,0.11764705882352941,0.00823045267489712,0.5862987170176713
pooled,1729,dummy_prior,cn7,inner_f1,0.013070355295404925,0.45056163168785096,0.013866627474249788,0.07456674177176054,0.0,0.0,0.0,0.0,1194,0,17,0,1.0,0.0,1211,17,2,0.0,0.0,0.0,0.0,0.0,0.0,0.0,0.0,0.0,0.058823529411764705,0.00819672131147541,0.5838958534233366,0.11764705882352941,0.00823045267489712,0.5862987170176713
pooled,1729,dummy_prior,rg3,fixed_0.5,0.01972927241962775,0.4523249783923941,0.020734129952527384,0.1033574024100031,0.0,0.0,0.0,0.0,1157,0,25,0,1.0,0.0,1182,25,2,0.0,0.0,0.0,0.0,0.0,0.0,0.0,0.0,0.0,0.04,0.008403361344537815,0.3973109243697479,0.16,0.016877637130801686,0.7979746835443038
pooled,1729,dummy_prior,rg3,inner_f1,0.01972927241962775,0.4523249783923941,0.020734129952527384,0.1033574024100031,0.0,0.0,0.0,0.0,1157,0,25,0,1.0,0.0,1182,25,2,0.0,0.0,0.0,0.0,0.0,0.0,0.0,0.0,0.0,0.04,0.008403361344537815,0.3973109243697479,0.16,0.016877637130801686,0.7979746835443038
pooled,1729,logistic,all,fixed_0.5,0.19819506230351794,0.7321605800976283,0.014991980919553963,0.0775807179561299,0.25,1.0,0.14285714285714285,0.37510347286714535,2351,0,36,6,0.8571428571428571,0.0,2393,42,1197,0.16666666666666666,0.2916666666666667,16.618055555555557,0.23809523809523808,0.1388888888888889,7.913359788359789,0.2857142857142857,0.1,5.697619047619048,0.30952380952380953,0.05416666666666667,3.0862103174603175,0.5,0.04384133611691023,2.4979123173277666
pooled,1729,logistic,all,inner_f1,0.19819506230351794,0.7321605800976283,0.014991980919553963,0.0775807179561299,0.25,1.0,0.14285714285714285,0.37510347286714535,2351,0,36,6,0.8571428571428571,0.0,2393,42,1197,0.16666666666666666,0.2916666666666667,16.618055555555557,0.23809523809523808,0.1388888888888889,7.913359788359789,0.2857142857142857,0.1,5.697619047619048,0.30952380952380953,0.05416666666666667,3.0862103174603175,0.5,0.04384133611691023,2.4979123173277666
pooled,1729,logistic,cn7,fixed_0.5,0.457294731783536,0.9111981476007488,0.009100912397930342,0.04333108115649103,0.5217391304347826,1.0,0.35294117647058826,0.5913707016836909,1194,0,11,6,0.6470588235294118,0.0,1211,17,606,0.35294117647058826,0.46153846153846156,32.87782805429865,0.47058823529411764,0.21621621621621623,15.402225755166933,0.5882352941176471,0.16393442622950818,11.67791706846673,0.7058823529411765,0.09836065573770492,7.006750241080038,0.8823529411764706,0.06172839506172839,4.397240377632534
pooled,1729,logistic,cn7,inner_f1,0.457294731783536,0.9111981476007488,0.009100912397930342,0.04333108115649103,0.5217391304347826,1.0,0.35294117647058826,0.5913707016836909,1194,0,11,6,0.6470588235294118,0.0,1211,17,606,0.35294117647058826,0.46153846153846156,32.87782805429865,0.47058823529411764,0.21621621621621623,15.402225755166933,0.5882352941176471,0.16393442622950818,11.67791706846673,0.7058823529411765,0.09836065573770492,7.006750241080038,0.8823529411764706,0.06172839506172839,4.397240377632534
pooled,1729,logistic,rg3,fixed_0.5,0.027440977429001825,0.506637856525497,0.02102758496328172,0.1126706588735264,0.0,0.0,0.0,0.0,1157,0,25,0,1.0,0.0,1182,25,591,0.04,0.08333333333333333,3.94,0.04,0.027777777777777776,1.3133333333333332,0.08,0.03333333333333333,1.576,0.08,0.01680672268907563,0.7946218487394958,0.16,0.016877637130801686,0.7979746835443038
pooled,1729,logistic,rg3,inner_f1,0.027440977429001825,0.506637856525497,0.02102758496328172,0.1126706588735264,0.0,0.0,0.0,0.0,1157,0,25,0,1.0,0.0,1182,25,591,0.04,0.08333333333333333,3.94,0.04,0.027777777777777776,1.3133333333333332,0.08,0.03333333333333333,1.576,0.08,0.01680672268907563,0.7946218487394958,0.16,0.016877637130801686,0.7979746835443038
pooled,1729,logistic_balanced,all,fixed_0.5,0.19657158147406342,0.7394118004496567,0.1667631653298063,0.4916304374699214,0.0730593607305936,0.03902439024390244,0.5714285714285714,0.09617455218170937,1760,591,18,24,0.42857142857142855,0.2513823904721395,2393,42,1200,0.16666666666666666,0.2916666666666667,16.618055555555557,0.21428571428571427,0.125,7.12202380952381,0.23809523809523808,0.08333333333333333,4.748015873015873,0.40476190476190477,0.07083333333333333,4.035813492063492,0.5714285714285714,0.05010438413361169,2.854756934088876
pooled,1729,logistic_balanced,all,inner_f1,0.19657158147406342,0.7394118004496567,0.1667631653298063,0.4916304374699214,0.125,0.18181818181818182,0.09523809523809523,0.12050015451084954,2333,18,38,4,0.9047619047619048,0.0076563164610803916,2393,42,1200,0.16666666666666666,0.2916666666666667,16.618055555555557,0.21428571428571427,0.125,7.12202380952381,0.23809523809523808,0.08333333333333333,4.748015873015873,0.40476190476190477,0.07083333333333333,4.035813492063492,0.5714285714285714,0.05010438413361169,2.854756934088876
pooled,1729,logistic_balanced,cn7,fixed_0.5,0.45879993683460907,0.9237116957335698,0.07234970449564306,0.2389364396095949,0.1780821917808219,0.10077519379844961,0.7647058823529411,0.2545682198272697,1078,116,4,13,0.23529411764705882,0.09715242881072027,1211,17,606,0.35294117647058826,0.46153846153846156,32.87782805429865,0.5294117647058824,0.24324324324324326,17.3275039745628,0.6470588235294118,0.18032786885245902,12.845708775313405,0.7647058823529411,0.10655737704918032,7.5906460945033745,0.9411764705882353,0.06584362139917696,4.690389736141371
pooled,1729,logistic_balanced,cn7,inner_f1,0.45879993683460907,0.9237116957335698,0.07234970449564306,0.2389364396095949,0.24242424242424243,0.25,0.23529411764705882,0.23207889803493226,1182,12,13,4,0.7647058823529411,0.010050251256281407,1211,17,606,0.35294117647058826,0.46153846153846156,32.87782805429865,0.5294117647058824,0.24324324324324326,17.3275039745628,0.6470588235294118,0.18032786885245902,12.845708775313405,0.7647058823529411,0.10655737704918032,7.5906460945033745,0.9411764705882353,0.06584362139917696,4.690389736141371
pooled,1729,logistic_balanced,rg3,fixed_0.5,0.03365734149989632,0.4939152981849611,0.2634930308714067,0.750524203467261,0.043052837573385516,0.02263374485596708,0.44,0.008613509886225845,682,475,14,11,0.56,0.4105445116681072,1182,25,594,0.04,0.08333333333333333,3.94,0.04,0.027777777777777776,1.3133333333333332,0.04,0.016666666666666666,0.788,0.12,0.025210084033613446,1.1919327731092437,0.28,0.029535864978902954,1.3964556962025316
pooled,1729,logistic_balanced,rg3,inner_f1,0.03365734149989632,0.4939152981849611,0.2634930308714067,0.750524203467261,0.0,0.0,0.0,-0.010499661286390264,1151,6,25,0,1.0,0.005185825410544511,1182,25,594,0.04,0.08333333333333333,3.94,0.04,0.027777777777777776,1.3133333333333332,0.04,0.016666666666666666,0.788,0.12,0.025210084033613446,1.1919327731092437,0.28,0.029535864978902954,1.3964556962025316
pooled,1729,xgboost,all,fixed_0.5,0.11783823259263836,0.7170099856190881,0.016716762770856063,0.08106980480048252,0.0,0.0,0.0,0.0,2351,0,42,0,1.0,0.0,2393,42,1197,0.11904761904761904,0.20833333333333334,11.870039682539684,0.23809523809523808,0.1388888888888889,7.913359788359789,0.2857142857142857,0.1,5.697619047619048,0.3333333333333333,0.058333333333333334,3.3236111111111115,0.5,0.04384133611691023,2.4979123173277666
pooled,1729,xgboost,all,inner_f1,0.11783823259263836,0.7170099856190881,0.016716762770856063,0.08106980480048252,0.17699115044247787,0.14084507042253522,0.23809523809523808,0.16418418572396448,2290,61,32,10,0.7619047619047619,0.025946405784772437,2393,42,1197,0.11904761904761904,0.20833333333333334,11.870039682539684,0.23809523809523808,0.1388888888888889,7.913359788359789,0.2857142857142857,0.1,5.697619047619048,0.3333333333333333,0.058333333333333334,3.3236111111111115,0.5,0.04384133611691023,2.4979123173277666
pooled,1729,xgboost,cn7,fixed_0.5,0.2664161160326589,0.9504138338752587,0.012478298626173728,0.051316596397107506,0.0,0.0,0.0,0.0,1194,0,17,0,1.0,0.0,1211,17,606,0.11764705882352941,0.15384615384615385,10.959276018099548,0.4117647058823529,0.1891891891891892,13.476947535771066,0.5882352941176471,0.16393442622950818,11.67791706846673,0.7647058823529411,0.10655737704918032,7.5906460945033745,1.0,0.06995884773662552,4.983539094650205
pooled,1729,xgboost,cn7,inner_f1,0.2664161160326589,0.9504138338752587,0.012478298626173728,0.051316596397107506,0.29411764705882354,0.19607843137254902,0.5882352941176471,0.324445312460716,1153,41,7,10,0.4117647058823529,0.03433835845896147,1211,17,606,0.11764705882352941,0.15384615384615385,10.959276018099548,0.4117647058823529,0.1891891891891892,13.476947535771066,0.5882352941176471,0.16393442622950818,11.67791706846673,0.7647058823529411,0.10655737704918032,7.5906460945033745,1.0,0.06995884773662552,4.983539094650205
pooled,1729,xgboost,rg3,fixed_0.5,0.017598004967581543,0.37892826274848745,0.021059216306566986,0.11155299885842428,0.0,0.0,0.0,0.0,1157,0,25,0,1.0,0.0,1182,25,591,0.0,0.0,0.0,0.0,0.0,0.0,0.04,0.016666666666666666,0.788,0.04,0.008403361344537815,0.3973109243697479,0.2,0.02109704641350211,0.9974683544303797
pooled,1729,xgboost,rg3,inner_f1,0.017598004967581543,0.37892826274848745,0.021059216306566986,0.11155299885842428,0.0,0.0,0.0,-0.019284805304063662,1137,20,25,0,1.0,0.01728608470181504,1182,25,591,0.0,0.0,0.0,0.0,0.0,0.0,0.04,0.016666666666666666,0.788,0.04,0.008403361344537815,0.3973109243697479,0.2,0.02109704641350211,0.9974683544303797
pooled,1729,xgboost_balanced,all,fixed_0.5,0.06786050958341441,0.7364647262563043,0.04601570029786915,0.17089840445057392,0.13333333333333333,0.09259259259259259,0.23809523809523808,0.12424000253054714,2253,98,32,10,0.7619047619047619,0.04168438962143769,2393,42,1197,0.11904761904761904,0.20833333333333334,11.870039682539684,0.11904761904761904,0.06944444444444445,3.9566798941798944,0.2619047619047619,0.09166666666666666,5.22281746031746,0.30952380952380953,0.05416666666666667,3.0862103174603175,0.5238095238095238,0.04592901878914405,2.616860522914803
pooled,1729,xgboost_balanced,all,inner_f1,0.06786050958341441,0.7364647262563043,0.04601570029786915,0.17089840445057392,0.10344827586206896,0.1875,0.07142857142857142,0.10618306685289794,2338,13,39,3,0.9285714285714286,0.00552956188855806,2393,42,1197,0.11904761904761904,0.20833333333333334,11.870039682539684,0.11904761904761904,0.06944444444444445,3.9566798941798944,0.2619047619047619,0.09166666666666666,5.22281746031746,0.30952380952380953,0.05416666666666667,3.0862103174603175,0.5238095238095238,0.04592901878914405,2.616860522914803
pooled,1729,xgboost_balanced,cn7,fixed_0.5,0.1571183176459204,0.9303625973002266,0.030084422587930707,0.10592410804448646,0.2608695652173913,0.17307692307692307,0.5294117647058824,0.28633928735357195,1151,43,8,9,0.47058823529411764,0.036013400335008376,1211,17,606,0.23529411764705882,0.3076923076923077,21.918552036199095,0.23529411764705882,0.10810810810810811,7.7011128775834665,0.5882352941176471,0.16393442622950818,11.67791706846673,0.7647058823529411,0.10655737704918032,7.5906460945033745,0.9411764705882353,0.06584362139917696,4.690389736141371
pooled,1729,xgboost_balanced,cn7,inner_f1,0.1571183176459204,0.9303625973002266,0.030084422587930707,0.10592410804448646,0.16,0.25,0.11764705882352941,0.16355800131045334,1188,6,15,2,0.8823529411764706,0.005025125628140704,1211,17,606,0.23529411764705882,0.3076923076923077,21.918552036199095,0.23529411764705882,0.10810810810810811,7.7011128775834665,0.5882352941176471,0.16393442622950818,11.67791706846673,0.7647058823529411,0.10655737704918032,7.5906460945033745,0.9411764705882353,0.06584362139917696,4.690389736141371
pooled,1729,xgboost_balanced,rg3,fixed_0.5,0.031161315342679775,0.4908038029386344,0.06233784691947275,0.237466824880161,0.024691358024691357,0.017857142857142856,0.04,-0.005104539878530961,1102,55,24,1,0.96,0.04753673292999136,1182,25,591,0.04,0.08333333333333333,3.94,0.04,0.027777777777777776,1.3133333333333332,0.04,0.016666666666666666,0.788,0.08,0.01680672268907563,0.7946218487394958,0.16,0.016877637130801686,0.7979746835443038
pooled,1729,xgboost_balanced,rg3,inner_f1,0.031161315342679775,0.4908038029386344,0.06233784691947275,0.237466824880161,0.06060606060606061,0.125,0.04,0.059579350163684874,1150,7,24,1,0.96,0.006050129645635264,1182,25,591,0.04,0.08333333333333333,3.94,0.04,0.027777777777777776,1.3133333333333332,0.04,0.016666666666666666,0.788,0.08,0.01680672268907563,0.7946218487394958,0.16,0.016877637130801686,0.7979746835443038
pooled,2026,dummy_prior,all,fixed_0.5,0.015074388555685714,0.4111573595835612,0.01729168538792141,0.08968785749783488,0.0,0.0,0.0,0.0,2351,0,42,0,1.0,0.0,2393,42,3,0.0,0.0,0.0,0.023809523809523808,0.013888888888888888,0.7913359788359788,0.047619047619047616,0.016666666666666666,0.9496031746031747,0.07142857142857142,0.0125,0.712202380952381,0.11904761904761904,0.010438413361169102,0.5947410279351825
pooled,2026,dummy_prior,all,inner_f1,0.015074388555685714,0.4111573595835612,0.01729168538792141,0.08968785749783488,0.0,0.0,0.0,0.0,2351,0,42,0,1.0,0.0,2393,42,3,0.0,0.0,0.0,0.023809523809523808,0.013888888888888888,0.7913359788359788,0.047619047619047616,0.016666666666666666,0.9496031746031747,0.07142857142857142,0.0125,0.712202380952381,0.11904761904761904,0.010438413361169102,0.5947410279351825
pooled,2026,dummy_prior,cn7,fixed_0.5,0.011715655567497579,0.3419548724012218,0.013895703067678566,0.07534788408879424,0.0,0.0,0.0,0.0,1194,0,17,0,1.0,0.0,1211,17,3,0.0,0.0,0.0,0.058823529411764705,0.02702702702702703,1.9252782193958666,0.058823529411764705,0.01639344262295082,1.1677917068466732,0.058823529411764705,0.00819672131147541,0.5838958534233366,0.058823529411764705,0.00411522633744856,0.29314935850883567
pooled,2026,dummy_prior,cn7,inner_f1,0.011715655567497579,0.3419548724012218,0.013895703067678566,0.07534788408879424,0.0,0.0,0.0,0.0,1194,0,17,0,1.0,0.0,1211,17,3,0.0,0.0,0.0,0.058823529411764705,0.02702702702702703,1.9252782193958666,0.058823529411764705,0.01639344262295082,1.1677917068466732,0.058823529411764705,0.00819672131147541,0.5838958534233366,0.058823529411764705,0.00411522633744856,0.29314935850883567
pooled,2026,dummy_prior,rg3,fixed_0.5,0.02029782110769067,0.45778738115816764,0.020770987071351263,0.10437965766564215,0.0,0.0,0.0,0.0,1157,0,25,0,1.0,0.0,1182,25,3,0.0,0.0,0.0,0.0,0.0,0.0,0.04,0.016666666666666666,0.788,0.08,0.01680672268907563,0.7946218487394958,0.16,0.016877637130801686,0.7979746835443038
pooled,2026,dummy_prior,rg3,inner_f1,0.02029782110769067,0.45778738115816764,0.020770987071351263,0.10437965766564215,0.0,0.0,0.0,0.0,1157,0,25,0,1.0,0.0,1182,25,3,0.0,0.0,0.0,0.0,0.0,0.0,0.04,0.016666666666666666,0.788,0.08,0.01680672268907563,0.7946218487394958,0.16,0.016877637130801686,0.7979746835443038
pooled,2026,logistic,all,fixed_0.5,0.17643451104805294,0.6444370176824451,0.015844480154053486,0.08776090166279851,0.24,0.75,0.14285714285714285,0.3230500538950879,2349,2,36,6,0.8571428571428571,0.0008507018290089324,2393,42,1200,0.16666666666666666,0.2916666666666667,16.618055555555557,0.19047619047619047,0.1111111111111111,6.330687830687831,0.19047619047619047,0.06666666666666667,3.7984126984126987,0.2619047619047619,0.04583333333333333,2.61140873015873,0.38095238095238093,0.033402922755741124,1.9031712893925836
pooled,2026,logistic,all,inner_f1,0.17643451104805294,0.6444370176824451,0.015844480154053486,0.08776090166279851,0.08071748878923767,0.04455445544554455,0.42857142857142855,0.09267899160514048,1965,386,24,18,0.5714285714285714,0.16418545299872395,2393,42,1200,0.16666666666666666,0.2916666666666667,16.618055555555557,0.19047619047619047,0.1111111111111111,6.330687830687831,0.19047619047619047,0.06666666666666667,3.7984126984126987,0.2619047619047619,0.04583333333333333,2.61140873015873,0.38095238095238093,0.033402922755741124,1.9031712893925836
pooled,2026,logistic,cn7,fixed_0.5,0.4194342830963587,0.8830672972706669,0.010308238561959494,0.05043364076947983,0.48,0.75,0.35294117647058826,0.5101349734661121,1192,2,11,6,0.6470588235294118,0.0016750418760469012,1211,17,607,0.35294117647058826,0.46153846153846156,32.87782805429865,0.4117647058823529,0.1891891891891892,13.476947535771066,0.4117647058823529,0.11475409836065574,8.174541947926711,0.5882352941176471,0.08196721311475409,5.838958534233365,0.8235294117647058,0.05761316872427984,4.104091019123699
pooled,2026,logistic,cn7,inner_f1,0.4194342830963587,0.8830672972706669,0.010308238561959494,0.05043364076947983,0.23157894736842105,0.14102564102564102,0.6470588235294118,0.28321181806170603,1127,67,6,11,0.35294117647058826,0.05611390284757119,1211,17,607,0.35294117647058826,0.46153846153846156,32.87782805429865,0.4117647058823529,0.1891891891891892,13.476947535771066,0.4117647058823529,0.11475409836065574,8.174541947926711,0.5882352941176471,0.08196721311475409,5.838958534233365,0.8235294117647058,0.05761316872427984,4.104091019123699
pooled,2026,logistic,rg3,fixed_0.5,0.017928125260158117,0.3783059636992222,0.02151655170060664,0.12600397521762838,0.0,0.0,0.0,0.0,1157,0,25,0,1.0,0.0,1182,25,593,0.0,0.0,0.0,0.04,0.027777777777777776,1.3133333333333332,0.04,0.016666666666666666,0.788,0.04,0.008403361344537815,0.3973109243697479,0.12,0.012658227848101266,0.5984810126582278
pooled,2026,logistic,rg3,inner_f1,0.017928125260158117,0.3783059636992222,0.02151655170060664,0.12600397521762838,0.039886039886039885,0.02147239263803681,0.28,0.001380191406346225,838,319,18,7,0.72,0.2757130509939499,1182,25,593,0.0,0.0,0.0,0.04,0.027777777777777776,1.3133333333333332,0.04,0.016666666666666666,0.788,0.04,0.008403361344537815,0.3973109243697479,0.12,0.012658227848101266,0.5984810126582278
pooled,2026,logistic_balanced,all,fixed_0.5,0.09739128829594,0.6553239756132143,0.16080947312401359,0.4876175890624878,0.05778491171749599,0.03098106712564544,0.42857142857142855,0.05791255372119869,1788,563,24,18,0.5714285714285714,0.23947256486601445,2393,42,1199,0.14285714285714285,0.25,14.24404761904762,0.14285714285714285,0.08333333333333333,4.748015873015873,0.16666666666666666,0.058333333333333334,3.3236111111111115,0.21428571428571427,0.0375,2.1366071428571427,0.35714285714285715,0.031315240083507306,1.7842230838055473
pooled,2026,logistic_balanced,all,inner_f1,0.09739128829594,0.6553239756132143,0.16080947312401359,0.4876175890624878,0.08333333333333333,0.3333333333333333,0.047619047619047616,0.12056707400961554,2347,4,40,2,0.9523809523809523,0.0017014036580178648,2393,42,1199,0.14285714285714285,0.25,14.24404761904762,0.14285714285714285,0.08333333333333333,4.748015873015873,0.16666666666666666,0.058333333333333334,3.3236111111111115,0.21428571428571427,0.0375,2.1366071428571427,0.35714285714285715,0.031315240083507306,1.7842230838055473
pooled,2026,logistic_balanced,cn7,fixed_0.5,0.2575902634585424,0.8790274903931422,0.06773020532248056,0.23683591563215378,0.15151515151515152,0.08695652173913043,0.5882352941176471,0.20077013286785272,1089,105,7,10,0.4117647058823529,0.08793969849246232,1211,17,606,0.29411764705882354,0.38461538461538464,27.39819004524887,0.35294117647058826,0.16216216216216217,11.551669316375198,0.4117647058823529,0.11475409836065574,8.174541947926711,0.6470588235294118,0.09016393442622951,6.422854387656702,0.8235294117647058,0.05761316872427984,4.104091019123699
pooled,2026,logistic_balanced,cn7,inner_f1,0.2575902634585424,0.8790274903931422,0.06773020532248056,0.23683591563215378,0.17391304347826086,0.3333333333333333,0.11764705882352941,0.1915103333202349,1190,4,15,2,0.8823529411764706,0.0033500837520938024,1211,17,606,0.29411764705882354,0.38461538461538464,27.39819004524887,0.35294117647058826,0.16216216216216217,11.551669316375198,0.4117647058823529,0.11475409836065574,8.174541947926711,0.6470588235294118,0.09016393442622951,6.422854387656702,0.8235294117647058,0.05761316872427984,4.104091019123699
pooled,2026,logistic_balanced,rg3,fixed_0.5,0.016822661170151937,0.37685393258426964,0.25617241162456905,0.7445521123485578,0.032586558044806514,0.017167381974248927,0.32,-0.022333175046849233,699,458,17,8,0.68,0.3958513396715644,1182,25,593,0.0,0.0,0.0,0.0,0.0,0.0,0.0,0.0,0.0,0.04,0.008403361344537815,0.3973109243697479,0.08,0.008438818565400843,0.3989873417721519
pooled,2026,logistic_balanced,rg3,inner_f1,0.016822661170151937,0.37685393258426964,0.25617241162456905,0.7445521123485578,0.0,0.0,0.0,0.0,1157,0,25,0,1.0,0.0,1182,25,593,0.0,0.0,0.0,0.0,0.0,0.0,0.0,0.0,0.0,0.04,0.008403361344537815,0.3973109243697479,0.08,0.008438818565400843,0.3989873417721519
pooled,2026,xgboost,all,fixed_0.5,0.04912381339289322,0.6630815661015577,0.017177895688496713,0.08613019791426696,0.0,0.0,0.0,0.0,2351,0,42,0,1.0,0.0,2393,42,1197,0.07142857142857142,0.125,7.12202380952381,0.09523809523809523,0.05555555555555555,3.1653439153439153,0.21428571428571427,0.075,4.273214285714285,0.30952380952380953,0.05416666666666667,3.0862103174603175,0.38095238095238093,0.033402922755741124,1.9031712893925836
pooled,2026,xgboost,all,inner_f1,0.04912381339289322,0.6630815661015577,0.017177895688496713,0.08613019791426696,0.07725321888412018,0.04245283018867924,0.42857142857142855,0.08799940701810334,1945,406,24,18,0.5714285714285714,0.17269247128881327,2393,42,1197,0.07142857142857142,0.125,7.12202380952381,0.09523809523809523,0.05555555555555555,3.1653439153439153,0.21428571428571427,0.075,4.273214285714285,0.30952380952380953,0.05416666666666667,3.0862103174603175,0.38095238095238093,0.033402922755741124,1.9031712893925836
pooled,2026,xgboost,cn7,fixed_0.5,0.11495119909751893,0.9023795447827372,0.013327967576465993,0.05808667309656765,0.0,0.0,0.0,0.0,1194,0,17,0,1.0,0.0,1211,17,606,0.058823529411764705,0.07692307692307693,5.479638009049774,0.17647058823529413,0.08108108108108109,5.775834658187599,0.4117647058823529,0.11475409836065574,8.174541947926711,0.8235294117647058,0.11475409836065574,8.174541947926711,0.8235294117647058,0.05761316872427984,4.104091019123699
pooled,2026,xgboost,cn7,inner_f1,0.11495119909751893,0.9023795447827372,0.013327967576465993,0.05808667309656765,0.1568627450980392,0.08823529411764706,0.7058823529411765,0.22432149749986383,1070,124,5,12,0.29411764705882354,0.10385259631490787,1211,17,606,0.058823529411764705,0.07692307692307693,5.479638009049774,0.17647058823529413,0.08108108108108109,5.775834658187599,0.4117647058823529,0.11475409836065574,8.174541947926711,0.8235294117647058,0.11475409836065574,8.174541947926711,0.8235294117647058,0.05761316872427984,4.104091019123699
pooled,2026,xgboost,rg3,fixed_0.5,0.015873031833630855,0.3597752808988764,0.021122280581617872,0.11486176183493858,0.0,0.0,0.0,0.0,1157,0,25,0,1.0,0.0,1182,25,591,0.0,0.0,0.0,0.0,0.0,0.0,0.0,0.0,0.0,0.04,0.008403361344537815,0.3973109243697479,0.08,0.008438818565400843,0.3989873417721519
pooled,2026,xgboost,rg3,inner_f1,0.015873031833630855,0.3597752808988764,0.021122280581617872,0.11486176183493858,0.038338658146964855,0.020833333333333332,0.24,-0.0012514746830756167,875,282,19,6,0.76,0.24373379429559205,1182,25,591,0.0,0.0,0.0,0.0,0.0,0.0,0.0,0.0,0.0,0.04,0.008403361344537815,0.3973109243697479,0.08,0.008438818565400843,0.3989873417721519
pooled,2026,xgboost_balanced,all,fixed_0.5,0.05740434300499597,0.6213364120637621,0.04796196518656191,0.1818593471133024,0.06172839506172839,0.041666666666666664,0.11904761904761904,0.04219669891877434,2236,115,37,5,0.8809523809523809,0.04891535516801361,2393,42,1196,0.07142857142857142,0.125,7.12202380952381,0.09523809523809523,0.05555555555555555,3.1653439153439153,0.11904761904761904,0.041666666666666664,2.3740079365079363,0.14285714285714285,0.025,1.424404761904762,0.4523809523809524,0.03966597077244259,2.2600159061536935
pooled,2026,xgboost_balanced,all,inner_f1,0.05740434300499597,0.6213364120637621,0.04796196518656191,0.1818593471133024,0.07035175879396985,0.044585987261146494,0.16666666666666666,0.0545542722734071,2201,150,35,7,0.8333333333333334,0.06380263717566993,2393,42,1196,0.07142857142857142,0.125,7.12202380952381,0.09523809523809523,0.05555555555555555,3.1653439153439153,0.11904761904761904,0.041666666666666664,2.3740079365079363,0.14285714285714285,0.025,1.424404761904762,0.4523809523809524,0.03966597077244259,2.2600159061536935
pooled,2026,xgboost_balanced,cn7,fixed_0.5,0.12598375435957693,0.8566114888166322,0.030473989802128877,0.10846931749022057,0.10526315789473684,0.075,0.17647058823529413,0.09576975572286814,1157,37,14,3,0.8235294117647058,0.03098827470686767,1211,17,606,0.17647058823529413,0.23076923076923078,16.438914027149323,0.17647058823529413,0.08108108108108109,5.775834658187599,0.17647058823529413,0.04918032786885246,3.503375120540019,0.5882352941176471,0.08196721311475409,5.838958534233365,0.7058823529411765,0.04938271604938271,3.5177923021060273
pooled,2026,xgboost_balanced,cn7,inner_f1,0.12598375435957693,0.8566114888166322,0.030473989802128877,0.10846931749022057,0.0967741935483871,0.06666666666666667,0.17647058823529413,0.08788140484689001,1152,42,14,3,0.8235294117647058,0.035175879396984924,1211,17,606,0.17647058823529413,0.23076923076923078,16.438914027149323,0.17647058823529413,0.08108108108108109,5.775834658187599,0.17647058823529413,0.04918032786885246,3.503375120540019,0.5882352941176471,0.08196721311475409,5.838958534233365,0.7058823529411765,0.04938271604938271,3.5177923021060273
pooled,2026,xgboost_balanced,rg3,fixed_0.5,0.023460989883374462,0.4225583405358686,0.06587900257281268,0.25704997813999625,0.0380952380952381,0.025,0.08,0.0072082345383578305,1079,78,23,2,0.92,0.06741573033707865,1182,25,591,0.04,0.08333333333333333,3.94,0.04,0.027777777777777776,1.3133333333333332,0.08,0.03333333333333333,1.576,0.12,0.025210084033613446,1.1919327731092437,0.24,0.02531645569620253,1.1969620253164557
pooled,2026,xgboost_balanced,rg3,inner_f1,0.023460989883374462,0.4225583405358686,0.06587900257281268,0.25704997813999625,0.058394160583941604,0.03571428571428571,0.16,0.032746843597890374,1049,108,21,4,0.84,0.09334485738980121,1182,25,591,0.04,0.08333333333333333,3.94,0.04,0.027777777777777776,1.3133333333333332,0.08,0.03333333333333333,1.576,0.12,0.025210084033613446,1.1919327731092437,0.24,0.02531645569620253,1.1969620253164557
rg3,42,dummy_prior,all,fixed_0.5,0.019526226734348562,0.45913569576490926,0.020715770396901062,0.10279182321842775,0.0,0.0,0.0,0.0,1157,0,25,0,1.0,0.0,1182,25,3,0.0,0.0,0.0,0.04,0.027777777777777776,1.3133333333333332,0.04,0.016666666666666666,0.788,0.12,0.025210084033613446,1.1919327731092437,0.16,0.016877637130801686,0.7979746835443038
rg3,42,dummy_prior,all,inner_f1,0.019526226734348562,0.45913569576490926,0.020715770396901062,0.10279182321842775,0.0,0.0,0.0,0.0,1157,0,25,0,1.0,0.0,1182,25,3,0.0,0.0,0.0,0.04,0.027777777777777776,1.3133333333333332,0.04,0.016666666666666666,0.788,0.12,0.025210084033613446,1.1919327731092437,0.16,0.016877637130801686,0.7979746835443038
rg3,42,logistic,all,fixed_0.5,0.017791323497322778,0.3872255834053587,0.022079826659040156,0.12218363748842337,0.0,0.0,0.0,0.0,1157,0,25,0,1.0,0.0,1182,25,591,0.0,0.0,0.0,0.04,0.027777777777777776,1.3133333333333332,0.04,0.016666666666666666,0.788,0.08,0.01680672268907563,0.7946218487394958,0.08,0.008438818565400843,0.3989873417721519
rg3,42,logistic,all,inner_f1,0.017791323497322778,0.3872255834053587,0.022079826659040156,0.12218363748842337,0.028314028314028315,0.014627659574468085,0.44,-0.05995126883362825,416,741,14,11,0.56,0.6404494382022472,1182,25,591,0.0,0.0,0.0,0.04,0.027777777777777776,1.3133333333333332,0.04,0.016666666666666666,0.788,0.08,0.01680672268907563,0.7946218487394958,0.08,0.008438818565400843,0.3989873417721519
rg3,42,logistic_balanced,all,fixed_0.5,0.017411703272123387,0.37630077787381155,0.2149706279246917,0.6558072226060235,0.0160857908847185,0.008620689655172414,0.12,-0.05625162632420578,812,345,22,3,0.88,0.29818496110630943,1182,25,591,0.0,0.0,0.0,0.04,0.027777777777777776,1.3133333333333332,0.04,0.016666666666666666,0.788,0.04,0.008403361344537815,0.3973109243697479,0.08,0.008438818565400843,0.3989873417721519
rg3,42,logistic_balanced,all,inner_f1,0.017411703272123387,0.37630077787381155,0.2149706279246917,0.6558072226060235,0.029906542056074768,0.01568627450980392,0.32,-0.03308393709871981,655,502,17,8,0.68,0.4338807260155575,1182,25,591,0.0,0.0,0.0,0.04,0.027777777777777776,1.3133333333333332,0.04,0.016666666666666666,0.788,0.04,0.008403361344537815,0.3973109243697479,0.08,0.008438818565400843,0.3989873417721519
rg3,42,xgboost,all,fixed_0.5,0.02130526652514695,0.33073465859982715,0.02100510234343043,0.11004014285161705,0.0,0.0,0.0,0.0,1157,0,25,0,1.0,0.0,1182,25,591,0.04,0.08333333333333333,3.94,0.04,0.027777777777777776,1.3133333333333332,0.04,0.016666666666666666,0.788,0.04,0.008403361344537815,0.3973109243697479,0.08,0.008438818565400843,0.3989873417721519
rg3,42,xgboost,all,inner_f1,0.02130526652514695,0.33073465859982715,0.02100510234343043,0.11004014285161705,0.025839793281653745,0.013812154696132596,0.2,-0.03388689311374545,800,357,20,5,0.8,0.30855661192739847,1182,25,591,0.04,0.08333333333333333,3.94,0.04,0.027777777777777776,1.3133333333333332,0.04,0.016666666666666666,0.788,0.04,0.008403361344537815,0.3973109243697479,0.08,0.008438818565400843,0.3989873417721519
rg3,42,xgboost_balanced,all,fixed_0.5,0.023442656967435964,0.4576145203111495,0.05100798465199626,0.2066059541865879,0.0,0.0,0.0,-0.02529716417958477,1123,34,25,0,1.0,0.029386343993085567,1182,25,591,0.0,0.0,0.0,0.04,0.027777777777777776,1.3133333333333332,0.12,0.05,2.3640000000000003,0.16,0.03361344537815126,1.5892436974789916,0.2,0.02109704641350211,0.9974683544303797
rg3,42,xgboost_balanced,all,inner_f1,0.023442656967435964,0.4576145203111495,0.05100798465199626,0.2066059541865879,0.04597701149425287,0.03225806451612903,0.08,0.018162802687672095,1097,60,23,2,0.92,0.05185825410544512,1182,25,591,0.0,0.0,0.0,0.04,0.027777777777777776,1.3133333333333332,0.12,0.05,2.3640000000000003,0.16,0.03361344537815126,1.5892436974789916,0.2,0.02109704641350211,0.9974683544303797
rg3,1729,dummy_prior,all,fixed_0.5,0.019255499153976313,0.445514261019879,0.0207318749087411,0.10320949314610053,0.0,0.0,0.0,0.0,1157,0,25,0,1.0,0.0,1182,25,2,0.0,0.0,0.0,0.0,0.0,0.0,0.04,0.016666666666666666,0.788,0.04,0.008403361344537815,0.3973109243697479,0.08,0.008438818565400843,0.3989873417721519
rg3,1729,dummy_prior,all,inner_f1,0.019255499153976313,0.445514261019879,0.0207318749087411,0.10320949314610053,0.0,0.0,0.0,0.0,1157,0,25,0,1.0,0.0,1182,25,2,0.0,0.0,0.0,0.0,0.0,0.0,0.04,0.016666666666666666,0.788,0.04,0.008403361344537815,0.3973109243697479,0.08,0.008438818565400843,0.3989873417721519
rg3,1729,logistic,all,fixed_0.5,0.01819190146169519,0.42981849611063094,0.021334213975410802,0.11467563178780084,0.0,0.0,0.0,0.0,1157,0,25,0,1.0,0.0,1182,25,591,0.0,0.0,0.0,0.0,0.0,0.0,0.04,0.016666666666666666,0.788,0.04,0.008403361344537815,0.3973109243697479,0.08,0.008438818565400843,0.3989873417721519
rg3,1729,logistic,all,inner_f1,0.01819190146169519,0.42981849611063094,0.021334213975410802,0.11467563178780084,0.050808314087759814,0.02696078431372549,0.44,0.02931776674643224,760,397,14,11,0.56,0.34312878133102853,1182,25,591,0.0,0.0,0.0,0.0,0.0,0.0,0.04,0.016666666666666666,0.788,0.04,0.008403361344537815,0.3973109243697479,0.08,0.008438818565400843,0.3989873417721519
rg3,1729,logistic_balanced,all,fixed_0.5,0.01832339806432117,0.4334831460674158,0.2064413182707567,0.6153649037585697,0.010899182561307902,0.005847953216374269,0.08,-0.06786104385702386,817,340,23,2,0.92,0.2938634399308557,1182,25,591,0.0,0.0,0.0,0.0,0.0,0.0,0.04,0.016666666666666666,0.788,0.04,0.008403361344537815,0.3973109243697479,0.08,0.008438818565400843,0.3989873417721519
rg3,1729,logistic_balanced,all,inner_f1,0.01832339806432117,0.4334831460674158,0.2064413182707567,0.6153649037585697,0.04540023894862605,0.023399014778325122,0.76,0.02314919428607435,364,793,6,19,0.24,0.6853932584269663,1182,25,591,0.0,0.0,0.0,0.0,0.0,0.0,0.04,0.016666666666666666,0.788,0.04,0.008403361344537815,0.3973109243697479,0.08,0.008438818565400843,0.3989873417721519
rg3,1729,xgboost,all,fixed_0.5,0.016838231511010233,0.398980121002593,0.021039995226633596,0.10939272653405702,0.0,0.0,0.0,0.0,1157,0,25,0,1.0,0.0,1182,25,591,0.0,0.0,0.0,0.0,0.0,0.0,0.0,0.0,0.0,0.0,0.0,0.0,0.04,0.004219409282700422,0.19949367088607595
rg3,1729,xgboost,all,inner_f1,0.016838231511010233,0.398980121002593,0.021039995226633596,0.10939272653405702,0.04311774461028192,0.02249134948096886,0.52,0.009115414069136652,592,565,12,13,0.48,0.48833189282627487,1182,25,591,0.0,0.0,0.0,0.0,0.0,0.0,0.0,0.0,0.0,0.0,0.0,0.0,0.04,0.004219409282700422,0.19949367088607595
rg3,1729,xgboost_balanced,all,fixed_0.5,0.02728640776720574,0.49834053586862576,0.05062082552029142,0.2017623145633139,0.031746031746031744,0.02631578947368421,0.04,0.0065425415670047615,1120,37,24,1,0.96,0.03197925669835782,1182,25,591,0.04,0.08333333333333333,3.94,0.04,0.027777777777777776,1.3133333333333332,0.04,0.016666666666666666,0.788,0.12,0.025210084033613446,1.1919327731092437,0.28,0.029535864978902954,1.3964556962025316
rg3,1729,xgboost_balanced,all,inner_f1,0.02728640776720574,0.49834053586862576,0.05062082552029142,0.2017623145633139,0.04772234273318872,0.02522935779816514,0.44,0.021671220425129575,732,425,14,11,0.56,0.36732929991356955,1182,25,591,0.04,0.08333333333333333,3.94,0.04,0.027777777777777776,1.3133333333333332,0.04,0.016666666666666666,0.788,0.12,0.025210084033613446,1.1919327731092437,0.28,0.029535864978902954,1.3964556962025316
rg3,2026,dummy_prior,all,fixed_0.5,0.020203045685279187,0.4727571305099395,0.020710402226287717,0.10265339267451346,0.0,0.0,0.0,0.0,1157,0,25,0,1.0,0.0,1182,25,2,0.0,0.0,0.0,0.0,0.0,0.0,0.0,0.0,0.0,0.08,0.01680672268907563,0.7946218487394958,0.12,0.012658227848101266,0.5984810126582278
rg3,2026,dummy_prior,all,inner_f1,0.020203045685279187,0.4727571305099395,0.020710402226287717,0.10265339267451346,0.0,0.0,0.0,0.0,1157,0,25,0,1.0,0.0,1182,25,2,0.0,0.0,0.0,0.0,0.0,0.0,0.0,0.0,0.0,0.08,0.01680672268907563,0.7946218487394958,0.12,0.012658227848101266,0.5984810126582278
rg3,2026,logistic,all,fixed_0.5,0.026961980262355252,0.4280898876404494,0.021064950738781604,0.11357267389641074,0.0,0.0,0.0,0.0,1157,0,25,0,1.0,0.0,1182,25,591,0.04,0.08333333333333333,3.94,0.08,0.05555555555555555,2.6266666666666665,0.08,0.03333333333333333,1.576,0.12,0.025210084033613446,1.1919327731092437,0.16,0.016877637130801686,0.7979746835443038
rg3,2026,logistic,all,inner_f1,0.026961980262355252,0.4280898876404494,0.021064950738781604,0.11357267389641074,0.03600654664484452,0.01877133105802048,0.44,-0.016396403058924668,582,575,14,11,0.56,0.4969749351771824,1182,25,591,0.04,0.08333333333333333,3.94,0.08,0.05555555555555555,2.6266666666666665,0.08,0.03333333333333333,1.576,0.12,0.025210084033613446,1.1919327731092437,0.16,0.016877637130801686,0.7979746835443038
rg3,2026,logistic_balanced,all,fixed_0.5,0.020485542449146826,0.4201382886776146,0.20964318002338336,0.6121671279220272,0.03183023872679045,0.017045454545454544,0.24,-0.018579790153456146,811,346,19,6,0.76,0.2990492653414002,1182,25,591,0.0,0.0,0.0,0.0,0.0,0.0,0.08,0.03333333333333333,1.576,0.12,0.025210084033613446,1.1919327731092437,0.2,0.02109704641350211,0.9974683544303797
rg3,2026,logistic_balanced,all,inner_f1,0.020485542449146826,0.4201382886776146,0.20964318002338336,0.6121671279220272,0.038834951456310676,0.02040816326530612,0.4,-0.004341908674899539,677,480,15,10,0.6,0.41486603284356094,1182,25,591,0.0,0.0,0.0,0.0,0.0,0.0,0.08,0.03333333333333333,1.576,0.12,0.025210084033613446,1.1919327731092437,0.2,0.02109704641350211,0.9974683544303797
rg3,2026,xgboost,all,fixed_0.5,0.01800360030402138,0.40499567847882456,0.020943240866301702,0.10764899176513036,0.0,0.0,0.0,0.0,1157,0,25,0,1.0,0.0,1182,25,591,0.0,0.0,0.0,0.0,0.0,0.0,0.0,0.0,0.0,0.04,0.008403361344537815,0.3973109243697479,0.16,0.016877637130801686,0.7979746835443038
rg3,2026,xgboost,all,inner_f1,0.01800360030402138,0.40499567847882456,0.020943240866301702,0.10764899176513036,0.03994673768308921,0.02066115702479339,0.6,-0.004292021362584287,446,711,10,15,0.4,0.6145203111495247,1182,25,591,0.0,0.0,0.0,0.0,0.0,0.0,0.0,0.0,0.0,0.04,0.008403361344537815,0.3973109243697479,0.16,0.016877637130801686,0.7979746835443038
rg3,2026,xgboost_balanced,all,fixed_0.5,0.030859221293762538,0.5177700950734657,0.05595592985150956,0.21829232294645368,0.0759493670886076,0.05555555555555555,0.12,0.05231716742586622,1106,51,22,3,0.88,0.04407951598962835,1182,25,591,0.04,0.08333333333333333,3.94,0.08,0.05555555555555555,2.6266666666666665,0.12,0.05,2.3640000000000003,0.12,0.025210084033613446,1.1919327731092437,0.24,0.02531645569620253,1.1969620253164557
rg3,2026,xgboost_balanced,all,inner_f1,0.030859221293762538,0.5177700950734657,0.05595592985150956,0.21829232294645368,0.037914691943127965,0.021505376344086023,0.16,0.001065544955922742,975,182,21,4,0.84,0.15730337078651685,1182,25,591,0.04,0.08333333333333333,3.94,0.08,0.05555555555555555,2.6266666666666665,0.12,0.05,2.3640000000000003,0.12,0.025210084033613446,1.1919327731092437,0.24,0.02531645569620253,1.1969620253164557
