product_group,feature,constant,class_0_mean,class_1_mean,mean_gap,auc_high_value,auc_direction_free,rank_biserial,first_decile_auc_high_value,first_decile_auc_direction_free,class_0_median,class_1_median,overall_min,overall_max
cn7,Injection_Time,False,0.009360474492749174,-0.6574356790810774,-0.6667961535738265,0.5537737708148586,0.5537737708148586,0.10754754162971714,0.3392156862745098,0.6607843137254902,-0.3270136055008128,0.8766531397287465,-7.549090604630035,2.080358148834239
cn7,Filling_Time,False,0.009477353264054756,-0.665644693958113,-0.6751220472221677,0.5596117844122573,0.5596117844122573,0.11922356882451468,0.35238095238095235,0.6476190476190476,-0.1204612053339201,1.0884423010556434,-7.776798839482837,2.2973265925758373
cn7,Plasticizing_Time,False,0.006107110487812401,-0.42893470132001016,-0.4350418118078226,0.19122573652576608,0.8087742634742339,-0.6175485269484678,0.7473389355742297,0.7473389355742297,-0.0362736804202659,-0.4289330492486325,-0.7234252354354558,20.038456444622817
cn7,Cycle_Time,False,-0.0017341464027491567,0.12179828264375266,0.12353242904650182,0.5776923834860578,0.5776923834860578,0.15538476697211556,0.3641456582633053,0.6358543417366946,0.3610474934661032,0.3610474934661032,-3.706092122256563,12.562466340634105
cn7,Clamp_Close_Time,False,-0.017083566916891762,1.1998693469852761,1.216952913902168,0.7914572864321607,0.7914572864321607,0.5829145728643215,0.473109243697479,0.526890756302521,-0.9024657082140384,0.978580361513066,-0.9024657082140384,2.8595367380268515
cn7,Cushion_Position,False,0.018080500360182383,-1.2698892602617757,-1.2879697606219582,0.23270765592669232,0.7672923440733077,-0.5345846881466154,0.3313725490196079,0.6686274509803921,-0.7111644212715653,-0.7111644212715653,-2.6131626139519994,6.9435031517245385
cn7,Plasticizing_Position,False,-0.021306707488402764,1.4964828671240566,1.5177895746124594,0.8696915952310573,0.8696915952310573,0.7393831904621146,0.572829131652661,0.572829131652661,-0.642289796896626,1.4716080594590133,-2.8769620681080283,1.592428553832081
cn7,Clamp_Open_Position,True,0.0,0.0,0.0,0.5,0.5,0.0,0.5,0.5,0.0,0.0,0.0,0.0
cn7,Max_Injection_Speed,False,-0.03886936934937914,2.7300015884213282,2.7688709577707074,0.4479751699674845,0.5520248300325155,-0.10404966006503102,0.6717086834733893,0.6717086834733893,0.0157555730929931,-0.3736314040685661,-1.5417849086143902,9.555703092326354
cn7,Max_Screw_RPM,False,0.0035420979042382027,-0.24878028809814598,-0.25232238600238416,0.4554635924721648,0.5445364075278352,-0.08907281505567044,0.5277310924369747,0.5277310924369747,0.0495531864788385,0.0495531864788385,-2.486329715676401,3.4307518863528785
cn7,Average_Screw_RPM,False,0.0028500304605127533,-0.20017272763537888,-0.20302275809589163,0.43982165730613854,0.5601783426938615,-0.12035668538772293,0.6372549019607843,0.6372549019607843,-0.1320216408453801,-0.1320216408453801,-1.2905901162753592,16.086876378791573
cn7,Max_Injection_Pressure,False,0.017215976216397172,-1.2091691530734148,-1.226385129289812,0.3284806384865504,0.6715193615134496,-0.3430387230268992,0.35490196078431374,0.6450980392156862,0.6352098982042783,-0.409975441194734,-10.861190943613664,1.6802357647104924
cn7,Max_Switch_Over_Pressure,False,-0.012053879242928235,0.8466077538845331,0.8586616331274614,0.757784018129865,0.757784018129865,0.5155680362597299,0.6518207282913165,0.6518207282913165,-0.0104813786226104,1.256517846341055,-10.462947080871016,2.206755182294159
cn7,Max_Back_Pressure,False,0.021008050407439777,-1.4755065992051504,-1.49651464961259,0.14836437087397772,0.8516356291260223,-0.7032712582520446,0.4277310924369748,0.5722689075630252,0.3148060504532315,-1.444462344385676,-2.8518757180415357,1.546295269055734
cn7,Average_Back_Pressure,False,0.019091138179319598,-1.3408717050654158,-1.3599628432447353,0.1552123361907577,0.8447876638092423,-0.6895753276184846,0.38795518207282914,0.6120448179271709,0.2284900749383611,-1.2960369510559453,-6.631852464101554,1.7530171009326676
cn7,Barrel_Temperature_1,False,0.0025824045872507887,-0.18137594571761878,-0.18395835030486957,0.4535668538772293,0.5464331461227707,-0.09286629224554144,0.4249299719887955,0.5750700280112044,0.0561532265506022,-0.392505381545769,-2.6356615106427927,3.196558116147952
cn7,Barrel_Temperature_2,False,0.0036900861594362316,-0.2591742867299591,-0.26286437288939535,0.3902601241501626,0.6097398758498374,-0.21947975169967482,0.44145658263305326,0.5585434173669468,0.0673582143946439,-0.2101562914368412,-2.9859790408526248,3.398379398248631
cn7,Barrel_Temperature_3,False,-0.0005258485284926341,0.03693312606063544,0.03745897458912807,0.5348556508030349,0.5348556508030349,0.06971130160606975,0.48431372549019613,0.5156862745098039,-0.0377282136292905,0.279582480052895,-2.8933307975112963,3.135185063934901
cn7,Barrel_Temperature_4,False,-0.0015152819057155105,0.10642627032058397,0.10794155222629948,0.5353975761158735,0.5353975761158735,0.07079515223174693,0.5224089635854342,0.5224089635854342,-0.0061169997432728,-0.0061169997432728,-2.0468263785328964,2.5447599929202678
cn7,Barrel_Temperature_5,False,0.002719351427064941,-0.19099444728877563,-0.19371379871584057,0.4643068282589418,0.5356931717410582,-0.07138634348211637,0.45826330532212883,0.5417366946778712,0.0081329123687887,0.0081329123687887,-4.6079757210645935,3.393298026547383
cn7,Barrel_Temperature_6,False,-0.0024757238245032803,0.17388319096550497,0.17635891479000826,0.5490935067494335,0.5490935067494335,0.09818701349886694,0.5795518207282914,0.5795518207282914,0.0131581009717891,0.4685574366511583,-2.719098944738335,2.745415146681913
cn7,Hopper_Temperature,False,0.009491757011126783,-0.6666563453699217,-0.6761481023810485,0.2886244950241403,0.7113755049758597,-0.42275100995171944,0.6929971988795519,0.6929971988795519,-0.1689960260879038,-0.9747332447501422,-2.0826161573510205,2.5503536397578515
cn7,Mold_Temperature_3,False,-0.017322588905017363,1.216657126622925,1.2339797155279422,0.8942260321213913,0.8942260321213913,0.7884520642427826,0.6142857142857143,0.6142857142857143,0.0931535038119879,1.237696596960285,-1.909795885896508,1.380763630852969
cn7,Mold_Temperature_4,False,-0.019457640336223776,1.366613091850061,1.3860707321862848,0.8921814957138634,0.8921814957138634,0.7843629914277268,0.6759103641456582,0.6759103641456582,-0.1556248453210512,1.3871048330551343,-1.648588866484916,1.4368695410664942
rg3,Injection_Time,False,0.0006287694263534444,-0.0290994490538664,-0.029728218480219844,0.4982713915298185,0.5017286084701815,-0.0034572169403630504,,,-0.0290994490538664,-0.0290994490538664,-8.627730385041827,8.569633990700348
rg3,Filling_Time,False,-0.0005643656744236286,0.02611884341231696,0.02668320908674059,0.5065687121866898,0.5065687121866898,0.013137424373379503,,,0.8385523411322893,0.8385523411322893,-1.1925314031676415,0.8385523411322893
rg3,Plasticizing_Time,False,-0.0037371612057429293,0.17295582060095113,0.17669298180669407,0.5609161624891962,0.5609161624891962,0.12183232497839236,,,-0.0425379310805704,0.1819418627781529,-2.7362312346710054,3.773532934232066
rg3,Cycle_Time,False,-0.00017958775202307127,0.008311321166229452,0.008490908918252523,0.5464649956784788,0.5464649956784788,0.09292999135695768,,,0.2495106849176261,0.2495106849176261,-1.3950399372025626,11.761887849595585
rg3,Clamp_Close_Time,False,-0.0039142599211242956,0.1811519491519807,0.185066209073105,0.5458772687986171,0.5458772687986171,0.09175453759723418,,,-0.3867898224103817,-0.3867898224103817,-1.8067254988278127,1.033078147747445
rg3,Cushion_Position,False,0.001337367952553493,-0.06189338871231602,-0.0632307566648695,0.49350043215211753,0.5064995678478825,-0.01299913569576494,,,-0.3170554100676889,0.4803259066678516,-1.9118180435387704,2.8676077756748666
rg3,Plasticizing_Position,False,0.002144933725464546,-0.09926753280592879,-0.10141246653139334,0.4731719965427831,0.5268280034572169,-0.05365600691443384,,,-0.1929275362983298,-0.1929275362983298,-2.537408527602385,2.932550301441406
rg3,Clamp_Open_Position,True,0.0,0.0,0.0,0.5,0.5,0.0,,,0.0,0.0,0.0,0.0
rg3,Max_Injection_Speed,False,0.0009021267696192566,-0.04175042689928442,-0.04265255366890367,0.501866897147796,0.501866897147796,0.0037337942955919523,,,-0.1673838074189474,0.6176451529252976,-2.5222910205480336,2.187583295011355
rg3,Max_Screw_RPM,False,-0.0030243225440581634,0.13996564733844097,0.14298996988249912,0.5380985306828003,0.5380985306828003,0.07619706136560067,,,-0.6657520460385278,0.6771090687267264,-2.0085875478583746,2.0199701834919805
rg3,Average_Screw_RPM,False,-0.002855732549602904,0.13216330239163407,0.13501903494123696,0.53028522039758,0.53028522039758,0.06057044079515994,,,-0.4217977735906751,-0.4217977735906751,-1.9605785402082003,2.655763759644376
rg3,Max_Injection_Pressure,False,-0.0004845725522381197,0.022426017714149094,0.022910590266387212,0.5001382886776146,0.5001382886776146,0.00027657735522912397,,,-0.1088018718162931,-0.1088018718162931,-3.3907009774255954,2.516677350426207
rg3,Max_Switch_Over_Pressure,False,-0.002180974993516595,0.10093552269940076,0.10311649769291735,0.5208470181503889,0.5208470181503889,0.04169403630077784,,,0.0757286837402434,0.0757286837402434,-13.791078364457531,1.5464428714788303
rg3,Max_Back_Pressure,False,-0.0016415791014908255,0.07597228081730781,0.07761385991879863,0.505324114088159,0.505324114088159,0.010648228176318053,,,-0.0858052415789946,-0.0858052415789946,-2.574681985283334,2.091966359624972
rg3,Average_Back_Pressure,False,-0.0013012316877548612,0.060221002509679794,0.061522234197434654,0.5049783923941228,0.5049783923941228,0.009956784788245576,,,0.0881251371927895,-0.1443797546506158,-2.4693754581561533,2.1806159488549217
rg3,Barrel_Temperature_1,False,0.002545724081428721,-0.11781611049063077,-0.1203618345720595,0.47490060501296455,0.5250993949870355,-0.0501987899740709,,,0.0966286110697729,0.0966286110697729,-3.166663722868448,2.660669421463303
rg3,Barrel_Temperature_2,False,0.0010859266881367727,-0.050256687124854836,-0.05134261381299161,0.49149524632670705,0.508504753673293,-0.017009507346585906,,,-0.0114522675403928,-0.0114522675403928,-2.1926292561524083,3.1390216698288818
rg3,Barrel_Temperature_3,False,0.0029666810446254935,-0.13729799874426038,-0.14026467978888588,0.4515989628349179,0.548401037165082,-0.09680207433016419,,,-0.0020813214763596,-0.0020813214763596,-2.46051520821568,2.4563525652629603
rg3,Barrel_Temperature_4,False,0.000990617495555091,-0.04584577769236598,-0.04683639518792107,0.49173725151253245,0.5082627484874676,-0.016525496974935105,,,0.0477492627171246,0.0477492627171246,-2.2922160097708995,2.095202139472129
rg3,Barrel_Temperature_5,False,-0.009630793730582602,0.44571313384758526,0.4553439275781679,0.6354537597234226,0.6354537597234226,0.2709075194468451,,,-0.030765304963843,0.2827274920584851,-4.419377469565401,4.357846859637714
rg3,Barrel_Temperature_6,False,-0.0009416399556381664,0.043579097145905854,0.04452073710154402,0.5209161624891963,0.5209161624891963,0.04183232497839251,,,0.1430046794462067,0.1430046794462067,-2.8399751984855137,2.628795957612796
rg3,Hopper_Temperature,False,0.0028956466935946643,-0.13401052897986185,-0.1369061756734565,0.4553327571305099,0.5446672428694901,-0.08933448573898017,,,0.0815466949454333,0.0815466949454333,-3.070513591715157,2.115134977632738
rg3,Mold_Temperature_3,False,0.0019089058821079097,-0.0883441642239705,-0.0902530701060784,0.47099394987035437,0.5290060501296456,-0.058012100259291266,,,0.1738253256592329,-0.1111411566953205,-1.963415139074561,1.598652302148429
rg3,Mold_Temperature_4,False,0.0017392494554753048,-0.08049246479939251,-0.08223171425486782,0.4699567847882455,0.5300432152117545,-0.06008643042350903,,,0.00205309691288,-0.3621219038297745,-2.0616090995758087,1.822932731362528
