product_group,model_a,model_b,fn_intersection,fn_union,fn_jaccard
cn7,logistic,logistic,11,11,1.0
cn7,logistic,logistic_balanced,11,15,0.7333333333333333
cn7,logistic,xgboost,6,15,0.4
cn7,logistic,xgboost_balanced,9,15,0.6
cn7,logistic,extratrees,11,11,1.0
cn7,logistic,extratrees_balanced,5,11,0.45454545454545453
cn7,logistic,catboost,11,11,1.0
cn7,logistic,catboost_balanced,10,13,0.7692307692307693
cn7,logistic,lightgbm,5,13,0.38461538461538464
cn7,logistic,lightgbm_balanced,9,15,0.6
cn7,logistic_balanced,logistic,11,15,0.7333333333333333
cn7,logistic_balanced,logistic_balanced,15,15,1.0
cn7,logistic_balanced,xgboost,8,17,0.47058823529411764
cn7,logistic_balanced,xgboost_balanced,11,17,0.6470588235294118
cn7,logistic_balanced,extratrees,11,15,0.7333333333333333
cn7,logistic_balanced,extratrees_balanced,5,15,0.3333333333333333
cn7,logistic_balanced,catboost,11,15,0.7333333333333333
cn7,logistic_balanced,catboost_balanced,10,17,0.5882352941176471
cn7,logistic_balanced,lightgbm,5,17,0.29411764705882354
cn7,logistic_balanced,lightgbm_balanced,11,17,0.6470588235294118
cn7,xgboost,logistic,6,15,0.4
cn7,xgboost,logistic_balanced,8,17,0.47058823529411764
cn7,xgboost,xgboost,10,10,1.0
cn7,xgboost,xgboost_balanced,9,14,0.6428571428571429
cn7,xgboost,extratrees,6,15,0.4
cn7,xgboost,extratrees_balanced,4,11,0.36363636363636365
cn7,xgboost,catboost,6,15,0.4
cn7,xgboost,catboost_balanced,8,14,0.5714285714285714
cn7,xgboost,lightgbm,6,11,0.5454545454545454
cn7,xgboost,lightgbm_balanced,9,14,0.6428571428571429
cn7,xgboost_balanced,logistic,9,15,0.6
cn7,xgboost_balanced,logistic_balanced,11,17,0.6470588235294118
cn7,xgboost_balanced,xgboost,9,14,0.6428571428571429
cn7,xgboost_balanced,xgboost_balanced,13,13,1.0
cn7,xgboost_balanced,extratrees,9,15,0.6
cn7,xgboost_balanced,extratrees_balanced,5,13,0.38461538461538464
cn7,xgboost_balanced,catboost,9,15,0.6
cn7,xgboost_balanced,catboost_balanced,11,14,0.7857142857142857
cn7,xgboost_balanced,lightgbm,7,13,0.5384615384615384
cn7,xgboost_balanced,lightgbm_balanced,13,13,1.0
cn7,extratrees,logistic,11,11,1.0
cn7,extratrees,logistic_balanced,11,15,0.7333333333333333
cn7,extratrees,xgboost,6,15,0.4
cn7,extratrees,xgboost_balanced,9,15,0.6
cn7,extratrees,extratrees,11,11,1.0
cn7,extratrees,extratrees_balanced,5,11,0.45454545454545453
cn7,extratrees,catboost,11,11,1.0
cn7,extratrees,catboost_balanced,10,13,0.7692307692307693
cn7,extratrees,lightgbm,5,13,0.38461538461538464
cn7,extratrees,lightgbm_balanced,9,15,0.6
cn7,extratrees_balanced,logistic,5,11,0.45454545454545453
cn7,extratrees_balanced,logistic_balanced,5,15,0.3333333333333333
cn7,extratrees_balanced,xgboost,4,11,0.36363636363636365
cn7,extratrees_balanced,xgboost_balanced,5,13,0.38461538461538464
cn7,extratrees_balanced,extratrees,5,11,0.45454545454545453
cn7,extratrees_balanced,extratrees_balanced,5,5,1.0
cn7,extratrees_balanced,catboost,5,11,0.45454545454545453
cn7,extratrees_balanced,catboost_balanced,5,12,0.4166666666666667
cn7,extratrees_balanced,lightgbm,3,9,0.3333333333333333
cn7,extratrees_balanced,lightgbm_balanced,5,13,0.38461538461538464
cn7,catboost,logistic,11,11,1.0
cn7,catboost,logistic_balanced,11,15,0.7333333333333333
cn7,catboost,xgboost,6,15,0.4
cn7,catboost,xgboost_balanced,9,15,0.6
cn7,catboost,extratrees,11,11,1.0
cn7,catboost,extratrees_balanced,5,11,0.45454545454545453
cn7,catboost,catboost,11,11,1.0
cn7,catboost,catboost_balanced,10,13,0.7692307692307693
cn7,catboost,lightgbm,5,13,0.38461538461538464
cn7,catboost,lightgbm_balanced,9,15,0.6
cn7,catboost_balanced,logistic,10,13,0.7692307692307693
cn7,catboost_balanced,logistic_balanced,10,17,0.5882352941176471
cn7,catboost_balanced,xgboost,8,14,0.5714285714285714
cn7,catboost_balanced,xgboost_balanced,11,14,0.7857142857142857
cn7,catboost_balanced,extratrees,10,13,0.7692307692307693
cn7,catboost_balanced,extratrees_balanced,5,12,0.4166666666666667
cn7,catboost_balanced,catboost,10,13,0.7692307692307693
cn7,catboost_balanced,catboost_balanced,12,12,1.0
cn7,catboost_balanced,lightgbm,7,12,0.5833333333333334
cn7,catboost_balanced,lightgbm_balanced,11,14,0.7857142857142857
cn7,lightgbm,logistic,5,13,0.38461538461538464
cn7,lightgbm,logistic_balanced,5,17,0.29411764705882354
cn7,lightgbm,xgboost,6,11,0.5454545454545454
cn7,lightgbm,xgboost_balanced,7,13,0.5384615384615384
cn7,lightgbm,extratrees,5,13,0.38461538461538464
cn7,lightgbm,extratrees_balanced,3,9,0.3333333333333333
cn7,lightgbm,catboost,5,13,0.38461538461538464
cn7,lightgbm,catboost_balanced,7,12,0.5833333333333334
cn7,lightgbm,lightgbm,7,7,1.0
cn7,lightgbm,lightgbm_balanced,7,13,0.5384615384615384
cn7,lightgbm_balanced,logistic,9,15,0.6
cn7,lightgbm_balanced,logistic_balanced,11,17,0.6470588235294118
cn7,lightgbm_balanced,xgboost,9,14,0.6428571428571429
cn7,lightgbm_balanced,xgboost_balanced,13,13,1.0
cn7,lightgbm_balanced,extratrees,9,15,0.6
cn7,lightgbm_balanced,extratrees_balanced,5,13,0.38461538461538464
cn7,lightgbm_balanced,catboost,9,15,0.6
cn7,lightgbm_balanced,catboost_balanced,11,14,0.7857142857142857
cn7,lightgbm_balanced,lightgbm,7,13,0.5384615384615384
cn7,lightgbm_balanced,lightgbm_balanced,13,13,1.0
rg3,logistic,logistic,14,14,1.0
rg3,logistic,logistic_balanced,14,17,0.8235294117647058
rg3,logistic,xgboost,12,22,0.5454545454545454
rg3,logistic,xgboost_balanced,12,25,0.48
rg3,logistic,extratrees,11,21,0.5238095238095238
rg3,logistic,extratrees_balanced,14,25,0.56
rg3,logistic,catboost,10,16,0.625
rg3,logistic,catboost_balanced,12,25,0.48
rg3,logistic,lightgbm,14,23,0.6086956521739131
rg3,logistic,lightgbm_balanced,14,25,0.56
rg3,logistic_balanced,logistic,14,17,0.8235294117647058
rg3,logistic_balanced,logistic_balanced,17,17,1.0
rg3,logistic_balanced,xgboost,14,23,0.6086956521739131
rg3,logistic_balanced,xgboost_balanced,15,25,0.6
rg3,logistic_balanced,extratrees,14,21,0.6666666666666666
rg3,logistic_balanced,extratrees_balanced,17,25,0.68
rg3,logistic_balanced,catboost,12,17,0.7058823529411765
rg3,logistic_balanced,catboost_balanced,15,25,0.6
rg3,logistic_balanced,lightgbm,17,23,0.7391304347826086
rg3,logistic_balanced,lightgbm_balanced,17,25,0.68
rg3,xgboost,logistic,12,22,0.5454545454545454
rg3,xgboost,logistic_balanced,14,23,0.6086956521739131
rg3,xgboost,xgboost,20,20,1.0
rg3,xgboost,xgboost_balanced,18,25,0.72
rg3,xgboost,extratrees,15,23,0.6521739130434783
rg3,xgboost,extratrees_balanced,20,25,0.8
rg3,xgboost,catboost,10,22,0.45454545454545453
rg3,xgboost,catboost_balanced,18,25,0.72
rg3,xgboost,lightgbm,20,23,0.8695652173913043
rg3,xgboost,lightgbm_balanced,20,25,0.8
rg3,xgboost_balanced,logistic,12,25,0.48
rg3,xgboost_balanced,logistic_balanced,15,25,0.6
rg3,xgboost_balanced,xgboost,18,25,0.72
rg3,xgboost_balanced,xgboost_balanced,23,23,1.0
rg3,xgboost_balanced,extratrees,16,25,0.64
rg3,xgboost_balanced,extratrees_balanced,23,25,0.92
rg3,xgboost_balanced,catboost,11,24,0.4583333333333333
rg3,xgboost_balanced,catboost_balanced,23,23,1.0
rg3,xgboost_balanced,lightgbm,21,25,0.84
rg3,xgboost_balanced,lightgbm_balanced,23,25,0.92
rg3,extratrees,logistic,11,21,0.5238095238095238
rg3,extratrees,logistic_balanced,14,21,0.6666666666666666
rg3,extratrees,xgboost,15,23,0.6521739130434783
rg3,extratrees,xgboost_balanced,16,25,0.64
rg3,extratrees,extratrees,18,18,1.0
rg3,extratrees,extratrees_balanced,18,25,0.72
rg3,extratrees,catboost,11,19,0.5789473684210527
rg3,extratrees,catboost_balanced,16,25,0.64
rg3,extratrees,lightgbm,17,24,0.7083333333333334
rg3,extratrees,lightgbm_balanced,18,25,0.72
rg3,extratrees_balanced,logistic,14,25,0.56
rg3,extratrees_balanced,logistic_balanced,17,25,0.68
rg3,extratrees_balanced,xgboost,20,25,0.8
rg3,extratrees_balanced,xgboost_balanced,23,25,0.92
rg3,extratrees_balanced,extratrees,18,25,0.72
rg3,extratrees_balanced,extratrees_balanced,25,25,1.0
rg3,extratrees_balanced,catboost,12,25,0.48
rg3,extratrees_balanced,catboost_balanced,23,25,0.92
rg3,extratrees_balanced,lightgbm,23,25,0.92
rg3,extratrees_balanced,lightgbm_balanced,25,25,1.0
rg3,catboost,logistic,10,16,0.625
rg3,catboost,logistic_balanced,12,17,0.7058823529411765
rg3,catboost,xgboost,10,22,0.45454545454545453
rg3,catboost,xgboost_balanced,11,24,0.4583333333333333
rg3,catboost,extratrees,11,19,0.5789473684210527
rg3,catboost,extratrees_balanced,12,25,0.48
rg3,catboost,catboost,12,12,1.0
rg3,catboost,catboost_balanced,11,24,0.4583333333333333
rg3,catboost,lightgbm,12,23,0.5217391304347826
rg3,catboost,lightgbm_balanced,12,25,0.48
rg3,catboost_balanced,logistic,12,25,0.48
rg3,catboost_balanced,logistic_balanced,15,25,0.6
rg3,catboost_balanced,xgboost,18,25,0.72
rg3,catboost_balanced,xgboost_balanced,23,23,1.0
rg3,catboost_balanced,extratrees,16,25,0.64
rg3,catboost_balanced,extratrees_balanced,23,25,0.92
rg3,catboost_balanced,catboost,11,24,0.4583333333333333
rg3,catboost_balanced,catboost_balanced,23,23,1.0
rg3,catboost_balanced,lightgbm,21,25,0.84
rg3,catboost_balanced,lightgbm_balanced,23,25,0.92
rg3,lightgbm,logistic,14,23,0.6086956521739131
rg3,lightgbm,logistic_balanced,17,23,0.7391304347826086
rg3,lightgbm,xgboost,20,23,0.8695652173913043
rg3,lightgbm,xgboost_balanced,21,25,0.84
rg3,lightgbm,extratrees,17,24,0.7083333333333334
rg3,lightgbm,extratrees_balanced,23,25,0.92
rg3,lightgbm,catboost,12,23,0.5217391304347826
rg3,lightgbm,catboost_balanced,21,25,0.84
rg3,lightgbm,lightgbm,23,23,1.0
rg3,lightgbm,lightgbm_balanced,23,25,0.92
rg3,lightgbm_balanced,logistic,14,25,0.56
rg3,lightgbm_balanced,logistic_balanced,17,25,0.68
rg3,lightgbm_balanced,xgboost,20,25,0.8
rg3,lightgbm_balanced,xgboost_balanced,23,25,0.92
rg3,lightgbm_balanced,extratrees,18,25,0.72
rg3,lightgbm_balanced,extratrees_balanced,25,25,1.0
rg3,lightgbm_balanced,catboost,12,25,0.48
rg3,lightgbm_balanced,catboost_balanced,23,25,0.92
rg3,lightgbm_balanced,lightgbm,23,25,0.92
rg3,lightgbm_balanced,lightgbm_balanced,25,25,1.0
