,Injection_Time,Filling_Time,Plasticizing_Time,Cycle_Time,Clamp_Close_Time,Cushion_Position,Plasticizing_Position,Max_Injection_Speed,Max_Screw_RPM,Average_Screw_RPM,Max_Injection_Pressure,Max_Switch_Over_Pressure,Max_Back_Pressure,Average_Back_Pressure,Barrel_Temperature_1,Barrel_Temperature_2,Barrel_Temperature_3,Barrel_Temperature_4,Barrel_Temperature_5,Barrel_Temperature_6,Hopper_Temperature,Mold_Temperature_3,Mold_Temperature_4
Injection_Time,1.0,0.11305389598923059,-0.10248326115069104,-0.03261794405147148,-0.15586680134445,0.18799831695686312,0.05122763721829711,-0.23328975583941397,0.0001653580053004456,-0.03466198497711079,0.27377821788832396,0.13059213191912702,0.1559294000561057,0.15816972026123527,0.08081427017842706,0.024348090296510527,0.022295176065224586,0.03969136808205438,0.008225496147559356,-0.024773953875996804,-0.07455458140566398,0.13151339508301083,0.15195134001552588
Filling_Time,0.11305389598923059,1.0,-0.35545333958521597,-0.015179638200795072,-0.3734444628522971,-0.7370846890368843,0.26391795556214265,-0.7499085906983178,-0.018608569262520455,-0.10638366425512652,0.7747700503089624,0.41450563848367483,0.6386220665658033,0.6252556696886128,0.011094353661683648,0.042942252677769084,0.024977285868584463,0.17657490406977913,-0.1045577880069244,-0.08232979225837854,-0.36505915451837345,0.3488049986413522,0.43048290467435135
Plasticizing_Time,-0.10248326115069104,-0.35545333958521597,1.0,-0.008024955455024275,0.3680717474542167,0.36598290500793745,-0.11268335718145739,0.49198157885309923,0.054816867021028684,0.2976664932262773,-0.2848529579016896,-0.2192651141468634,-0.43448457173469407,-0.549768429462738,0.0014556437245042636,0.023076138789279173,-0.08436022534958074,-0.2701522279456845,0.04250760241234817,-0.03621455961676658,0.24017171024458595,-0.532054513167624,-0.5905938649957848
Cycle_Time,-0.03261794405147148,-0.015179638200795072,-0.008024955455024275,1.0,0.08597175766349,0.019196810601202687,-0.02902176516701459,0.06395858223521984,0.04280035429982721,0.05100628733442478,-0.027328385870675473,-0.03750221499154253,0.014777171453962066,-0.005808113896479014,-0.10746107737870056,0.032763430037160285,-0.08229101217399531,0.01453563748630381,-0.008606448829845363,0.0014402098066206214,-0.0004031872461851685,-0.070591829696004,-0.07921307483518632
Clamp_Close_Time,-0.15586680134445,-0.3734444628522971,0.3680717474542167,0.08597175766349,1.0,0.45398332043526823,-0.594698400653881,0.5632736601564687,-0.012321642505028216,0.16587647990860688,-0.40164995229371914,-0.3528259526190963,-0.43681291862194255,-0.48484115599332933,0.01385570537682652,0.045630803066771676,-0.008924889131169076,0.0110952783851464,-0.003616820553507313,-0.03307182082023128,0.4500045884684289,-0.3599830947467344,-0.5113431811230942
Cushion_Position,0.18799831695686312,-0.7370846890368843,0.36598290500793745,0.019196810601202687,0.45398332043526823,1.0,-0.37536781931558844,0.8005425162647003,0.008136965279583635,0.09048917666194398,-0.7633374512555278,-0.5004049385294443,-0.6702542308521068,-0.6552659892318613,0.027178257911398843,0.01925168890745854,0.02795098906890809,-0.1245582298758815,0.11543350324656375,0.07284659493162321,0.412309730762911,-0.3324283904582103,-0.4338518425151989
Plasticizing_Position,0.05122763721829711,0.26391795556214265,-0.11268335718145739,-0.02902176516701459,-0.594698400653881,-0.37536781931558844,1.0,-0.42150602610781246,0.047259768905029476,-0.014281088504305988,0.3738593464852741,0.26879894949072874,0.35570597493864026,0.36561166282871366,-0.020488337549125372,-0.02433578448609941,-0.0048715000371885794,0.05775031541422517,-0.0009651474424439561,-0.13671792215822778,-0.4111090372207474,0.059163112861312595,0.19395230401808264
Max_Injection_Speed,-0.23328975583941397,-0.7499085906983178,0.49198157885309923,0.06395858223521984,0.5632736601564687,0.8005425162647003,-0.42150602610781246,1.0,0.0009512393295973071,0.17466782029312886,-0.8237682149945122,-0.5596806619353244,-0.7325322664772551,-0.7504763609135149,-0.03212422774328426,0.02447297731756723,-0.0036115968821141447,-0.14682339718464998,0.08977940567509508,0.06883526451274914,0.5323801888001632,-0.40466228100081253,-0.5347900377690885
Max_Screw_RPM,0.0001653580053004456,-0.018608569262520455,0.054816867021028684,0.04280035429982721,-0.012321642505028216,0.008136965279583635,0.047259768905029476,0.0009512393295973071,1.0,-0.057042380906030435,0.01702352960270119,-0.02071943349778107,-0.025314730529508157,-0.05332896722453702,0.01083901597902796,0.0022686297258951394,0.037018986261730454,-0.04297299699404233,0.0030243084179567216,0.001446708513645769,0.05382961957505621,0.00985827741654572,0.002470920441147025
Average_Screw_RPM,-0.03466198497711079,-0.10638366425512652,0.2976664932262773,0.05100628733442478,0.16587647990860688,0.09048917666194398,-0.014281088504305988,0.17466782029312886,-0.057042380906030435,1.0,-0.08350671324853227,-0.05230518284240547,-0.06292372015997329,-0.31878026025644124,-0.0921535622422891,0.07276866684641062,-0.03768327835960277,-0.003463500039340335,-0.04072609088923833,-0.023818746826988545,0.005805651119067668,-0.352938305041774,-0.36071432319908375
Max_Injection_Pressure,0.27377821788832396,0.7747700503089624,-0.2848529579016896,-0.027328385870675473,-0.40164995229371914,-0.7633374512555278,0.3738593464852741,-0.8237682149945122,0.01702352960270119,-0.08350671324853227,1.0,0.4817000893773035,0.6706580599506189,0.6561747987195264,0.04209862599830282,-0.009863197484859932,-0.011150957694971349,0.16941003234255383,-0.10501132919441984,-0.15395021974549275,-0.38885687851916895,0.28951828833526083,0.3833851901866057
Max_Switch_Over_Pressure,0.13059213191912702,0.41450563848367483,-0.2192651141468634,-0.03750221499154253,-0.3528259526190963,-0.5004049385294443,0.26879894949072874,-0.5596806619353244,-0.02071943349778107,-0.05230518284240547,0.4817000893773035,1.0,0.501214530234334,0.47850902209228935,0.05516294847087084,0.030592161247107872,-0.007927982735686264,0.1243347694518152,-0.10888862771371735,-0.04211271174148011,-0.3548168841443676,0.14001273379334112,0.2304663940835233
Max_Back_Pressure,0.1559294000561057,0.6386220665658033,-0.43448457173469407,0.014777171453962066,-0.43681291862194255,-0.6702542308521068,0.35570597493864026,-0.7325322664772551,-0.025314730529508157,-0.06292372015997329,0.6706580599506189,0.501214530234334,1.0,0.9412799171111103,-0.03404215814880697,-0.03249611934833241,0.08410519864641916,0.5702561968406205,-0.09438801660838066,-0.03431385730695576,-0.4451847367297488,0.2650557079345801,0.37074553541820754
Average_Back_Pressure,0.15816972026123527,0.6252556696886128,-0.549768429462738,-0.005808113896479014,-0.48484115599332933,-0.6552659892318613,0.36561166282871366,-0.7504763609135149,-0.05332896722453702,-0.31878026025644124,0.6561747987195264,0.47850902209228935,0.9412799171111103,1.0,-0.004114363610074527,-0.03617080034941813,0.09194378646079772,0.5222822269965974,-0.0678276032693158,-0.013775682326734694,-0.44599413742179844,0.3933067838373206,0.5002980787609542
Barrel_Temperature_1,0.08081427017842706,0.011094353661683648,0.0014556437245042636,-0.10746107737870056,0.01385570537682652,0.027178257911398843,-0.020488337549125372,-0.03212422774328426,0.01083901597902796,-0.0921535622422891,0.04209862599830282,0.05516294847087084,-0.03404215814880697,-0.004114363610074527,1.0,-0.03674224948004799,0.3842977165985996,-0.07400558100688293,0.029680294203569435,0.234423327720356,0.023440498609959746,0.06170917942860263,0.05471694986768284
Barrel_Temperature_2,0.024348090296510527,0.042942252677769084,0.023076138789279173,0.032763430037160285,0.045630803066771676,0.01925168890745854,-0.02433578448609941,0.02447297731756723,0.0022686297258951394,0.07276866684641062,-0.009863197484859932,0.030592161247107872,-0.03249611934833241,-0.03617080034941813,-0.03674224948004799,1.0,-0.05030554447854074,-0.03789196063548862,-0.008966035263494375,-0.040150381055495746,0.07160994169032849,0.05516472570811303,0.03715861456967604
Barrel_Temperature_3,0.022295176065224586,0.024977285868584463,-0.08436022534958074,-0.08229101217399531,-0.008924889131169076,0.02795098906890809,-0.0048715000371885794,-0.0036115968821141447,0.037018986261730454,-0.03768327835960277,-0.011150957694971349,-0.007927982735686264,0.08410519864641916,0.09194378646079772,0.3842977165985996,-0.05030554447854074,1.0,0.16892293483345155,0.12251392325758395,0.1414495027927956,0.035329283910580975,0.05607471723214549,0.04557668661207009
Barrel_Temperature_4,0.03969136808205438,0.17657490406977913,-0.2701522279456845,0.01453563748630381,0.0110952783851464,-0.1245582298758815,0.05775031541422517,-0.14682339718464998,-0.04297299699404233,-0.003463500039340335,0.16941003234255383,0.1243347694518152,0.5702561968406205,0.5222822269965974,-0.07400558100688293,-0.03789196063548862,0.16892293483345155,1.0,-0.12241296574122765,-0.06268378256060539,0.03339454742944428,0.027661550209652164,0.02351239549094089
Barrel_Temperature_5,0.008225496147559356,-0.1045577880069244,0.04250760241234817,-0.008606448829845363,-0.003616820553507313,0.11543350324656375,-0.0009651474424439561,0.08977940567509508,0.0030243084179567216,-0.04072609088923833,-0.10501132919441984,-0.10888862771371735,-0.09438801660838066,-0.0678276032693158,0.029680294203569435,-0.008966035263494375,0.12251392325758395,-0.12241296574122765,1.0,-0.019858361708322614,0.02267791376888633,0.05220428168948433,0.05105922181589577
Barrel_Temperature_6,-0.024773953875996804,-0.08232979225837854,-0.03621455961676658,0.0014402098066206214,-0.03307182082023128,0.07284659493162321,-0.13671792215822778,0.06883526451274914,0.001446708513645769,-0.023818746826988545,-0.15395021974549275,-0.04211271174148011,-0.03431385730695576,-0.013775682326734694,0.234423327720356,-0.040150381055495746,0.1414495027927956,-0.06268378256060539,-0.019858361708322614,1.0,0.02768467369824107,0.11537675575057699,0.10590752795645285
Hopper_Temperature,-0.07455458140566398,-0.36505915451837345,0.24017171024458595,-0.0004031872461851685,0.4500045884684289,0.412309730762911,-0.4111090372207474,0.5323801888001632,0.05382961957505621,0.005805651119067668,-0.38885687851916895,-0.3548168841443676,-0.4451847367297488,-0.44599413742179844,0.023440498609959746,0.07160994169032849,0.035329283910580975,0.03339454742944428,0.02267791376888633,0.02768467369824107,1.0,0.11199610607179203,-0.062259028822169375
Mold_Temperature_3,0.13151339508301083,0.3488049986413522,-0.532054513167624,-0.070591829696004,-0.3599830947467344,-0.3324283904582103,0.059163112861312595,-0.40466228100081253,0.00985827741654572,-0.352938305041774,0.28951828833526083,0.14001273379334112,0.2650557079345801,0.3933067838373206,0.06170917942860263,0.05516472570811303,0.05607471723214549,0.027661550209652164,0.05220428168948433,0.11537675575057699,0.11199610607179203,1.0,0.9736475896479386
Mold_Temperature_4,0.15195134001552588,0.43048290467435135,-0.5905938649957848,-0.07921307483518632,-0.5113431811230942,-0.4338518425151989,0.19395230401808264,-0.5347900377690885,0.002470920441147025,-0.36071432319908375,0.3833851901866057,0.2304663940835233,0.37074553541820754,0.5002980787609542,0.05471694986768284,0.03715861456967604,0.04557668661207009,0.02351239549094089,0.05105922181589577,0.10590752795645285,-0.062259028822169375,0.9736475896479386,1.0
