,Injection_Time,Filling_Time,Plasticizing_Time,Cycle_Time,Clamp_Close_Time,Cushion_Position,Switch_Over_Position,Plasticizing_Position,Clamp_Open_Position,Max_Injection_Speed,Max_Screw_RPM,Average_Screw_RPM,Max_Injection_Pressure,Max_Switch_Over_Pressure,Max_Back_Pressure,Average_Back_Pressure,Barrel_Temperature_1,Barrel_Temperature_2,Barrel_Temperature_3,Barrel_Temperature_4,Barrel_Temperature_5,Barrel_Temperature_6,Barrel_Temperature_7,Hopper_Temperature,Mold_Temperature_1,Mold_Temperature_2,Mold_Temperature_3,Mold_Temperature_4,Mold_Temperature_5,Mold_Temperature_6,Mold_Temperature_7,Mold_Temperature_8,Mold_Temperature_9,Mold_Temperature_10,Mold_Temperature_11,Mold_Temperature_12
Injection_Time,1.0,0.9601165752878617,-0.3805774063891006,0.8112020196089488,-0.3892960919063999,0.23417141521489832,,0.45365084327252675,-0.12267193033483145,-0.8231275991591058,0.022417538772395457,0.020551007506503276,0.7906825239295828,0.7864477349608389,0.322871110325586,0.5101041856741573,0.006046749906547823,0.029998855309884182,-0.025430579934499604,0.00034564820884032166,-0.0499687535463955,-0.045913744273471634,,-0.524146095338288,,,-0.04058854051575303,0.09491465646159972,,,,,,,,
Filling_Time,0.9601165752878617,1.0,-0.4054721107749527,0.783432227338644,-0.35112315400192395,0.20290065368221843,,0.48780545009082654,0.12292284391021054,-0.8488405023855673,0.05389066455763495,0.02493102032826585,0.7581970381897501,0.8138868933031836,0.35356916663239707,0.5391846879333663,0.04270511501449703,0.05609443113365846,0.010110432481131085,0.03125387445726845,-0.019240163614074657,-0.008291144107011244,,-0.4909870161270405,,,-0.011077992449879611,0.09868613626953897,,,,,,,,
Plasticizing_Time,-0.3805774063891006,-0.4054721107749527,1.0,-0.26659942132399866,0.5987633664867663,-0.5669804008829682,,0.42995794961160644,-0.122419761574037,0.738150067085694,0.19164143455397298,0.7236060952721388,-0.6352215127619039,-0.25093980776667796,-0.04010001352357109,-0.4324697296660227,0.01913219799274326,-0.009504140239272275,-0.013628697737030506,-0.12896169769809496,-0.030084682209756096,0.03869335993444255,,0.810586277958712,,,0.5887035833451502,0.47158513929464474,,,,,,,,
Cycle_Time,0.8112020196089488,0.783432227338644,-0.26659942132399866,1.0,-0.194278777130769,0.2093468559160615,,0.4569522597379622,-0.12949525630247438,-0.6280597274447768,-0.00956362156820199,0.08023001052267574,0.6175994673395215,0.6200561579889724,0.2766392244750536,0.41539571520206686,-0.011022327497454475,-0.0029361467884860587,-0.007140256035186669,0.15507137840226468,-0.057050249167940076,-0.02100640899691448,,-0.4097537293655182,,,-0.03372576792324536,0.06926668037273563,,,,,,,,
Clamp_Close_Time,-0.3892960919063999,-0.35112315400192395,0.5987633664867663,-0.194278777130769,1.0,-0.24257172490995454,,0.29848858925565,0.14084951268585622,0.57404952055678,-0.03829060267559753,0.4600155085230543,-0.5410029237934122,-0.25505672988680794,-0.13646734787703357,-0.40799729201325413,0.03473334145456301,-0.039565723600685825,0.005940554970470065,-0.009032902723826366,-0.015223416224063238,0.039449103796751296,,0.507483426212361,,,0.21469993605937407,0.06229445085621232,,,,,,,,
Cushion_Position,0.23417141521489832,0.20290065368221843,-0.5669804008829682,0.2093468559160615,-0.24257172490995454,1.0,,-0.28849544030751295,-0.12619376878391053,-0.33242707022405454,-0.5420375909661552,-0.46102907237028995,0.49444117824066486,0.10327777375783012,-0.14023662770088557,0.07857428807098717,-0.055194397469420765,-0.042081767761169835,-0.051299625175969914,0.014813092474078596,-0.0223391864643175,-0.02073492105073035,,-0.45250118670028533,,,-0.5403499876017763,-0.509743652275006,,,,,,,,
Switch_Over_Position,,,,,,,,,,,,,,,,,,,,,,,,,,,,,,,,,,,,
Plasticizing_Position,0.45365084327252675,0.48780545009082654,0.42995794961160644,0.4569522597379622,0.29848858925565,-0.28849544030751295,,1.0,0.12292348494302392,-0.07835193970506953,0.18974002300921422,0.6820746856289452,-0.015153682101286215,0.33542503854404127,0.03971846101046502,-0.07659531227340985,0.05880912708440029,0.010844473385536915,0.053082309442435305,0.023531867479065337,-0.01162080243764634,-0.02040266345437679,,0.18540429159628022,,,0.5495712771975388,0.5330251907964961,,,,,,,,
Clamp_Open_Position,-0.12267193033483145,0.12292284391021054,-0.122419761574037,-0.12949525630247438,0.14084951268585622,-0.12619376878391053,,0.12292348494302392,1.0,-0.12274879590880501,0.12156256321415639,-0.00948916074904657,-0.12533348692996446,0.12291194491459735,0.12280573764056314,0.12327592331082042,0.12281468018275345,0.12295084395197609,0.123712601256503,0.12259275633267512,0.12335251509592772,0.12390403949682928,,0.12255025847713412,,,0.11073035870648541,0.007215246652784334,,,,,,,,
Max_Injection_Speed,-0.8231275991591058,-0.8488405023855673,0.738150067085694,-0.6280597274447768,0.57404952055678,-0.33242707022405454,,-0.07835193970506953,-0.12274879590880501,1.0,0.03931003207517461,0.45079086085714515,-0.8056780988768745,-0.6889129639250796,-0.22514691103694895,-0.5548375090541738,-0.008560952797523766,-0.05189887636415806,-0.011317226964138094,-0.06200118004927441,0.002838521883766433,0.013355203897063106,,0.675250430286362,,,0.24740528676230708,0.10500068867334844,,,,,,,,
Max_Screw_RPM,0.022417538772395457,0.05389066455763495,0.19164143455397298,-0.00956362156820199,-0.03829060267559753,-0.5420375909661552,,0.18974002300921422,0.12156256321415639,0.03931003207517461,1.0,0.30975887570394633,-0.09385721270785241,-0.004087624924845576,0.3193004257620417,0.21906791362372388,0.06232141644637303,0.06393364118131646,0.03554144025824035,0.0023756653496647883,0.036464201521887854,-0.006304791469973057,,0.09500581947443099,,,0.22750460071346768,0.26328698307189713,,,,,,,,
Average_Screw_RPM,0.020551007506503276,0.02493102032826585,0.7236060952721388,0.08023001052267574,0.4600155085230543,-0.46102907237028995,,0.6820746856289452,-0.00948916074904657,0.45079086085714515,0.30975887570394633,1.0,-0.3351824460915538,0.013509859881797056,0.18715895429453908,-0.12126498932832225,0.03990960930933341,-0.005696230513063195,0.018974064171511915,-0.006576230511648865,-0.012171902333426224,0.0034809999527834062,,0.4437365499619748,,,0.510214928718195,0.44805838923357205,,,,,,,,
Max_Injection_Pressure,0.7906825239295828,0.7581970381897501,-0.6352215127619039,0.6175994673395215,-0.5410029237934122,0.49444117824066486,,-0.015153682101286215,-0.12533348692996446,-0.8056780988768745,-0.09385721270785241,-0.3351824460915538,1.0,0.6397313498416464,0.38373440930998987,0.6389475393784751,-0.0073603143998991075,0.03581187167974088,-0.04926254272892703,-0.052623130290770564,-0.03353118178236026,-0.02995882151577092,,-0.6397815316725328,,,-0.41915810005830983,-0.28165014630243124,,,,,,,,
Max_Switch_Over_Pressure,0.7864477349608389,0.8138868933031836,-0.25093980776667796,0.6200561579889724,-0.25505672988680794,0.10327777375783012,,0.33542503854404127,0.12291194491459735,-0.6889129639250796,-0.004087624924845576,0.013509859881797056,0.6397313498416464,1.0,0.4215817142222109,0.5160571325082606,0.030096161414896332,0.05865993901831064,-0.025153430585462034,-0.03695833034603417,-0.04911565038862134,0.042746950369342736,,-0.28213283671785594,,,0.019071849655632033,0.08732051592209522,,,,,,,,
Max_Back_Pressure,0.322871110325586,0.35356916663239707,-0.04010001352357109,0.2766392244750536,-0.13646734787703357,-0.14023662770088557,,0.03971846101046502,0.12280573764056314,-0.22514691103694895,0.3193004257620417,0.18715895429453908,0.38373440930998987,0.4215817142222109,1.0,0.8812657473666815,0.06241818359206117,0.0551137922792354,0.040239705537091976,0.27356395318225213,-0.01726803360495808,-0.0419272279229003,,-0.04503409727822029,,,-0.21602802223525497,-0.1839117056585123,,,,,,,,
Average_Back_Pressure,0.5101041856741573,0.5391846879333663,-0.4324697296660227,0.41539571520206686,-0.40799729201325413,0.07857428807098717,,-0.07659531227340985,0.12327592331082042,-0.5548375090541738,0.21906791362372388,-0.12126498932832225,0.6389475393784751,0.5160571325082606,0.8812657473666815,1.0,0.0399094049598531,0.06273729133324772,0.036350098433328336,0.2609326503353557,-0.0011883150655749109,-0.05281942087017933,,-0.3905002726118632,,,-0.3955160830417562,-0.3001700274832302,,,,,,,,
Barrel_Temperature_1,0.006046749906547823,0.04270511501449703,0.01913219799274326,-0.011022327497454475,0.03473334145456301,-0.055194397469420765,,0.05880912708440029,0.12281468018275345,-0.008560952797523766,0.06232141644637303,0.03990960930933341,-0.0073603143998991075,0.030096161414896332,0.06241818359206117,0.0399094049598531,1.0,-0.007441180714655329,0.29414004972523466,-0.036028618938544546,0.10460112794760372,0.07253730259007239,,0.020434700270435164,,,0.0460685839390272,0.03371533196628269,,,,,,,,
Barrel_Temperature_2,0.029998855309884182,0.05609443113365846,-0.009504140239272275,-0.0029361467884860587,-0.039565723600685825,-0.042081767761169835,,0.010844473385536915,0.12295084395197609,-0.05189887636415806,0.06393364118131646,-0.005696230513063195,0.03581187167974088,0.05865993901831064,0.0551137922792354,0.06273729133324772,-0.007441180714655329,1.0,0.0684209748204315,-0.025801269091835447,0.0196727158159656,-0.05787040191309974,,0.033754385019301426,,,0.011159428693675802,0.007897800961339912,,,,,,,,
Barrel_Temperature_3,-0.025430579934499604,0.010110432481131085,-0.013628697737030506,-0.007140256035186669,0.005940554970470065,-0.051299625175969914,,0.053082309442435305,0.123712601256503,-0.011317226964138094,0.03554144025824035,0.018974064171511915,-0.04926254272892703,-0.025153430585462034,0.040239705537091976,0.036350098433328336,0.29414004972523466,0.0684209748204315,1.0,0.14210167786706243,0.1291103161622902,0.07601792473669608,,0.010545097823345036,,,0.0497110728418236,0.03720117898191863,,,,,,,,
Barrel_Temperature_4,0.00034564820884032166,0.03125387445726845,-0.12896169769809496,0.15507137840226468,-0.009032902723826366,0.014813092474078596,,0.023531867479065337,0.12259275633267512,-0.06200118004927441,0.0023756653496647883,-0.006576230511648865,-0.052623130290770564,-0.03695833034603417,0.27356395318225213,0.2609326503353557,-0.036028618938544546,-0.025801269091835447,0.14210167786706243,1.0,-0.05884774132146781,-0.0341505221497679,,-0.0036648322858027966,,,0.009791064538770065,0.009262845883673113,,,,,,,,
Barrel_Temperature_5,-0.0499687535463955,-0.019240163614074657,-0.030084682209756096,-0.057050249167940076,-0.015223416224063238,-0.0223391864643175,,-0.01162080243764634,0.12335251509592772,0.002838521883766433,0.036464201521887854,-0.012171902333426224,-0.03353118178236026,-0.04911565038862134,-0.01726803360495808,-0.0011883150655749109,0.10460112794760372,0.0196727158159656,0.1291103161622902,-0.05884774132146781,1.0,0.003767278140791848,,-0.012939333211483292,,,-0.010914324207862479,-0.027308616754419892,,,,,,,,
Barrel_Temperature_6,-0.045913744273471634,-0.008291144107011244,0.03869335993444255,-0.02100640899691448,0.039449103796751296,-0.02073492105073035,,-0.02040266345437679,0.12390403949682928,0.013355203897063106,-0.006304791469973057,0.0034809999527834062,-0.02995882151577092,0.042746950369342736,-0.0419272279229003,-0.05281942087017933,0.07253730259007239,-0.05787040191309974,0.07601792473669608,-0.0341505221497679,0.003767278140791848,1.0,,0.04453558623937238,,,0.05026830833928342,0.03383190940711538,,,,,,,,
Barrel_Temperature_7,,,,,,,,,,,,,,,,,,,,,,,,,,,,,,,,,,,,
Hopper_Temperature,-0.524146095338288,-0.4909870161270405,0.810586277958712,-0.4097537293655182,0.507483426212361,-0.45250118670028533,,0.18540429159628022,0.12255025847713412,0.675250430286362,0.09500581947443099,0.4437365499619748,-0.6397815316725328,-0.28213283671785594,-0.04503409727822029,-0.3905002726118632,0.020434700270435164,0.033754385019301426,0.010545097823345036,-0.0036648322858027966,-0.012939333211483292,0.04453558623937238,,1.0,,,0.5380849322308635,0.39854117479529133,,,,,,,,
Mold_Temperature_1,,,,,,,,,,,,,,,,,,,,,,,,,,,,,,,,,,,,
Mold_Temperature_2,,,,,,,,,,,,,,,,,,,,,,,,,,,,,,,,,,,,
Mold_Temperature_3,-0.04058854051575303,-0.011077992449879611,0.5887035833451502,-0.03372576792324536,0.21469993605937407,-0.5403499876017763,,0.5495712771975388,0.11073035870648541,0.24740528676230708,0.22750460071346768,0.510214928718195,-0.41915810005830983,0.019071849655632033,-0.21602802223525497,-0.3955160830417562,0.0460685839390272,0.011159428693675802,0.0497110728418236,0.009791064538770065,-0.010914324207862479,0.05026830833928342,,0.5380849322308635,,,1.0,0.9639041738960715,,,,,,,,
Mold_Temperature_4,0.09491465646159972,0.09868613626953897,0.47158513929464474,0.06926668037273563,0.06229445085621232,-0.509743652275006,,0.5330251907964961,0.007215246652784334,0.10500068867334844,0.26328698307189713,0.44805838923357205,-0.28165014630243124,0.08732051592209522,-0.1839117056585123,-0.3001700274832302,0.03371533196628269,0.007897800961339912,0.03720117898191863,0.009262845883673113,-0.027308616754419892,0.03383190940711538,,0.39854117479529133,,,0.9639041738960715,1.0,,,,,,,,
Mold_Temperature_5,,,,,,,,,,,,,,,,,,,,,,,,,,,,,,,,,,,,
Mold_Temperature_6,,,,,,,,,,,,,,,,,,,,,,,,,,,,,,,,,,,,
Mold_Temperature_7,,,,,,,,,,,,,,,,,,,,,,,,,,,,,,,,,,,,
Mold_Temperature_8,,,,,,,,,,,,,,,,,,,,,,,,,,,,,,,,,,,,
Mold_Temperature_9,,,,,,,,,,,,,,,,,,,,,,,,,,,,,,,,,,,,
Mold_Temperature_10,,,,,,,,,,,,,,,,,,,,,,,,,,,,,,,,,,,,
Mold_Temperature_11,,,,,,,,,,,,,,,,,,,,,,,,,,,,,,,,,,,,
Mold_Temperature_12,,,,,,,,,,,,,,,,,,,,,,,,,,,,,,,,,,,,
